podan9623@gmail.com	:	Zzxcvbnm	:	podan962339@outlook.com
dancyj065@gmail.com	:	Zzxcvbnm	:	dancyj06539@outlook.com
podan404@gmail.com	:	Zzxcvbnm	:	podan40439@outlook.com
jasondancy49@gmail.com	:	Zzxcvbnm	:	jasondancy4939@outlook.com
vincojason768@gmail.com	:	Zzxcvbnm	:	vincojason76839@outlook.com
jasondancy545@gmail.com	:	Zzxcvbnm	:	jasondancy54539@outlook.com
dancyj963@gmail.com	:	Zzxcvbnm	:	dancyj96339@outlook.com
apodan9@gmail.com	:	Zzxcvbnm	:	apodan939@outlook.com
arsonpodan210@gmail.com	:	Zzxcvbnm	:	arsonpodan21039@outlook.com
podanjason549@gmail.com	:	Zzxcvbnm	:	podanjason54939@outlook.com
podana985@gmail.com	:	Zzxcvbnm	:	podana98539@outlook.com
jasonfancy038@gmail.com	:	Zzxcvbnm	:	jasonfancy03839@outlook.com
podanarson311@gmail.com	:	Zzxcvbnm	:	podanarson31139@outlook.com
podana00@gmail.com	:	Zzxcvbnm	:	podana0039@outlook.com
jasonresa8@gmail.com	:	Zzxcvbnm	:	jasonresa839@outlook.com
dancyjason336@gmail.com	:	Zzxcvbnm	:	dancyjason33639@outlook.com
podan3064@gmail.com	:	Zzxcvbnm	:	podan306439@outlook.com
jasondancy76@gmail.com	:	Zzxcvbnm	:	jasondancy7639@outlook.com
podanarson640@gmail.com	:	Zzxcvbnm	:	podanarson64039@outlook.com
dancy0082@gmail.com	:	Zzxcvbnm	:	dancy008239@outlook.com
jasondancy053@gmail.com	:	Zzxcvbnm	:	jasondancy05339@outlook.com
apodan212@gmail.com	:	Zzxcvbnm	:	apodan21239@outlook.com
jpodan449@gmail.com	:	Zzxcvbnm	:	jpodan44939@outlook.com
dancy405@gmail.com	:	Zzxcvbnm	:	dancy40539@outlook.com
dj7630143@gmail.com	:	Zzxcvbnm	:	dj763014339@outlook.com
vincojason49@gmail.com	:	Zzxcvbnm	:	vincojason4939@outlook.com
arson4832@gmail.com	:	Zzxcvbnm	:	arson483239@outlook.com
fancyjason765@gmail.com	:	Zzxcvbnm	:	fancyjason76539@outlook.com
jasonlaxce82@gmail.com	:	Zzxcvbnm	:	jasonlaxce8239@outlook.com
vincojason97@gmail.com	:	Zzxcvbnm	:	vincojason9739@outlook.com
vincoj216@gmail.com	:	Zzxcvbnm	:	vincoj21639@outlook.com
vincoj10@gmail.com	:	Zzxcvbnm	:	vincoj1039@outlook.com
jdancy630@gmail.com	:	Zzxcvbnm	:	jdancy63039@outlook.com
dj5581860@gmail.com	:	Zzxcvbnm	:	dj558186039@outlook.com
dancyj399@gmail.com	:	Zzxcvbnm	:	dancyj39939@outlook.com
podana515@gmail.com	:	Zzxcvbnm	:	podana51539@outlook.com
fancyjason589@gmail.com	:	Zzxcvbnm	:	fancyjason58939@outlook.com
dancyarson936@gmail.com	:	Zzxcvbnm	:	dancyarson93639@outlook.com
podan364@gmail.com	:	Zzxcvbnm	:	podan36439@outlook.com
apodan508@gmail.com	:	Zzxcvbnm	:	apodan50839@outlook.com
jasonlaxce559@gmail.com	:	Zzxcvbnm	:	jasonlaxce55939@outlook.com
quinjason00@gmail.com	:	Zzxcvbnm	:	quinjason0039@outlook.com
apodan164@gmail.com	:	Zzxcvbnm	:	apodan16439@outlook.com
jasonarson90@gmail.com	:	Zzxcvbnm	:	jasonarson9039@outlook.com
arsonresa413@gmail.com	:	Zzxcvbnm	:	arsonresa41339@outlook.com
revarajurna8@gmail.com	:	Zzxcvbnm	:	revarajurna839@outlook.com
ajmirhossane210@gmail.com	:	shihab1234	:	ajmirhossane21012@outlook.com
lamiakhatune24@gmail.com	:	shihab1234	:	lamiakhatune2412@outlook.com
hopytgopas@gmail.com	:	sh33355sh	:	hopytgopas12@outlook.com
tagopasrpo@gmail.com	:	sh33355sh	:	tagopasrpo12@outlook.com
bptipretdavjcx@gmail.com	:	sh33355sh	:	bptipretdavjcx12@outlook.com
batoprefasopr@gmail.com	:	sh33355sh	:	batoprefasopr12@outlook.com
hupiremokfase@gmail.com	:	sh33355sh	:	hupiremokfase12@outlook.com
dorasukolare@gmail.com	:	sh33355sh	:	dorasukolare12@outlook.com
nokpasibesagi@gmail.com	:	sh33355sh	:	nokpasibesagi12@outlook.com
chkoparbuhasik@gmail.com	:	sh33355sh	:	chkoparbuhasik12@outlook.com
hupastrasitfa@gmail.com	:	sh33355sh	:	hupastrasitfa12@outlook.com
dopsarfasiphf@gmail.com	:	sh33355sh	:	dopsarfasiphf12@outlook.com
asrthadaser@gmail.com	:	sh33355sh	:	asrthadaser12@outlook.com
kiranotalliko@gmail.com	:	sh33355sh	:	kiranotalliko12@outlook.com
emasonsopasi@gmail.com	:	sh33355sh	:	emasonsopasi12@outlook.com
telaforgopkir@gmail.com	:	sh33355sh	:	telaforgopkir12@outlook.com
verajikbijokla@gmail.com	:	sh33355sh	:	verajikbijokla12@outlook.com
deharajasimon@gmail.com	:	sh33355sh	:	deharajasimon12@outlook.com
satardehaser@gmail.com	:	sh33355sh	:	satardehaser12@outlook.com
bokitamlasab@gmail.com	:	sh33355sh	:	bokitamlasab12@outlook.com
zopasuhicolasu@gmail.com	:	sh33355sh	:	zopasuhicolasu12@outlook.com
sizihaedrpkora@gmail.com	:	sh33355sh	:	sizihaedrpkora12@outlook.com
kasijovasrea@gmail.com	:	sh33355sh	:	kasijovasrea12@outlook.com
moleasnopar@gmail.com	:	sh33355sh	:	moleasnopar12@outlook.com
nahifabokops@gmail.com	:	sh33355sh	:	nahifabokops12@outlook.com
mokpaslasuni@gmail.com	:	sh33355sh	:	mokpaslasuni12@outlook.com
bsapoyvwqase@gmail.com	:	sh33355sh	:	bsapoyvwqase12@outlook.com
pikijasmdfare@gmail.com	:	sh33355sh	:	pikijasmdfare12@outlook.com
poteasanarepo@gmail.com	:	sh33355sh	:	poteasanarepo12@outlook.com
dasilahikote@gmail.com	:	sh33355sh	:	dasilahikote12@outlook.com
masupohasup@gmail.com	:	sh33355sh	:	masupohasup12@outlook.com
yozimkhanms@gmail.com	:	sh33355sh	:	yozimkhanms12@outlook.com
mostakbisas@gmail.com	:	sh33355sh	:	mostakbisas12@outlook.com
astaklabopaser@gmail.com	:	sh33355sh	:	astaklabopaser12@outlook.com
lasafaerkhanv@gmail.com	:	sh33355sh	:	lasafaerkhanv12@outlook.com
nasuerdasim@gmail.com	:	sh33355sh	:	nasuerdasim12@outlook.com
bosarnasiar@gmail.com	:	sh33355sh	:	bosarnasiar12@outlook.com
zfaseraserop@gmail.com	:	sh33355sh	:	zfaseraserop12@outlook.com
hugasinbtsaer@gmail.com	:	sh33355sh	:	hugasinbtsaer12@outlook.com
kisminnifasib@gmail.com	:	sh33355sh	:	kisminnifasib12@outlook.com
mikopasfasrupi@gmail.com	:	sh33355sh	:	mikopasfasrupi12@outlook.com
sornaliherasin@gmail.com	:	sh33355sh	:	sornaliherasin12@outlook.com
zopasebasdre@gmail.com	:	sh33355sh	:	zopasebasdre12@outlook.com
hastenasipo@gmail.com	:	sh33355sh	:	hastenasipo12@outlook.com
dubayraser@gmail.com	:	sh33355sh	:	dubayraser12@outlook.com
saropkovasike@gmail.com	:	sh33355sh	:	saropkovasike12@outlook.com
demrobaseten@gmail.com	:	sh33355sh	:	demrobaseten12@outlook.com
onaraknaser@gmail.com	:	sh33355sh	:	onaraknaser12@outlook.com
sazinakerok@gmail.com	:	sh33355sh	:	sazinakerok12@outlook.com
bazinfatesapo@gmail.com	:	sh33355sh	:	bazinfatesapo12@outlook.com
masijopbasuha@gmail.com	:	sh33355sh	:	masijopbasuha12@outlook.com
hasinraasokip@gmail.com	:	sh33355sh	:	hasinraasokip12@outlook.com
shekerbetyp@gmail.com	:	sh33355sh	:	shekerbetyp12@outlook.com
bopasnasnas@gmail.com	:	sh33355sh	:	bopasnasnas12@outlook.com
mokafahadfes@gmail.com	:	sh33355sh	:	mokafahadfes12@outlook.com
kolasilasxzop@gmail.com	:	sh33355sh	:	kolasilasxzop12@outlook.com
hasipkblasuk@gmail.com	:	sh33355sh	:	hasipkblasuk12@outlook.com
dinasxrasipo@gmail.com	:	sh33355sh	:	dinasxrasipo12@outlook.com
mkporabanasr@gmail.com	:	sh33355sh	:	mkporabanasr12@outlook.com
vasipofasypi@gmail.com	:	sh33355sh	:	vasipofasypi12@outlook.com
naserokhasipo@gmail.com	:	sh33355sh	:	naserokhasipo12@outlook.com
mirazrahamv@gmail.com	:	sh33355sh	:	mirazrahamv12@outlook.com
motakinnahana@gmail.com	:	sh33355sh	:	motakinnahana12@outlook.com
nastakbilas@gmail.com	:	sh33355sh	:	nastakbilas12@outlook.com
muntahanahar00@gmail.com	:	sh33355sh	:	muntahanahar0012@outlook.com
nunaharbastrop@gmail.com	:	sh33355sh	:	nunaharbastrop12@outlook.com
asedulbasert@gmail.com	:	sh33355sh	:	asedulbasert12@outlook.com
sarukpkhanb@gmail.com	:	sh33355sh	:	sarukpkhanb12@outlook.com
gulamakhaser@gmail.com	:	sh33355sh	:	gulamakhaser12@outlook.com
arupokdaeru@gmail.com	:	sh33355sh	:	arupokdaeru12@outlook.com
njjipokdgagop@gmail.com	:	sh33355sh	:	njjipokdgagop12@outlook.com
serazjulasu@gmail.com	:	sh33355sh	:	serazjulasu12@outlook.com
faserurasupo@gmail.com	:	sh33355sh	:	faserurasupo12@outlook.com
saerupeagopk@gmail.com	:	sh33355sh	:	saerupeagopk12@outlook.com
fasutebasup@gmail.com	:	sh33355sh	:	fasutebasup12@outlook.com
tasupodaser@gmail.com	:	sh33355sh	:	tasupodaser12@outlook.com
draserobjpoyi@gmail.com	:	sh33355sh	:	draserobjpoyi12@outlook.com
fasupohbfagyd@gmail.com	:	sh33355sh	:	fasupohbfagyd12@outlook.com
vasitadasupk@gmail.com	:	sh33355sh	:	vasitadasupk12@outlook.com
vasipodaresi@gmail.com	:	sh33355sh	:	vasipodaresi12@outlook.com
erasadfrasunik@gmail.com	:	sh33355sh	:	erasadfrasunik12@outlook.com
wretikorafareh@gmail.com	:	sh33355sh	:	wretikorafareh12@outlook.com
hopasinkapota@gmail.com	:	sh33355sh	:	hopasinkapota12@outlook.com
hudasibopasin@gmail.com	:	sh33355sh	:	hudasibopasin12@outlook.com
nopijabipkfaa@gmail.com	:	sh33355sh	:	nopijabipkfaa12@outlook.com
bigooagiodsa@gmail.com	:	sh33355sh	:	bigooagiodsa12@outlook.com
bashukfasuph@gmail.com	:	sh33355sh	:	bashukfasuph12@outlook.com
bokpfaxasim@gmail.com	:	sh33355sh	:	bokpfaxasim12@outlook.com
adrasicoklta@gmail.com	:	sh33355sh	:	adrasicoklta12@outlook.com
banudasaham@gmail.com	:	sh33355sh	:	banudasaham12@outlook.com
casahuboklas@gmail.com	:	sh33355sh	:	casahuboklas12@outlook.com
bildarnerasi@gmail.com	:	sh33355sh	:	bildarnerasi12@outlook.com
pomoynasir@gmail.com	:	sh33355sh	:	pomoynasir12@outlook.com
nomasrzasto@gmail.com	:	sh33355sh	:	nomasrzasto12@outlook.com
vipisanewnur@gmail.com	:	sh33355sh	:	vipisanewnur12@outlook.com
aljarimenar@gmail.com	:	sh33355sh	:	aljarimenar12@outlook.com
nafasikbahar@gmail.com	:	sh33355sh	:	nafasikbahar12@outlook.com
kulagarciomasir@gmail.com	:	sh33355sh	:	kulagarciomasir12@outlook.com
veliarfasipo@gmail.com	:	sh33355sh	:	veliarfasipo12@outlook.com
monurabipgo@gmail.com	:	sh33355sh	:	monurabipgo12@outlook.com
saharamollasi@gmail.com	:	sh33355sh	:	saharamollasi12@outlook.com
fasaergasyter@gmail.com	:	sh33355sh	:	fasaergasyter12@outlook.com
haserapasira@gmail.com	:	sh33355sh	:	haserapasira12@outlook.com
rasebhasana@gmail.com	:	sh33355sh	:	rasebhasana12@outlook.com
bananvoras@gmail.com	:	sh33355sh	:	bananvoras12@outlook.com
basanvazokila@gmail.com	:	sh33355sh	:	basanvazokila12@outlook.com
lasanateripo@gmail.com	:	sh33355sh	:	lasanateripo12@outlook.com
kasanaztorapa@gmail.com	:	sh33355sh	:	kasanaztorapa12@outlook.com
basanamolasa@gmail.com	:	sh33355sh	:	basanamolasa12@outlook.com
rasanasbopkoa@gmail.com	:	sh33355sh	:	rasanasbopkoa12@outlook.com
jopasrmasuaba@gmail.com	:	sh33355sh	:	jopasrmasuaba12@outlook.com
vasanromopasi@gmail.com	:	sh33355sh	:	vasanromopasi12@outlook.com
kopasitbareqw@gmail.com	:	sh33355sh	:	kopasitbareqw12@outlook.com
herasopbokared@gmail.com	:	sh33355sh	:	herasopbokared12@outlook.com
hddasigaserp@gmail.com	:	sh33355sh	:	hddasigaserp12@outlook.com
topasiaseryto@gmail.com	:	sh33355sh	:	topasiaseryto12@outlook.com
saratefchopsa@gmail.com	:	sh33355sh	:	saratefchopsa12@outlook.com
aslambomollase@gmail.com	:	sh33355sh	:	aslambomollase12@outlook.com
hpotrewbophxj@gmail.com	:	sh33355sh	:	hpotrewbophxj12@outlook.com
fasreupbopkjuy@gmail.com	:	sh33355sh	:	fasreupbopkjuy12@outlook.com
tasabbahasykp@gmail.com	:	sh33355sh	:	tasabbahasykp12@outlook.com
zokasrverasop@gmail.com	:	sh33355sh	:	zokasrverasop12@outlook.com
asatopahukopd@gmail.com	:	sh33355sh	:	asatopahukopd12@outlook.com
hirarukhondaka@gmail.com	:	sh33355sh	:	hirarukhondaka12@outlook.com
bopkorsarasfa@gmail.com	:	sh33355sh	:	bopkorsarasfa12@outlook.com
dipasopfasrew@gmail.com	:	sh33355sh	:	dipasopfasrew12@outlook.com
masuranasirad@gmail.com	:	sh33355sh	:	masuranasirad12@outlook.com
resaythipsaer@gmail.com	:	sh33355sh	:	resaythipsaer12@outlook.com
rasypihasrech@gmail.com	:	sh33355sh	:	rasypihasrech12@outlook.com
dugaservagfdsc@gmail.com	:	sh33355sh	:	dugaservagfdsc12@outlook.com
bopkhdfaseras@gmail.com	:	sh33355sh	:	bopkhdfaseras12@outlook.com
hbpkdazasmno@gmail.com	:	sh33355sh	:	hbpkdazasmno12@outlook.com
marufsaharaz@gmail.com	:	sh33355sh	:	marufsaharaz12@outlook.com
saharupnuhasre@gmail.com	:	sh33355sh	:	saharupnuhasre12@outlook.com
dasafaevokopas@gmail.com	:	sh33355sh	:	dasafaevokopas12@outlook.com
fasraseatefopj@gmail.com	:	sh33355sh	:	fasraseatefopj12@outlook.com
sofikulhosefgd38@gmail.com	:	gghhjjkkll	:	sofikulhosefgd3821@outlook.com
mounirkhan59@gmail.com	:	gghhjjkkll	:	mounirkhan5921@outlook.com
shemkhan265@gmail.com	:	gghhjjkkll	:	shemkhan26521@outlook.com
j26933722@gmail.com	:	gghhjjkkll	:	j2693372221@outlook.com
rakibislamyu1232@gmail.com	:	gghhjjkkll	:	rakibislamyu123221@outlook.com
n42522253@gmail.com	:	gghhjjkkll	:	n4252225321@outlook.com
toniahomaddf812@gmail.com	:	gghhjjkkll	:	toniahomaddf81221@outlook.com
neloikhansd@gmail.com	:	gghhjjkkll	:	neloikhansd21@outlook.com
molonkhanfd45@gmail.com	:	gghhjjkkll	:	molonkhanfd4521@outlook.com
nerabislamdd0@gmail.com	:	gghhjjkkll	:	nerabislamdd021@outlook.com
robinuddinfd380@gmail.com	:	gghhjjkkll	:	robinuddinfd38021@outlook.com
monirkhandsd5@gmail.com	:	gghhjjkkll	:	monirkhandsd521@outlook.com
aminurislsm77@gmail.com	:	gghhjjkkll	:	aminurislsm7721@outlook.com
gsgegeywg431@gmail.com	:	gghhjjkkll	:	gsgegeywg43121@outlook.com
raragsgeye440@gmail.com	:	gghhjjkkll	:	raragsgeye44021@outlook.com
tsgsyggrewg@gmail.com	:	gghhjjkkll	:	tsgsyggrewg21@outlook.com
fggeygcdr@gmail.com	:	gghhjjkkll	:	fggeygcdr21@outlook.com
rttwhevttg@gmail.com	:	gghhjjkkll	:	rttwhevttg21@outlook.com
ygvfebevct@gmail.com	:	gghhjjkkll	:	ygvfebevct21@outlook.com
hasenikramul@gmail.com	:	gghhjjkkll	:	hasenikramul21@outlook.com
haseninamul72@gmail.com	:	gghhjjkkll	:	haseninamul7221@outlook.com
rafatchaaen@gmail.com	:	gghhjjkkll	:	rafatchaaen21@outlook.com
khanmalonth@gmail.com	:	gghhjjkkll	:	khanmalonth21@outlook.com
ragonfyghasen@gmail.com	:	gghhjjkkll	:	ragonfyghasen21@outlook.com
hasenimranhdiy@gmail.com	:	gghhjjkkll	:	hasenimranhdiy21@outlook.com
hadentarikfdy@gmail.com	:	gghhjjkkll	:	hadentarikfdy21@outlook.com
ibrahimccvhasen@gmail.com	:	gghhjjkkll	:	ibrahimccvhasen21@outlook.com
hasennerobdgfcd@gmail.com	:	gghhjjkkll	:	hasennerobdgfcd21@outlook.com
khansamimgdy@gmail.com	:	gghhjjkkll	:	khansamimgdy21@outlook.com
khanhasenvstv@gmail.com	:	gghhjjkkll	:	khanhasenvstv21@outlook.com
kysggdghasenndhvvdhuv@gmail.com	:	gghhjjkkll	:	kysggdghasenndhvvdhuv21@outlook.com
khangtoufikgdhhvdvsc@gmail.com	:	gghhjjkkll	:	khangtoufikgdhhvdvsc21@outlook.com
jahidgshuygshvhasen@gmail.com	:	gghhjjkkll	:	jahidgshuygshvhasen21@outlook.com
rakibgsggdydnjvhasen@gmail.com	:	gghhjjkkll	:	rakibgsggdydnjvhasen21@outlook.com
hasenjummaggtshvec@gmail.com	:	gghhjjkkll	:	hasenjummaggtshvec21@outlook.com
khansojungehhhdv@gmail.com	:	gghhjjkkll	:	khansojungehhhdv21@outlook.com
toufikyuyvshehcrhasen@gmail.com	:	gghhjjkkll	:	toufikyuyvshehcrhasen21@outlook.com
khanyhsejgvugdggffb@gmail.com	:	gghhjjkkll	:	khanyhsejgvugdggffb21@outlook.com
hasihsjhhsnugshasen@gmail.com	:	gghhjjkkll	:	hasihsjhhsnugshasen21@outlook.com
hasenkadersggudbfc@gmail.com	:	gghhjjkkll	:	hasenkadersggudbfc21@outlook.com
faisalhbdhhdjccbhoasen@gmail.com	:	gghhjjkkll	:	faisalhbdhhdjccbhoasen21@outlook.com
hasyehjfjfgsjhhagahh@gmail.com	:	gghhjjkkll	:	hasyehjfjfgsjhhagahh21@outlook.com
hdjjgdjhdhffudufhhjdjfhhkcvmj@gmail.com	:	gghhjjkkll	:	hdjjgdjhdhffudufhhjdjfhhkcvmj21@outlook.com
ydugsjifstdbgfdnbfnbvm@gmail.com	:	gghhjjkkll	:	ydugsjifstdbgfdnbfnbvm21@outlook.com
grkgdhgfrjhdnhrkjgvrhfgb@gmail.com	:	gghhjjkkll	:	grkgdhgfrjhdnhrkjgvrhfgb21@outlook.com
yjchhdhdhgcbdhggdhgshd@gmail.com	:	gghhjjkkll	:	yjchhdhdhgcbdhggdhgshd21@outlook.com
tdjdjgthjdjkdvcdbhdhb@gmail.com	:	gghhjjkkll	:	tdjdjgthjdjkdvcdbhdhb21@outlook.com
hsjjrvvdyuejcebvcejcx@gmail.com	:	gghhjjkkll	:	hsjjrvvdyuejcebvcejcx21@outlook.com
hdhgdjgyehhbejgevvcbf@gmail.com	:	gghhjjkkll	:	hdhgdjgyehhbejgevvcbf21@outlook.com
jahidjikdbbjnsbshasen@gmail.com	:	gghhjjkkll	:	jahidjikdbbjnsbshasen21@outlook.com
jahidshiutshvshfehasen@gmail.com	:	gghhjjkkll	:	jahidshiutshvshfehasen21@outlook.com
khabhasendikkrgvdyfc@gmail.com	:	gghhjjkkll	:	khabhasendikkrgvdyfc21@outlook.com
tarikgsjsgdeczsghasen@gmail.com	:	gghhjjkkll	:	tarikgsjsgdeczsghasen21@outlook.com
grbjkdcrakibshgdkvscf@gmail.com	:	gghhjjkkll	:	grbjkdcrakibshgdkvscf21@outlook.com
hjrggdjurbxrcebxhrdueu@gmail.com	:	gghhjjkkll	:	hjrggdjurbxrcebxhrdueu21@outlook.com
sojibdhhodvdhczmndkhan@gmail.com	:	gghhjjkkll	:	sojibdhhodvdhczmndkhan21@outlook.com
gdhgdmamunsyudicdvs@gmail.com	:	gghhjjkkll	:	gdhgdmamunsyudicdvs21@outlook.com
uuevekvjsjhdhcrkidfdsi@gmail.com	:	gghhjjkkll	:	uuevekvjsjhdhcrkidfdsi21@outlook.com
uisvvsjceheghscuebve@gmail.com	:	gghhjjkkll	:	uisvvsjceheghscuebve21@outlook.com
usgfvrkgrvvjhcdhgdjgdhh@gmail.com	:	gghhjjkkll	:	usgfvrkgrvvjhcdhgdjgdhh21@outlook.com
imrandhhsitsgcskhan@gmail.com	:	gghhjjkkll	:	imrandhhsitsgcskhan21@outlook.com
hehgejdyhhdjhdjjndgcshndhcevd@gmail.com	:	gghhjjkkll	:	hehgejdyhhdjhdjjndgcshndhcevd21@outlook.com
ydhvebhjhhsggdbbdgbenb@gmail.com	:	gghhjjkkll	:	ydhvebhjhhsggdbbdgbenb21@outlook.com
hehhejrgdhuhihdhrhjj@gmail.com	:	gghhjjkkll	:	hehhejrgdhuhihdhrhjj21@outlook.com
tgdvggggjghhhggjhfhgfjgfcf@gmail.com	:	gghhjjkkll	:	tgdvggggjghhhggjhfhgfjgfcf21@outlook.com
babludbvdhgeuufehjjdvvhasendh@gmail.com	:	gghhjjkkll	:	babludbvdhgeuufehjjdvvhasendh21@outlook.com
dhhehhdjjidgghdghhgchgxh@gmail.com	:	gghhjjkkll	:	dhhehhdjjidgghdghhgchgxh21@outlook.com
babludjhvehgeugehasen@gmail.com	:	gghhjjkkll	:	babludjhvehgeugehasen21@outlook.com
hshhejjefffehgevhasen@gmail.com	:	gghhjjkkll	:	hshhejjefffehgevhasen21@outlook.com
uujevcdhcvcehvrrrvhuusgg@gmail.com	:	gghhjjkkll	:	uujevcdhcvcehvrrrvhuusgg21@outlook.com
uuuevcejgcejxrvbbshf@gmail.com	:	gghhjjkkll	:	uuuevcejgcejxrvbbshf21@outlook.com
mkdgfehgfrjgrhghhdggej@gmail.com	:	gghhjjkkll	:	mkdgfehgfrjgrhghhdggej21@outlook.com
uuevcejfrggsgcseeuurjg@gmail.com	:	gghhjjkkll	:	uuevcejfrggsgcseeuurjg21@outlook.com
bdbdhhehudgcehxehcev@gmail.com	:	gghhjjkkll	:	bdbdhhehudgcehxehcev21@outlook.com
hasenehhejhrhkhan@gmail.com	:	gghhjjkkll	:	hasenehhejhrhkhan21@outlook.com
amandjhrjgrgchasen@gmail.com	:	gghhjjkkll	:	amandjhrjgrgchasen21@outlook.com
hasenhabibrhukkevc@gmail.com	:	gghhjjkkll	:	hasenhabibrhukkevc21@outlook.com
klkegcehjuegceyfhjeggeg@gmail.com	:	gghhjjkkll	:	klkegcehjuegceyfhjeggeg21@outlook.com
yyevcsgcennheccjjegeijr@gmail.com	:	gghhjjkkll	:	yyevcsgcennheccjjegeijr21@outlook.com
bdhhekjyheggejhvrccvvv@gmail.com	:	gghhjjkkll	:	bdhhekjyheggejhvrccvvv21@outlook.com
hdjhvcdhgdjfxbdhhdvchjshgdhh@gmail.com	:	gghhjjkkll	:	hdjhvcdhgdjfxbdhhdvchjshgdhh21@outlook.com
kksgvdhduuevvsbvdbndvccd@gmail.com	:	gghhjjkkll	:	kksgvdhduuevvsbvdbndvccd21@outlook.com
hhsgvjjhhdggdjhjjdjgrhh@gmail.com	:	gghhjjkkll	:	hhsgvjjhhdggdjhjjdjgrhh21@outlook.com
hhsbshehuuruuugeb@gmail.com	:	gghhjjkkll	:	hhsbshehuuruuugeb21@outlook.com
jjsuggwhasensjjejhrhhe@gmail.com	:	gghhjjkkll	:	jjsuggwhasensjjejhrhhe21@outlook.com
azimulislam12553@gmail.com	:	gghhjjkkll	:	azimulislam1255321@outlook.com
taniakhatundacters90@gmail.com	:	Aassddffgg	:	taniakhatundacters9012@outlook.com
farukmiadacters430@gmail.com	:	Aassddffgg	:	farukmiadacters43012@outlook.com
dactershasanmia74@gmail.com	:	Aassddffgg	:	dactershasanmia7412@outlook.com
hasanmiiadacters@gmail.com	:	Aassddffgg	:	hasanmiiadacters12@outlook.com
dactersdsarminmia@gmail.com	:	Aassddffgg	:	dactersdsarminmia12@outlook.com
