EleanorSingleton60@gmail.com:CashBack009#:rakibwc06@gmail.com
JenKerr87@gmail.com:CashBack009#:Rakibwc06@gmail.com
LouisMatlock15@gmail.com:LouisMatlock15:Rakibwc06@gmail.com
TonyLeffel67@gmail.com:CashBack009#:rakibwc03@gmail.com
BrandonMarcellus67@gmail.com:CashBack009#:rakibwc03@gmail.com
ChadWilliams588@gmail.com:ChadWilliams588:rakibwc03@gmail.com
StevenChou298@gmail.com:StevenChou298:rakibwc03@gmail.com
MargaretMartin568@gmail.com:MargaretMartin568:rakibwc03@gmail.com
ToddBolin82@gmail.com:ToddBolin82:rakibwc03@gmail.com
RichardRedwine14@gmail.com:RichardRedwine14:rakibwc03@gmail.com
DominickGish80@gmail.com:DominickGish80:rakibwc06@gmail.com
EricLope72@gmail.com:EricLope72:rakibkcp256@gmail.com
RichardAllen961@gmail.com:RichardAllen961:rakibkcp256@gmail.com
MelissaSandoval6821@gmail.com:NewPass007#:i0ptx19@yahoo.com
MarieSpearman6933@gmail.com:Anika2023#:i0ptx19@yahoo.com
EinstainBlenders26@gmail.com:IntelCoreI5$:rakibh659@gmail.com
AlfonjinBistwa35@gmail.com:IntelCoreI5$:rakibh659@gmail.com
OlgartinBlender27@gmail.com:IntelCoreI5$:rakibh659@gmail.com
FrilandUlionery63@gmail.com:IntelCoreI5$:rakibh659@gmail.com
CrandilonBisesta36@gmail.com:IntelCoreI5$:rakibh659@gmail.com
RotesinKlmert42@gmail.com:IntelCoreI5$:rakibh659@gmail.com
SophocleaAntister25@gmail.com:IntelCoreI5$:rakibh659@gmail.com
EdwardDaniels78@gmail.com:BD777777BD888:i0ptx19@yahoo.com
MichaelReece34@gmail.com:BD777777BD888:sabujsagor2@yahoo.com
LenaHunt812@gmail.com:LenaHunt812:sabujsagor2@yahoo.com
PaulaJordan983@gmail.com:PaulaJordan983:sabujsagor2@yahoo.com
CatheyValentine316@gmail.com:CatheyValentine316:rakibkcp025@gmail.com
BarbaraRodriguez281@gmail.com:BarbaraRodriguez281:rakibkcp025@gmail.com
GoldieWest63@gmail.com:GoldieWest63:rakibkcp025@gmail.com
BonnieTalley670@gmail.com:BonnieTalley670:rakibkcp025@gmail.com
LarryeeHarrete78@gmail.com:MerajMoney1@:ukang293@yahoo.co.uk 
HalleneLeewissety67@gmail.com:MerajMoney1@:ukang293@yahoo.co.uk 
SalvadorSmithehe68@gmail.com:MerajMoney1@:ukang293@yahoo.co.uk 
RittaRickhardson45@gmail.com:MerajMoney1@:ukang293@yahoo.co.uk 
jecessiulrichesty56@gmail.com:MerajMoney1@:ukang293@yahoo.co.uk 
AdrianneeCrossest56@gmail.com:MerajMoney1@:ukang293@yahoo.co.uk 
VacttilianSettyumd68@gmail.com:MerajMoney1@:ukang293@yahoo.co.uk 
NemaieyeShohedull57@gmail.com:MerajMoney1@:ukang293@yahoo.co.uk 
MaryHogan131@gmail.com:AgainNew003#:rakibkcp025@gmail.com
MarylouSanchez92@gmail.com:AgainNew003#:rakibkcp025@gmail.com
JuliaFoster652@gmail.com:Restore0006#:rakibkcp91@hotmail.com
LesakhanserBrandlerher35@gmail.com:Restore0006#:rakibkcp025@gmail.com
KizzieJohnson63@gmail.com:Restore0006#:sabujsagor2@yahoo.com
alessandradennis30@gmail.com:Restore0006#:workmailp91@gmail.com
kamalmahmudhasan01@gmail.com:DGIU0010X$:workmailp91@gmail.com
fernandesbarbara701@gmail.com:Sun0708$:workmailp91@gmail.com
rakibgv431@gmail.com:Nancy0086#:gfd.r@yahoo.com
RhettSchmidt36@gmail.com:Restore0006#:RecentPlay19@gmail.com
IsaiasFaith68@gmail.com:Restore0006#:RecentPlay19@gmail.com
FinneganTabares6@gmail.com:Restore0006#:RecentPlay19@gmail.com
CaseyWilson483@gmail.com:Restore0006#:RecentPlay19@gmail.com
AlfredoTrotman23@gmail.com:Anika2023#:RecentPlay19@gmail.com
AhmedHoltz28@gmail.com:Anika2023#:RecentPlay19@gmail.com
AmarePatterson93@gmail.com:Anika2023#:RecentPlay19@gmail.com
LanceGriffin980@gmail.com:Anika2023#:RecentPlay19@gmail.com
JamisonCastillo72@gmail.com:Anika2023#:RecentPlay19@gmail.com
IbrahimLeroy74@gmail.com:Anika2023#:RecentPlay19@gmail.com
AlijahHardaway90@gmail.com:AlijahHardaway90:RecentPlay19@gmail.com
LuchindaGrenjal46@gmail.com:LuchindaGrenjal46:rakibkcp256@gmail.com
carsonhannah00@gmail.com:YGUHI%^&*g2y&^98U:sagorkotm13@gmail.com
coneanna994@gmail.com:coneanna994:carsonhannah00@gmail.com
schmitzsuzanne01@gmail.com:schmitzsuzanne01:carsonhannah00@gmail.com
karenjanice759@gmail.com:PinPoint51#:royredoy974@gmail.com
queenbuenrostro074@gmail.com:PinPoint51#:royredoy974@gmail.com
marcellewellyn11@gmail.com:PinPoint51#:royredoy974@gmail.com
antoinettegomez448@gmail.com:Anika2115#:WorkmailP55@gmail.com
angelcarranza342@gmail.com:Anika2115#:WorkmailP55@gmail.com
adelinakillebrew9@gmail.com:Max009&&Power21:Workmail274@gmail.com
AnitaHussey8676@gmail.com:SunLight7#:titasbd2@gmail.com
ZanerderGreenleaf99@gmail.com:ZanerderGreenleaf99:rakibkcp025@gmail.com
ShivelyAncrolia36@gmail.com:Island00071#:rakibpvc362@gmail.com
DerringerHelmig36@gmail.com:Island00071#:rakibpvc362@gmail.com
MalikCromium39@gmail.com:Island00071#:rakibpvc362@gmail.com
RachelHuth30@gmail.com:1hwn,,322vggwcg:kcpwork@hotmail.com
JacquelineLind791@gmail.com:1hwn,,322vggwcg:kcpwork@hotmail.com
rohoman9@gmail.com:GP3gb60TK:rakibpvc392@gmail.com
ClopsrnHinderson36@gmail.com:1hwn,,322vggwcg:rakibpvc362@gmail.com
AndersonLiquinder28@gmail.com:TenDon1112#:rakibpvc362@gmail.com
usdandy062@gmail.com:Cnstepher76#:workmail095@gmail.com
carriviviilesearle@gmail.com:Cnstepher76#:workmail095@gmail.com
AnnetteWilson2780@gmail.com:Cnstepher76#:workmail095@gmail.com
OrvalHendersho720@gmail.com:Cnstepher76#:workmail095@gmail.com
MattElliott01102011@gmail.com:Cnstepher76#:T20X@outlook.com
PriscillaRooks3490@gmail.com:Amio08Paul07#:i0ptx19@yahoo.com
IsabellaHastings309@gmail.com:Amio08Paul07#:i0ptx19@yahoo.com
PaulaJordan2572@gmail.com:Amio08Paul07#:i0ptx19@yahoo.com
MelissaSchlueter6478@gmail.com:Amio08Paul07#:i0ptx19@yahoo.com
MinervaMcCauley793@gmail.com:Amio08Paul07#:i0ptx19@yahoo.com
