samemakhatonre361@gmail.com:aassddffgg:samemakhatonre36188@outlook.com
kasamhassaner664@gmail.com:aassddffgg:kasamhassaner66488@outlook.com
monerakhatonrt393@gmail.com:aassddffgg:monerakhatonrt39388@outlook.com
nerobhassaner24@gmail.com:aassddffgg:nerobhassaner2488@outlook.com
habehassanew069@gmail.com:aassddffgg:habehassanew06988@outlook.com
mopejhassaner18@gmail.com:aassddffgg:mopejhassaner1844@outlook.com
coneakhatoner9@gmail.com:aassddffgg:coneakhatoner944@outlook.com
mareakhatiner400@gmail.com:aassddffgg:mareakhatiner40044@outlook.com
sarmenkhsrtonee7@gmail.com:aassddffgg:sarmenkhsrtonee744@outlook.com
kasamhassaner679@gmail.com:aassddffgg:kasamhassaner67944@outlook.com
soltonhassaner704@gmail.com:aassddffgg:soltonhassaner70444@outlook.com
somaialhatoner268@gmail.com:aassddffgg:somaialhatoner26844@outlook.com
emrozhassaner92@gmail.com:aassddffgg:emrozhassaner9244@outlook.com
rajuhassaner8@gmail.com:aassddffgg:rajuhassaner844@outlook.com
sorefolhassaner093@gmail.com:aassddffgg:sorefolhassaner09344@outlook.com
foredakhatonwr91@gmail.com:aassddffgg:foredakhatonwr9144@outlook.com
sakibhassaner06@gmail.com:aassddffgg:sakibhassaner0644@outlook.com
refathassaner8@gmail.com:aassddffgg:refathassaner844@outlook.com
forhadhassanre222@gmail.com:aassddffgg:forhadhassanre22244@outlook.com
seamhassaner288@gmail.com:aassddffgg:seamhassaner28844@outlook.com
jakerhassaner371@gmail.com:aassddffgg:jakerhassaner37144@outlook.com
jaforhassaner10@gmail.com:aassddffgg:jaforhassaner1044@outlook.com
hamedorhassaner1@gmail.com:aassddffgg:hamedorhassaner144@outlook.com
jakerhassaner7@gmail.com:aassddffgg:jakerhassaner744@outlook.com
josemhassaner9@gmail.com:aassddffgg:josemhassaner944@outlook.com
babluhassaner80@gmail.com:aassddffgg:babluhassaner8044@outlook.com
babluhosainer20@gmail.com:aassddffgg:babluhosainer2044@outlook.com
sabbirhassaner584@gmail.com:aassddffgg:sabbirhassaner58444@outlook.com
jorenakhatoner2@gmail.com:aassddffgg:jorenakhatoner244@outlook.com
parvenakhatoner345@gmail.com:aassddffgg:parvenakhatoner34544@outlook.com
afredehasaanre067@gmail.com:aassddffgg:afredehasaanre06744@outlook.com
reponhassaner046@gmail.com:aassddffgg:reponhassaner04644@outlook.com
janatkhatoner103@gmail.com:aassddffgg:janatkhatoner10344@outlook.com
fareakhatoner3@gmail.com:aassddffgg:fareakhatoner344@outlook.com
talhahassaner083@gmail.com:aassddffgg:talhahassaner08344@outlook.com
gaarolhassaner7@gmail.com:aassddffgg:gaarolhassaner744@outlook.com
rakebhassaner902@gmail.com:aassddffgg:rakebhassaner90244@outlook.com
emonhassaner943@gmail.com:aassddffgg:emonhassaner94344@outlook.com
tohenhassanet509@gmail.com:aassddffgg:tohenhassanet50944@outlook.com
raisakhatoner233@gmail.com:aassddffgg:raisakhatoner23344@outlook.com
karemulhasaner65@gmail.com:aassddffgg:karemulhasaner6544@outlook.com
rojenakhsretonre68@gmail.com:aassddffgg:rojenakhsretonre6844@outlook.com
jakerhassaner82@gmail.com:aassddffgg:jakerhassaner8244@outlook.com
fardenhassaner1@gmail.com:aassddffgg:fardenhassaner144@outlook.com
kasamehassaner1@gmail.com:aassddffgg:kasamehassaner144@outlook.com
sohanhassaner38@gmail.com:aassddffgg:sohanhassaner3844@outlook.com
jarenhassaener12@gmail.com:aassddffgg:jarenhassaener1244@outlook.com
sadeaalterasar993@gmail.com:aassddffgg:sadeaalterasar99344@outlook.com
lameakhatoner07@gmail.com:aassddffgg:lameakhatoner0744@outlook.com
bonakhatoner837@gmail.com:aassddffgg:bonakhatoner83744@outlook.com
