rubalkhanee@gmail.com	:	rashed1234	:	rubalkhanee12@outkook.com
sadiauddibee@gmail.com	:	rashed1234	:	sadiauddibee12@outkook.com
rashedkhanee7@gmail.com	:	rashed1234	:	rashedkhanee712@outkook.com
tipuuddinee3@gmail.com	:	rashed1234	:	tipuuddinee312@outkook.com
antoraislamee15@gmail.com	:	rashed1234	:	antoraislamee1512@outkook.com
tonnnibagomee0@gmail.com	:	rashed1234	:	tonnnibagomee012@outkook.com
rubalhassanee@gmail.com	:	rashed1234	:	rubalhassanee12@outkook.com
khorsadalomee63@gmail.com	:	rashed1234	:	khorsadalomee6312@outkook.com
ritouddubee01@gmail.com	:	rashed1234	:	ritouddubee0112@outkook.com
masudislamee907@gmail.com	:	rashed1234	:	masudislamee90712@outkook.com
haidaruddinee378@gmail.com	:	rashed1234	:	haidaruddinee37812@outkook.com
jannatulkhatuneee610@gmail.com	:	rashed1234	:	jannatulkhatuneee61012@outkook.com
julakakhatune@gmail.com	:	rashed1234	:	julakakhatune12@outkook.com
yousupuddinee@gmail.com	:	rashed1234	:	yousupuddinee12@outkook.com
mahinislamee@gmail.com	:	rashed1234	:	mahinislamee12@outkook.com
neyakotislmawe@gmail.com	:	rashed1234	:	neyakotislmawe12@outkook.com
kaiamuddinee49@gmail.com	:	rashed1234	:	kaiamuddinee4912@outkook.com
ranuddinee9@gmail.com	:	rashed1234	:	ranuddinee912@outkook.com
israfilislamee@gmail.com	:	rashed1234	:	israfilislamee12@outkook.com
a4940169@gmail.com	:	rashed1234	:	a494016912@outkook.com
somonuddinee484@gmail.com	:	rashed1234	:	somonuddinee48412@outkook.com
rinikhatunee6@gmail.com	:	rashed1234	:	rinikhatunee612@outkook.com
sumaiyakhatunee@gmail.com	:	rashed1234	:	sumaiyakhatunee12@outkook.com
saplakhatunee33@gmail.com	:	rashed1234	:	saplakhatunee3312@outkook.com
saifukislamee2@gmail.com	:	rashed1234	:	saifukislamee212@outkook.com
rasalvaiee60@gmail.com	:	rashed1234	:	rasalvaiee6012@outkook.com
santaislamee9@gmail.com	:	rashed1234	:	santaislamee912@outkook.com
vinco2374@gmail.com	:	Zzxcvbnm	:	vinco237439@outlook.com
dancyj037@gmail.com	:	Zzxcvbnm	:	dancyj03739@outlook.com
fancyjason081@gmail.com	:	Zzxcvbnm	:	fancyjason08139@outlook.com
jasonalax484@gmail.com	:	Zzxcvbnm	:	jasonalax48439@outlook.com
vincojason98@gmail.com	:	Zzxcvbnm	:	vincojason9839@outlook.com
podanarson695@gmail.com	:	Zzxcvbnm	:	podanarson69539@outlook.com
jasonfancy284@gmail.com	:	Zzxcvbnm	:	jasonfancy28439@outlook.com
arsonpodan735@gmail.com	:	Zzxcvbnm	:	arsonpodan73539@outlook.com
alsonpodan@gmail.com	:	Zzxcvbnm	:	alsonpodan39@outlook.com
apodan885@gmail.com	:	Zzxcvbnm	:	apodan88539@outlook.com
vj3861565@gmail.com	:	Zzxcvbnm	:	vj386156539@outlook.com
vincoj851@gmail.com	:	Zzxcvbnm	:	vincoj85139@outlook.com
jasonarson073@gmail.com	:	Zzxcvbnm	:	jasonarson07339@outlook.com
podana758@gmail.com	:	Zzxcvbnm	:	podana75839@outlook.com
arsonj867@gmail.com	:	Zzxcvbnm	:	arsonj86739@outlook.com
apodan64@gmail.com	:	Zzxcvbnm	:	apodan6439@outlook.com
arsonquin5@gmail.com	:	Zzxcvbnm	:	arsonquin539@outlook.com
jasondancy817@gmail.com	:	Zzxcvbnm	:	jasondancy81739@outlook.com
vincojason591@gmail.com	:	Zzxcvbnm	:	vincojason59139@outlook.com
jasonlaxce39@gmail.com	:	Zzxcvbnm	:	jasonlaxce3939@outlook.com
ap0896731@gmail.com	:	Zzxcvbnm	:	ap089673139@outlook.com
arsonp225@gmail.com	:	Zzxcvbnm	:	arsonp22539@outlook.com
jpodan851@gmail.com	:	Zzxcvbnm	:	jpodan85139@outlook.com
arsonpodan410@gmail.com	:	Zzxcvbnm	:	arsonpodan41039@outlook.com
jvinco393@gmail.com	:	Zzxcvbnm	:	jvinco39339@outlook.com
dancyj52@gmail.com	:	Zzxcvbnm	:	dancyj5239@outlook.com
arsonpodan973@gmail.com	:	Zzxcvbnm	:	arsonpodan97339@outlook.com
jasondancy299@gmail.com	:	Zzxcvbnm	:	jasondancy29939@outlook.com
jf6226030@gmail.com	:	Zzxcvbnm	:	jf622603039@outlook.com
podanarson336@gmail.com	:	Zzxcvbnm	:	podanarson33639@outlook.com
wilmajason7654@gmail.com	:	Zzxcvbnm	:	wilmajason765439@outlook.com
jasondancy039@gmail.com	:	Zzxcvbnm	:	jasondancy03939@outlook.com
laxcejason01@gmail.com	:	Zzxcvbnm	:	laxcejason0139@outlook.com
jasondancy294@gmail.com	:	Zzxcvbnm	:	jasondancy29439@outlook.com
arsonpodan673@gmail.com	:	Zzxcvbnm	:	arsonpodan67339@outlook.com
arsonp370@gmail.com	:	Zzxcvbnm	:	arsonp37039@outlook.com
dancyjason31@gmail.com	:	Zzxcvbnm	:	dancyjason3139@outlook.com
jasondancy820@gmail.com	:	Zzxcvbnm	:	jasondancy82039@outlook.com
podan619@gmail.com	:	Zzxcvbnm	:	podan61939@outlook.com
dancy5360@gmail.com	:	Zzxcvbnm	:	dancy536039@outlook.com
podanarson292@gmail.com	:	Zzxcvbnm	:	podanarson29239@outlook.com
dancyj226@gmail.com	:	Zzxcvbnm	:	dancyj22639@outlook.com
fancyjason306@gmail.com	:	Zzxcvbnm	:	fancyjason30639@outlook.com
dancyjason856@gmail.com	:	Zzxcvbnm	:	dancyjason85639@outlook.com
jdancy301@gmail.com	:	Zzxcvbnm	:	jdancy30139@outlook.com
jasondancy759@gmail.com	:	Zzxcvbnm	:	jasondancy75939@outlook.com
podanarson34@gmail.com	:	Zzxcvbnm	:	podanarson3439@outlook.com
jf285314@gmail.com	:	Zzxcvbnm	:	jf28531439@outlook.com
jdancy462@gmail.com	:	Zzxcvbnm	:	jdancy46239@outlook.com
dancyj965@gmail.com	:	Zzxcvbnm	:	dancyj96539@outlook.com
revajurna30@gmail.com	:	Zzxcvbnm	:	revajurna3039@outlook.com
arsonpodan415@gmail.com	:	Zzxcvbnm	:	arsonpodan41539@outlook.com
fancejason4@gmail.com	:	Zzxcvbnm	:	fancejason439@outlook.com
podanj29@gmail.com	:	Zzxcvbnm	:	podanj2939@outlook.com
apodan520@gmail.com	:	Zzxcvbnm	:	apodan52039@outlook.com
podana147@gmail.com	:	Zzxcvbnm	:	podana14739@outlook.com
janevealax023@gmail.com	:	Zzxcvbnm	:	janevealax02339@outlook.com
jasondancy26@gmail.com	:	Zzxcvbnm	:	jasondancy2639@outlook.com
podanarson799@gmail.com	:	Zzxcvbnm	:	podanarson79939@outlook.com
jasondancy67@gmail.com	:	Zzxcvbnm	:	jasondancy6739@outlook.com
podana401@gmail.com	:	Zzxcvbnm	:	podana40139@outlook.com
jasondancy504@gmail.com	:	Zzxcvbnm	:	jasondancy50439@outlook.com
fancy7277@gmail.com	:	Zzxcvbnm	:	fancy727739@outlook.com
fancyjason735@gmail.com	:	Zzxcvbnm	:	fancyjason73539@outlook.com
dancyjason96@gmail.com	:	Zzxcvbnm	:	dancyjason9639@outlook.com
alaxjason12@gmail.com	:	Zzxcvbnm	:	alaxjason1239@outlook.com
arsonresa254@gmail.com	:	Zzxcvbnm	:	arsonresa25439@outlook.com
jasondancy65@gmail.com	:	Zzxcvbnm	:	jasondancy6539@outlook.com
arsonp31@gmail.com	:	Zzxcvbnm	:	arsonp3139@outlook.com
arsinlesa@gmail.com	:	Zzxcvbnm	:	arsinlesa39@outlook.com
apodan763@gmail.com	:	Zzxcvbnm	:	apodan76339@outlook.com
podana04@gmail.com	:	Zzxcvbnm	:	podana0439@outlook.com
ap1403220@gmail.com	:	Zzxcvbnm	:	ap140322039@outlook.com
