akebulhassaner18@gmail.com:aassddffgg:akebulhassaner1844@outlook.com
seamhassaner86@gmail.com:aassddffgg:seamhassaner8644@outlook.com
sabbirhassaner944@gmail.com:aassddffgg:sabbirhassaner94444@outlook.com
rasalhassaner60@gmail.com:aassddffgg:rasalhassaner6044@outlook.com
sakibhassaner92@gmail.com:aassddffgg:sakibhassaner9244@outlook.com
refathassaner930@gmail.com:aassddffgg:refathassaner93044@outlook.com
emonhassanet755@gmail.com:aassddffgg:emonhassanet75544@outlook.com
feetfgdhasaaeff71@gmail.com:aassddffgg:feetfgdhasaaeff7144@outlook.com
emonhassabet178@gmail.com:aassddffgg:emonhassabet17844@outlook.com
fareakhatonere816@gmail.com:aassddffgg:fareakhatonere81644@outlook.com
refathassaner36@gmail.com:aassddffgg:refathassaner3644@outlook.com
sefathassaner3@gmail.com:aassddffgg:sefathassaner344@outlook.com
rakibhassanera0@gmail.com:aassddffgg:rakibhassanera044@outlook.com
likhonhassanre54@gmail.com:aassddffgg:likhonhassanre5444@outlook.com
labebakhatoner68@gmail.com:aassddffgg:labebakhatoner6844@outlook.com
raicakhatoner9@gmail.com:aassddffgg:raicakhatoner944@outlook.com
hanephassanre259@gmail.com:aassddffgg:hanephassanre25944@outlook.com
forhadhassanre547@gmail.com:aassddffgg:forhadhassanre54744@outlook.com
itsylfccjdycjgf64@gmail.com:aassddffgg:itsylfccjdycjgf6444@outlook.com
rokehassaner4@gmail.com:aassddffgg:rokehassaner444@outlook.com
selonhassaner9@gmail.com:aassddffgg:selonhassaner944@outlook.com
fardenhassaner890@gmail.com:aassddffgg:fardenhassaner89044@outlook.com
zahedhassaner1@gmail.com:aassddffgg:zahedhassaner144@outlook.com
babluhassaner622@gmail.com:aassddffgg:babluhassaner62244@outlook.com
sojonhassaner4@gmail.com:aassddffgg:sojonhassaner444@outlook.com
coneakhatoner0@gmail.com:aassddffgg:coneakhatoner044@outlook.com
rabeakhatoner120@gmail.com:aassddffgg:rabeakhatoner12044@outlook.com
akibulhassaner82@gmail.com:aassddffgg:akibulhassaner8244@outlook.com
abbirhassaber7@gmail.com:aassddffgg:abbirhassaber744@outlook.com
aisakhatiobee1@gmail.com:aassddffgg:aisakhatiobee144@outlook.com
mapeakhatoner32@gmail.com:aassddffgg:mapeakhatoner3244@outlook.com
gapfarhassaner773@gmail.com:aassddffgg:gapfarhassaner77344@outlook.com
ragebhassaner183@gmail.com:aassddffgg:ragebhassaner18344@outlook.com
keadanokhaton315@gmail.com:aassddffgg:keadanokhaton31544@outlook.com
sarmenkhatoner8@gmail.com:aassddffgg:sarmenkhatoner844@outlook.com
fardenhassaner424@gmail.com:aassddffgg:fardenhassaner42444@outlook.com
soltonhassaner976@gmail.com:aassddffgg:soltonhassaner97644@outlook.com
fardenhassaner9@gmail.com:aassddffgg:fardenhassaner944@outlook.com
rokehassaner102@gmail.com:aassddffgg:rokehassaner10244@outlook.com
saklenhassaner8@gmail.com:aassddffgg:saklenhassaner844@outlook.com
kasamhassaner47@gmail.com:aassddffgg:kasamhassaner4744@outlook.com
mostakhatoner251@gmail.com:aassddffgg:mostakhatoner25144@outlook.com
tohenhassaner66@gmail.com:aassddffgg:tohenhassaner6644@outlook.com
janatkhatonrtw3@gmail.com:aassddffgg:janatkhatonrtw344@outlook.com
sarmenkhatonersa737@gmail.com:aassddffgg:sarmenkhatonersa73744@outlook.com
sadeakhatonner83@gmail.com:aassddffgg:sadeakhatonner8344@outlook.com
lameakhatonre32@gmail.com:aassddffgg:lameakhatonre3277@outlook.com
rojenakhatoner642@gmail.com:aassddffgg:rojenakhatoner64277@outlook.com
rotunehassanera95@gmail.com:aassddffgg:rotunehassanera9577@outlook.com
marenakhaitoner2@gmail.com:aassddffgg:marenakhaitoner277@outlook.com
koberhassanera3@gmail.com:aassddffgg:koberhassanera377@outlook.com
babluahassaneae47@gmail.com:aassddffgg:babluahassaneae4777@outlook.com
kabarlhatonera3@gmail.com:aassddffgg:kabarlhatonera377@outlook.com
fotakhatoner44@gmail.com:aassddffgg:fotakhatoner4477@outlook.com
arsaphassaner584@gmail.com:aassddffgg:arsaphassaner58477@outlook.com
gakeakhatuner080@gmail.com:aassddffgg:gakeakhatuner08077@outlook.com
natesakhatoner6@gmail.com:aassddffgg:natesakhatoner677@outlook.com
fardenhassaner725@gmail.com:aassddffgg:fardenhassaner72577@outlook.com
vodohassaner4@gmail.com:aassddffgg:vodohassaner477@outlook.com
melonhassaner19@gmail.com:aassddffgg:melonhassaner1977@outlook.com
rejalhassaner3@gmail.com:aassddffgg:rejalhassaner377@outlook.com
taiamomhassaner722@gmail.com:aassddffgg:taiamomhassaner72277@outlook.com
tohenhasaner8@gmail.com:aassddffgg:tohenhasaner877@outlook.com
saidorhassaner44@gmail.com:aassddffgg:saidorhassaner4477@outlook.com
josemhassaner703@gmail.com:aassddffgg:josemhassaner70377@outlook.com
saklenhassaner27@gmail.com:aassddffgg:saklenhassaner2777@outlook.com
sorefolhassaner277@gmail.com:aassddffgg:sorefolhassaner27777@outlook.com
fardenhassaner919@gmail.com:aassddffgg:fardenhassaner91977@outlook.com
tajulehassaner4@gmail.com:aassddffgg:tajulehassaner477@outlook.com
somekhartoner942@gmail.com:aassddffgg:somekhartoner94277@outlook.com
reakhartune285@gmail.com:aassddffgg:reakhartune28577@outlook.com
halemakhatoner6@gmail.com:aassddffgg:halemakhatoner677@outlook.com
joleakhatoner562@gmail.com:aassddffgg:joleakhatoner56277@outlook.com
rajuhasaner492@gmail.com:aassddffgg:rajuhasaner49277@outlook.com
fardenhassaner77@gmail.com:aassddffgg:fardenhassaner7777@outlook.com
haseborhassaner2@gmail.com:aassddffgg:haseborhassaner277@outlook.com
emonhassaner66@gmail.com:aassddffgg:emonhassaner6677@outlook.com
solamanhassanre3@gmail.com:aassddffgg:solamanhassanre377@outlook.com
janatolhassaner0@gmail.com:aassddffgg:janatolhassaner077@outlook.com
akibulhassaner8@gmail.com:aassddffgg:akibulhassaner877@outlook.com
koberhassaner47@gmail.com:aassddffgg:koberhassaner4777@outlook.com
sorefolhassaner145@gmail.com:aassddffgg:sorefolhassaner14577@outlook.com
janatolhassaner324@gmail.com:aassddffgg:janatolhassaner32477@outlook.com
saralehasaaner971@gmail.com:aassddffgg:saralehasaaner97177@outlook.com
jakerhassaner52@gmail.com:aassddffgg:jakerhassaner5277@outlook.com
gosemhassaner3@gmail.com:aassddffgg:gosemhassaner377@outlook.com
sadeakhatoner70@gmail.com:aassddffgg:sadeakhatoner7077@outlook.com
rohethassaner784@gmail.com:aassddffgg:rohethassaner78477@outlook.com
kadarhassaner62@gmail.com:aassddffgg:kadarhassaner6277@outlook.com
sadenhassaner3@gmail.com:aassddffgg:sadenhassaner377@outlook.com
rokehasanre35@gmail.com:aassddffgg:rokehasanre3577@outlook.com
babluhassaner66@gmail.com:aassddffgg:babluhassaner6677@outlook.com
sorefakhatoner70@gmail.com:aassddffgg:sorefakhatoner7077@outlook.com
forojhasaaner578@gmail.com:aassddffgg:forojhasaaner57877@outlook.com
sofeakhatuner6@gmail.com:aassddffgg:sofeakhatuner677@outlook.com
alfajhassanre220@gmail.com:aassddffgg:alfajhassanre22077@outlook.com
jakerhasaner46@gmail.com:aassddffgg:jakerhasaner4677@outlook.com
jonehassaner17@gmail.com:aassddffgg:jonehassaner1777@outlook.com
sabbirehassanre30@gmail.com:aassddffgg:sabbirehassanre3077@outlook.com
sajadolhassanre219@gmail.com:aassddffgg:sajadolhassanre21977@outlook.com
labonekhatuner59@gmail.com:aassddffgg:labonekhatuner5977@outlook.com
jahedhassaner21@gmail.com:aassddffgg:jahedhassaner2177@outlook.com
roksanakhatuner63@gmail.com:aassddffgg:roksanakhatuner6377@outlook.com
emrojhassaner88@gmail.com:aassddffgg:emrojhassaner8877@outlook.com
babluhassaner946@gmail.com:aassddffgg:babluhassaner94677@outlook.com
farjanakhatoner294@gmail.com:aassddffgg:farjanakhatoner29477@outlook.com
sadeakhatuner601@gmail.com:aassddffgg:sadeakhatuner60177@outlook.com
halemakhatuner66@gmail.com:aassddffgg:halemakhatuner6677@outlook.com
kasamhassaner728@gmail.com:aassddffgg:kasamhassaner72877@outlook.com
jahedhassaner524@gmail.com:aassddffgg:jahedhassaner52477@outlook.com
polashassaner575@gmail.com:aassddffgg:polashassaner57577@outlook.com
semolhassaner077@gmail.com:aassddffgg:semolhassaner07777@outlook.com
fatamakhatuner829@gmail.com:aassddffgg:fatamakhatuner82977@outlook.com
sokenakhatuner464@gmail.com:aassddffgg:sokenakhatuner46477@outlook.com
labebakatonere1@gmail.com:aassddffgg:labebakatonere177@outlook.com
rohethassaner9@gmail.com:aassddffgg:rohethassaner977@outlook.com
aktrdhasan0@gmail.com:aassddffgg:aktrdhasan077@outlook.com
reponhassaner32@gmail.com:aassddffgg:reponhassaner3277@outlook.com
rojonekhatoner9@gmail.com:aassddffgg:rojonekhatoner977@outlook.com
janatkhatuner281@gmail.com:aassddffgg:janatkhatuner28177@outlook.com
forojhassaner573@gmail.com:aassddffgg:forojhassaner57377@outlook.com
soltanahassaner3@gmail.com:aassddffgg:soltanahassaner377@outlook.com
fotamakhatoner512@gmail.com:aassddffgg:fotamakhatoner51277@outlook.com
sojebhassaner70@gmail.com:aassddffgg:sojebhassaner7077@outlook.com
tosarhassaner710@gmail.com:aassddffgg:tosarhassaner71077@outlook.com
votohassaner39@gmail.com:aassddffgg:votohassaner3977@outlook.com
soraiakhatuner5@gmail.com:aassddffgg:soraiakhatuner577@outlook.com
labebahassaner698@gmail.com:aassddffgg:labebahassaner69877@outlook.com
mapehassaner46@gmail.com:aassddffgg:mapehassaner4677@outlook.com
josemhassanet0@gmail.com:aassddffgg:josemhassanet077@outlook.com
sabodenhassaner541@gmail.com:aassddffgg:sabodenhassaner54177@outlook.com
fardenhassaner956@gmail.com:aassddffgg:fardenhassaner95677@outlook.com
potolkhatonre12@gmail.com:aassddffgg:potolkhatonre1277@outlook.com
arafathassaner7@gmail.com:aassddffgg:arafathassaner777@outlook.com
juleakhatuner0@gmail.com:aassddffgg:juleakhatuner077@outlook.com
samemakhatuner817@gmail.com:aassddffgg:samemakhatuner81777@outlook.com
janatolkhatuner6@gmail.com:aassddffgg:janatolkhatuner677@outlook.com
tohenakhatuoner2@gmail.com:aassddffgg:tohenakhatuoner277@outlook.com
jakerhassaner0@gmail.com:aassddffgg:jakerhassaner077@outlook.com
emonhosaine46@gmail.com:aassddffgg:emonhosaine4677@outlook.com
sabbirehassaner85@gmail.com:aassddffgg:sabbirehassaner8577@outlook.com
samemakhatoner741@gmail.com:aassddffgg:samemakhatoner74177@outlook.com
labonekhatonre3@gmail.com:aassddffgg:labonekhatonre377@outlook.com
memekhatuner65@gmail.com:aassddffgg:memekhatuner6577@outlook.com
hapehassanar9@gmail.com:aassddffgg:hapehassanar977@outlook.com
soltonhassaner9@gmail.com:aassddffgg:soltonhassaner977@outlook.com
sojonhassaner86@gmail.com:aassddffgg:sojonhassaner8677@outlook.com
tosarhassaner198@gmail.com:aassddffgg:tosarhassaner19877@outlook.com
saidolhassaner623@gmail.com:aassddffgg:saidolhassaner62377@outlook.com
jieahassaner2@gmail.com:aassddffgg:jieahassaner277@outlook.com
rojenakhatune63@gmail.com:aassddffgg:rojenakhatune6377@outlook.com
joleakhationer015@gmail.com:aassddffgg:joleakhationer01577@outlook.com
kasamhassaner523@gmail.com:aassddffgg:kasamhassaner52377@outlook.com
nahakhatoner6@gmail.com:aassddffgg:nahakhatoner677@outlook.com
mareakhationer11@gmail.com:aassddffgg:mareakhationer1177@outlook.com
josemhassaner792@gmail.com:aassddffgg:josemhassaner79277@outlook.com
josemhassaner062@gmail.com:aassddffgg:josemhassaner06277@outlook.com
khadejakhatune2@gmail.com:llkkjjhhgg:khadejakhatune236@outlook.com
rabiyakhatune5@gmail.com:llkkjjhhgg:rabiyakhatune536@outlook.com
juliyakhatune94@gmail.com:llkkjjhhgg:juliyakhatune9436@outlook.com
ashadulhossaine069@gmail.com:llkkjjhhgg:ashadulhossaine06936@outlook.com
mahialmamune8@gmail.com:llkkjjhhgg:mahialmamune836@outlook.com
thuhurakhatune63@gmail.com:llkkjjhhgg:thuhurakhatune6336@outlook.com
thoufikhossaine76@gmail.com:llkkjjhhgg:thoufikhossaine7636@outlook.com
jhunaeihossaine521@gmail.com:llkkjjhhgg:jhunaeihossaine52136@outlook.com
saimonhossaine616@gmail.com:llkkjjhhgg:saimonhossaine61636@outlook.com
fhahathossaine1@gmail.com:llkkjjhhgg:fhahathossaine136@outlook.com
thipuhossainer418@gmail.com:llkkjjhhgg:thipuhossainer41836@outlook.com
rharachowdhurye94@gmail.com:llkkjjhhgg:rharachowdhurye9436@outlook.com
hujaifahossaine188@gmail.com:llkkjjhhgg:hujaifahossaine18836@outlook.com
nahidhossaine060@gmail.com:llkkjjhhgg:nahidhossaine06036@outlook.com
abdulrahamane033@gmail.com:llkkjjhhgg:abdulrahamane03336@outlook.com
roksanakhatune03@gmail.com:llkkjjhhgg:roksanakhatune0336@outlook.com
khoborhossaine305@gmail.com:llkkjjhhgg:khoborhossaine30536@outlook.com
shohanchowdhurye5@gmail.com:llkkjjhhgg:shohanchowdhurye536@outlook.com
asharafhossainw167@gmail.com:llkkjjhhgg:asharafhossainw16736@outlook.com
rabbichowdhurye7@gmail.com:llkkjjhhgg:rabbichowdhurye736@outlook.com
fardinhossaine78@gmail.com:llkkjjhhgg:fardinhossaine7836@outlook.com
nisanurrahamane303@gmail.com:llkkjjhhgg:nisanurrahamane30336@outlook.com
siddikhossaine632@gmail.com:llkkjjhhgg:siddikhossaine63236@outlook.com
jihadurrahamane651@gmail.com:llkkjjhhgg:jihadurrahamane65136@outlook.com
akhterurrahamane39@gmail.com:llkkjjhhgg:akhterurrahamane3936@outlook.com
satiurrahamane42@gmail.com:llkkjjhhgg:satiurrahamane4236@outlook.com
hasibhossaine43@gmail.com:llkkjjhhgg:hasibhossaine4336@outlook.com
raminhossaine485@gmail.com:llkkjjhhgg:raminhossaine48536@outlook.com
santhihossaine87@gmail.com:llkkjjhhgg:santhihossaine8736@outlook.com
parvinahossaine941@gmail.com:llkkjjhhgg:parvinahossaine94136@outlook.com
suitathossaine20@gmail.com:llkkjjhhgg:suitathossaine2036@outlook.com
bhuduhossaine05@gmail.com:llkkjjhhgg:bhuduhossaine0536@outlook.com
sadekurrahamane05@gmail.com:llkkjjhhgg:sadekurrahamane0536@outlook.com
rofiqulhossaine927@gmail.com:llkkjjhhgg:rofiqulhossaine92736@outlook.com
sofiwulhossaine6@gmail.com:llkkjjhhgg:sofiwulhossaine636@outlook.com
rotnakhatune58@gmail.com:llkkjjhhgg:rotnakhatune5836@outlook.com
mirajukhossaine807@gmail.com:llkkjjhhgg:mirajukhossaine80736@outlook.com
mamunurislame44@gmail.com:llkkjjhhgg:mamunurislame4436@outlook.com
notitahossaine079@gmail.com:llkkjjhhgg:notitahossaine07936@outlook.com
saifulhossaine59@gmail.com:llkkjjhhgg:saifulhossaine5936@outlook.com
borshakhatune21@gmail.com:llkkjjhhgg:borshakhatune2136@outlook.com
ramurrahamane4@gmail.com:llkkjjhhgg:ramurrahamane436@outlook.com
tarikurrahamane658@gmail.com:llkkjjhhgg:tarikurrahamane65836@outlook.com
