ElizabethGlover54@gmail.com:ERDCT43556#:titasbd2@gmail.com
sharlenematthew71@gmail.com:XDRFTG456#:socialworkerskot3f@gmail.com
PinchbecklerRaymond42@gmail.com:PinchbecklerRaymond42:rakibpvc142@gmail.com
FiersamberLvybagum63@gmail.com:FiersamberLvybagum63:rakibpvc142@gmail.com
KiethkollyerFumagallier37@gmail.com:KiethkollyerFumagallier37:rakibpvc142@gmail.com
AnniekotterKamrathe39@gmail.com:AnniekotterKamrathe39:rakibpvc142@gmail.com
SheldongerLitkecoller54@gmail.com:SheldongerLitkecoller54:rakibpvc142@gmail.com
CarolenterRaysidener36@gmail.com:CarolenterRaysidener36:rakibpvc142@gmail.com
TschacheverAdabaiyser88@gmail.com:TschacheverAdabaiyser88:rakibpvc142@gmail.com
BullsernerAurorated39@gmail.com:BullsernerAurorated39:rakibpvc142@gmail.com
edward84731@gmail.com:Apollo7234#:sagorkotm13@gmail.com
RuthMcGee32@gmail.com:QWERT3456TGB:workmail095@gmail.com
ruthmcgeer@gmail.com:QWERT3456TGB:workmail095@gmail.com
gracemartinez486@gmail.com:QWERT3456TGB:workmail095@gmail.com
michellestotts21@gmail.com:Tom0101TYOA:titasbd1@gmail.com
MerleMcCray32@gmail.com:ERDCT43556#:titasbd2@gmail.com
JoyWalker4989@gmail.com:ERDCT43556#:titasbd2@gmail.com
BrittanyHong4373@gmail.com:ERDCT43556#:titasbd2@gmail.com
RussettenserCrystalner64@gmail.com:RussettenserCrystalner64:rakibpvc142@gmail.com
WunschnerAurorapyter35@gmail.com:WunschnerAurorapyter35:rakibpvc142@gmail.com
BrockcuvanHomezonser38@gmail.com:BrockcuvanHomezonser38:workmail095@gmail.com
AdellvanserDamanter27@gmail.com:AdellvanserDamanter27:workmail095@gmail.com
JoyentedserWolaverger52@gmail.com:JoyentedserWolaverger52:workmail095@gmail.com
LizaternesSimmelink54@gmail.com:LizaternesSimmelink54:workmail095@gmail.com
ChasernerBrachbiller33@gmail.com:ChasernerBrachbiller33:workmail095@gmail.com
FilibertoverChavousner58@gmail.com:FilibertoverChavousner58:workmail095@gmail.com
FilibertgerChavousfer55@gmail.com:FilibertgerChavousfer55:rakibkcp266@gmail.com
KatetiongerHulmedner76@gmail.com:KatetiongerHulmedner76:rakibkcp266@gmail.com
LesangerzedVonkrosigler62@gmail.com:LesangerzedVonkrosigler62:rakibkcp266@gmail.com
TessangertedMelianger24@gmail.com:TessangertedMelianger24:rakibkcp266@gmail.com
HarryThurmond19@gmail.com:Line2525#:zddx.ale.x@gmail.com
ElezabethCarronia52@gmail.com:Island00071#:rakibpvc362@gmail.com
HutsellBrander39@gmail.com:Island00071#:rakibpvc362@gmail.com
SybestianBranders36@gmail.com:Island00071#:rakibpvc362@gmail.com
PamelaJonahil49@gmail.com:Island00071#:rakibpvc362@gmail.com
MaruimaLimpez27@gmail.com:Island00071#:rakibpvc362@gmail.com
EugeneGreblia38@gmail.com:Island00071#:rakibpvc362@gmail.com
LadsonKokalia28@gmail.com:Island00071#:rakibpvc362@gmail.com
BrendaPierce87@gmail.com:1hwn,,322vggwcg:kcpwork@hotmail.com
FreddinJinkolia39@gmail.com:Quick-Pad990:rakibpvc362@gmail.com
