podan6285@gmail.com:Zzxcvbnm:podan628539@outlook.com
jfancy287@gmail.com:Zzxcvbnm:jfancy28739@outlook.com
laesdancy544@gmail.com:Zzxcvbnm:laesdancy54439@outlook.com
arsonpodan655@gmail.com:Zzxcvbnm:arsonpodan65539@outlook.com
wilmajason555@gmail.com:Zzxcvbnm:wilmajason55539@outlook.com
alondancy38@gmail.com:Zzxcvbnm:alondancy3839@outlook.com
arsondancy301@gmail.com:Zzxcvbnm:arsondancy30139@outlook.com
podanleson30@gmail.com:Zzxcvbnm:podanleson3039@outlook.com
podanadson51@gmail.com:Zzxcvbnm:podanadson5139@outlook.com
jaonwilma18@gmail.com:Zzxcvbnm:jaonwilma1839@outlook.com
