AshleighNelson74@gmail.com:workmail0490@gmail.com:workmail0490@gmail.com
BarbaraMartinez836@gmail.com:workmail0490@gmail.com:workmail0490@gmail.com
BernadetteHarper35@gmail.com:workmail0490@gmail.com:workmail0490@gmail.com
BlancheRandolph51@gmail.com:workmail0490@gmail.com:workmail0490@gmail.com
CatherineLangenfeld868@gmail.com:workmail0490@gmail.com:workmail0490@gmail.com
ChristineChandlerN@gmail.com:workmail0490@gmail.com:workmail0490@gmail.com
DanetteWooten155@gmail.com:workmail0490@gmail.com:workmail0490@gmail.com
ElizabethKolodziej797@gmail.com:workmail0490@gmail.com:workmail0490@gmail.com
DeborahHamilton789@gmail.com:workmail0490@gmail.com:workmail0490@gmail.com
ErnestineChristian29@gmail.com:workmail0490@gmail.com:workmail0490@gmail.com
FranciscaWallace48@gmail.com:workmail0490@gmail.com:workmail0490@gmail.com
GwendolynStewart59@gmail.com:workmail0490@gmail.com:workmail0490@gmail.com
HazelRidenour329@gmail.com:workmail0490@gmail.com:workmail0490@gmail.com
HelenThornton59@gmail.com:workmail0490@gmail.com:workmail0490@gmail.com
bunceheather333@gmail.com:bunceheather333:debitredoyroy63@gmail.com
ericatlyons467@gmail.com:ericatlyons467:debitredoyroy63@gmail.com
mtthwsbernice7@gmail.com:mtthwsbernice7:debitredoyroy63@gmail.com
JacquelineComeau50@gmail.com:workmail082@gmail.com:FOL0@outlook.fr
JeanneArmistead96@gmail.com:workmail082@gmail.com:JeanneArmistead96@outlook.com
AdrienneLindsay61@gmail.com:workmail082@gmail.com:AdrienneLindsay61@outlook.com
MargaretFranklin41@gmail.com:workmail082@gmail.com:MargaretFranklin41@outlook.com
NormaEsparza61@gmail.com:workmail082@gmail.com:NormaEsparza61@outlook.com
OlympiaMartinez19@gmail.com:workmail082@gmail.com:OlympiaMartinez19@outlook.com
RhondaMowery69@gmail.com:workmail082@gmail.com:rhondamowery69@outlook.com
TracyThompsonN@gmail.com:workmail082@gmail.com:TracyThompsonN@outlook.com
suzannemilford14@gmail.com:workmail082@gmail.com:suzannemilford14@outlook.com
NicoleSamuelson86@gmail.com:workmail082@gmail.com:nicolesamuelson86@outlook.com
JohannaDunlap44@gmail.com:workmail0555@gmail.com:workmail0555@gmail.com
KatriceSummerlin42@gmail.com:workmail0555@gmail.com:workmail0555@gmail.com
AgnesLivingston36@gmail.com:workmail0490@gmail.com:workmail0490@gmail.com
ArmandaJacobson825@gmail.com:workmail0490@gmail.com:workmail0490@gmail.com
JacquelineComeau15@gmail.com:workmail0490@gmail.com:workmail0490@gmail.com
JeanneArmistead61@gmail.com:workmail0490@gmail.com:workmail0490@gmail.com
JohannaDunlap31@gmail.com:workmail0490@gmail.com:workmail0490@gmail.com
ArmandaJacobson30@gmail.com:workmail0490@gmail.com:workmail0490@gmail.com
LorettaGreenwood32@gmail.com:workmail0490@gmail.com:workmail0490@gmail.com
LucyPennington48@gmail.com:workmail0490@gmail.com:workmail0490@gmail.com
LyndaNewcombe31@gmail.com:workmail0490@gmail.com:workmail0490@gmail.com
MargaretFranklin63@gmail.com:workmail0490@gmail.com:workmail0490@gmail.com
MelissaSchlueter46@gmail.com:workmail0490@gmail.com:workmail0490@gmail.com
