ZenaidaReeves144@gmail.com	:	workmail0490@gmail.com	:	workmail0490@gmail.com
AdrienneLindsay83@gmail.com	:	workmail0490@gmail.com	:	workmail0490@gmail.com
RosemaryGiguere10@gmail.com	:	workmail0490@gmail.com	:	workmail0490@gmail.com
BlancheRandolph95@gmail.com	:	workmail0555@gmail.com	:	workmail0555@gmail.com
CatherineLangenfeld95@gmail.com	:	workmail0555@gmail.com	:	workmail0555@gmail.com
HelenThornton71@gmail.com	:	workmail0555@gmail.com	:	workmail0555@gmail.com
JacquelineComeau9@gmail.com	:	workmail0555@gmail.com	:	workmail0555@gmail.com
JeanneArmistead47@gmail.com	:	workmail0555@gmail.com	:	workmail0555@gmail.com
KristinEverton7@gmail.com	:	workmail0555@gmail.com	:	workmail0555@gmail.com
ArmandaJacobson5@gmail.com	:	workmail0555@gmail.com	:	workmail0555@gmail.com
LorettaGreenwood56@gmail.com	:	workmail0555@gmail.com	:	workmail0555@gmail.com
LucyPennington91@gmail.com	:	workmail0555@gmail.com	:	workmail0555@gmail.com
LyndaNewcombe75@gmail.com	:	workmail0555@gmail.com	:	workmail0555@gmail.com
NatashaRollison548@gmail.com	:	workmail0555@gmail.com	:	workmail0555@gmail.com
PearlineBoydston184@gmail.com	:	workmail0555@gmail.com	:	workmail0555@gmail.com
RachelWillingham67@gmail.com	:	workmail0555@gmail.com	:	workmail0555@gmail.com
OlympiaMartinez13@gmail.com	:	workmail0555@gmail.com	:	workmail0555@gmail.com
StephanieDonaldson71@gmail.com	:	workmail0555@gmail.com	:	workmail0555@gmail.com
PamelaMitchell691@gmail.com	:	workmail0555@gmail.com	:	workmail0555@gmail.com
CamillaFrsnz678@gmail.com	:	Old2014Gmail*#	:	AA3AA5@outlook.com
HlegaRio14@gmail.com	:	Old2014Gmail*#	:	AA3AA5@outlook.com
HsngryKim673@gmail.com	:	Old2014Gmail*#	:	DFGR45D@outlook.com
MsrconLija467@gmail.com	:	MsrconLija467	:	DFGR45D@outlook.com
marrycormack8@gmail.com	:	marrycormack8	:	DFGR45D@outlook.com
JulioLeone90@gmail.com	:	JulioLeone90	:	rakib002@onmail.com
CafferkyterSandridger45	:	litawalton59@gmail.com	:	litawalton59@gmail.com
BryanMilli36868@gmail.com	:	BryanMilli36868	:	Leave2@outlook.fr
AkerKaren90@gmail.com	:	AkerKaren90	:	rakibkcp251@gmail.com
AllenJose755@gmail.com	:	AllenJose755	:	rakibkcp251@gmail.com
LewisDaniel459@gmail.com	:	LewisDaniel459	:	rakibkcp251@gmail.com
