DavisBrown259@gmail.com:DavisBrown259:rakibkcp254@gmail.com
WrightKing734@gmail.com:WrightKing734:rakibkcp254@gmail.com
KHeranandez57@gmail.com:KHeranandez57:rakibkcp254@gmail.com
YoungAllen692@gmail.com:YoungAllen692:rakibkcp254@gmail.com
LopezWright10@gmail.com:LopezWright10:rakibkcp254@gmail.com
WalkerLewis61@gmail.com:WalkerLewis61:rakibkcp254@gmail.com
LewisClark300@gmail.com:LewisClark300:rakibkcp254@gmail.com
CRonbinson66@gmail.com:CRonbinson66:rakibkcp254@gmail.com
RobinsonMartinez835@gmail.com:RobinsonMartinez835:rakibkcp254@gmail.com
CookReed94@gmail.com:CookReed94:rakibkcp254@gmail.com
MillerDavis96@gmail.com:MillerDavis96:rakibkcp025@gmail.com
BrownJones523@gmail.com:BrownJones523:rakibkcp025@gmail.com
MariaMarshall627@gmail.com:MariaMarshall627:rakibkcp025@gmail.com
WolsonMiller568@gmail.com:WolsonMiller568:rakibkcp025@gmail.com
TayiorMoore569@gmail.com:TayiorMoore569:pemmels79@outlook.com
ThomasAnderson799@gmail.com:ThomasAnderson799:pemmels79@outlook.com
JacksonThomas902@gmail.com:JacksonThomas902:pemmels79@outlook.com
WhiteJackson94@gmail.com:WhiteJackson94:pemmels79@outlook.com
HarrisMartin506@gmail.com:HarrisMartin506:pemmels79@outlook.com
ThompsonGarcia68@gmail.com:ThompsonGarcia68:rodawu80@outlook.com
MartinezGarcia670@gmail.com:MartinezGarcia670:rodawu80@outlook.com
ScottHill793@gmail.com:ScottHill793:rodawu80@outlook.com
GreenScott35@gmail.com:GreenScott35:rodawu80@outlook.com
BakerAdams32@gmail.com:BakerAdams32:rakibkcp254@gmail.com
NGonzales714@gmail.com:NGonzales714:rakibkcp254@gmail.com
CarterNelson49@gmail.com:CarterNelson49:rakibkcp254@gmail.com
PerezMitchell35@gmail.com:PerezMitchell35:rakibkcp254@gmail.com
RobertsPerez16@gmail.com:RobertsPerez16:rakibkcp254@gmail.com
TurnerRoberts48@gmail.com:TurnerRoberts48:rakibkcp254@gmail.com
PhillipsTurner68@gmail.com:PhillipsTurner68:rakibkcp254@gmail.com
CampbellPhillips71@gmail.com:CampbellPhillips71:rakibkcp254@gmail.com
EvansParker57@gmail.com:EvansParker57:rakibkcp254@gmail.com
ParkerCampbell63@gmail.com:ParkerCampbell63:rakibkcp254@gmail.com
ScottFrank18@gmail.com:ScottFrank18:rakibkcp025@gmail.com
EdwrdsEvans4688@gmail.com:EdwrdsEvans4688:rakibkcp254@gmail.com
CollinsEdwards64@gmail.com:CollinsEdwards64:rakibkcp254@gmail.com
StewartCollins212@gmail.com:StewartCollins212:rakibkcp254@gmail.com
MorrisSanchez885@gmail.com:MorrisSanchez885:rakibkcp254@gmail.com
RogersMorris46@gmail.com:RogersMorris46:rakibkcp254@gmail.com
ReedRogers55@gmail.com:ReedRogers55:rakibkcp254@gmail.com
MorganCook330@gmail.com:MorganCook330:rakibkcp254@gmail.com
BalleyMurphy65@gmail.com:BalleyMurphy65:rakibkcp254@gmail.com
RiveraBalley68@gmail.com:RiveraBalley68:rakibkcp254@gmail.com
RiversCooper55@gmail.com:RiversCooper55:rakibkcp254@gmail.com
RogerRyan221@gmail.com:RogerRyan221:rakibkcp025@gmail.com
CRichardson753@gmail.com:CRichardson753:rakibkcp254@gmail.com
HowardCox95@gmail.com:HowardCox95:rakibkcp254@gmail.com
WardHiward567@gmail.com:WardHiward567:rakibkcp254@gmail.com
TorresWard29@gmail.com:TorresWard29:rakibkcp254@gmail.com
GrayPeterson12@gmail.com:GrayPeterson12:rakibkcp254@gmail.com
KevinAnthony966@gmail.com:KevinAnthony966:rakibkcp254@gmail.com
GaryMatthew86@gmail.com:GaryMatthew86:rakibkcp254@gmail.com
TimothyGary42@gmail.com:TimothyGary42:rakibkcp254@gmail.com
JeffreyLarry86@gmail.com:JeffreyLarry86:rakibkcp254@gmail.com
FrankJeffrey20@gmail.com:FrankJeffrey20:rakibkcp254@gmail.com
JamesGlover655@gmail.com:JamesGlover655:rakibwc01@gmail.com
YolandaRios465@gmail.com:YolandaRios465:rakibwc02@gmail.com
ElizabethManning90@gmail.com:ElizabethManning90:rakibwc02@gmail.com
MerrileeForsythe94@gmail.com:MerrileeForsythe94:rakibwc02@gmail.com
SamanthaSnyder904@gmail.com:SamanthaSnyder904:rakibwc02@gmail.com
PearlLindsay34@gmail.com:PearlLindsay34:rakibwc02@gmail.com
RubyeDavis7@gmail.com:RubyeDavis7:rakibwc02@gmail.com
