sakibhassantyr751@gmail.com:Aassddffgg:sakibhassantyr75145@outlook.com
mimakteyrrw89@gmail.com:Aassddffgg:mimakteyrrw8945@outlook.com
emonhassantyf4@gmail.com:Aassddffgg:emonhassantyf445@outlook.com
sakibhassantyd4@gmail.com:Aassddffgg:sakibhassantyd445@outlook.com
sakibhassanryr02@gmail.com:Aassddffgg:sakibhassanryr0245@outlook.com
rakibhassantyr90@gmail.com:Aassddffgg:rakibhassantyr9045@outlook.com
sakibhassanyyr46@gmail.com:Aassddffgg:sakibhassanyyr4645@outlook.com
mimakterwte121@gmail.com:Aassddffgg:mimakterwte12145@outlook.com
rakibhassanryd802@gmail.com:Aassddffgg:rakibhassanryd80245@outlook.com
sakibhassantyr636@gmail.com:Aassddffgg:sakibhassantyr63645@outlook.com
tanverhassabryd84@gmail.com:Aassddffgg:tanverhassabryd8445@outlook.com
mimakterwyr034@gmail.com:Aassddffgg:mimakterwyr03445@outlook.com
rakibhassanryr338@gmail.com:Aassddffgg:rakibhassanryr33845@outlook.com
franhassanryr22@gmail.com:Aassddffgg:franhassanryr2245@outlook.com
evaaktertef58@gmail.com:Aassddffgg:evaaktertef5845@outlook.com
likonhassanryre9@gmail.com:Aassddffgg:likonhassanryre945@outlook.com
rakibhassanrud808@gmail.com:Aassddffgg:rakibhassanrud80845@outlook.com
fimehassabryr59@gmail.com:Aassddffgg:fimehassabryr5945@outlook.com
emonhassabrye0@gmail.com:Aassddffgg:emonhassabrye045@outlook.com
tanvethassanryr4@gmail.com:Aassddffgg:tanvethassanryr445@outlook.com
r74597034@gmail.com:Aassddffgg:r7459703445@outlook.com
yasenhassanryf08@gmail.com:Aassddffgg:yasenhassanryf0845@outlook.com
rakibhassanrtr774@gmail.com:Aassddffgg:rakibhassanrtr77445@outlook.com
tanverhassahd50@gmail.com:Aassddffgg:tanverhassahd5045@outlook.com
emonhassanryr293@gmail.com:Aassddffgg:emonhassanryr29345@outlook.com
sakibhassanryr580@gmail.com:Aassddffgg:sakibhassanryr58045@outlook.com
rjibhassanrud9@gmail.com:Aassddffgg:rjibhassanrud945@outlook.com
rakibhassanryr54@gmail.com:Aassddffgg:rakibhassanryr5445@outlook.com
emonhassanryr877@gmail.com:Aassddffgg:emonhassanryr87745@outlook.com
rakibhassanryuir55@gmail.com:Aassddffgg:rakibhassanryuir5545@outlook.com
evaakruerw78@gmail.com:Aassddffgg:evaakruerw7845@outlook.com
rakibhassanryr80@gmail.com:Aassddffgg:rakibhassanryr8045@outlook.com
akibulhassantur9@gmail.com:Aassddffgg:akibulhassantur945@outlook.com
tsnverusydfzx77@gmail.com:Aassddffgg:tsnverusydfzx7745@outlook.com
rakibhassabdh35@gmail.com:Aassddffgg:rakibhassabdh3545@outlook.com
mimakteret6@gmail.com:Aassddffgg:mimakteret645@outlook.com
emonhassanryd353@gmail.com:Aassddffgg:emonhassanryd35345@outlook.com
ritekhassanryr352@gmail.com:Aassddffgg:ritekhassanryr35245@outlook.com
tanveyehassabtyr27@gmail.com:Aassddffgg:tanveyehassabtyr2745@outlook.com
rakibhassanrtr65@gmail.com:Aassddffgg:rakibhassanrtr6545@outlook.com
mimajtrusr15@gmail.com:Aassddffgg:mimajtrusr1545@outlook.com
emonhassabryr564@gmail.com:Aassddffgg:emonhassabryr56445@outlook.com
sakibhassanrtd3@gmail.com:Aassddffgg:sakibhassanrtd345@outlook.com
tanveyhassantyr6@gmail.com:Aassddffgg:tanveyhassantyr645@outlook.com
sakibhassanryr610@gmail.com:Aassddffgg:sakibhassanryr61045@outlook.com
evaakteuds053@gmail.com:Aassddffgg:evaakteuds05345@outlook.com
rimehassanryd8@gmail.com:Aassddffgg:rimehassanryd845@outlook.com
sakibhassanryr70@gmail.com:Aassddffgg:sakibhassanryr7045@outlook.com
firiaakyrurtd166@gmail.com:Aassddffgg:firiaakyrurtd16645@outlook.com
emonhassanryd5@gmail.com:Aassddffgg:emonhassanryd545@outlook.com
tanverhassanryd425@gmail.com:Aassddffgg:tanverhassanryd42545@outlook.com
tanryehassanrud84@gmail.com:Aassddffgg:tanryehassanrud8445@outlook.com
emonjshsdeur4@gmail.com:Aassddffgg:emonjshsdeur445@outlook.com
evaajteyeeww90@gmail.com:Aassddffgg:evaajteyeeww9045@outlook.com
rakibhassantyr587@gmail.com:Aassddffgg:rakibhassantyr58745@outlook.com
rakibhassanryr759@gmail.com:Aassddffgg:rakibhassanryr75945@outlook.com
tanverhassabryte434@gmail.com:Aassddffgg:tanverhassabryte43445@outlook.com
tanverhassanryr3@gmail.com:Aassddffgg:tanverhassanryr345@outlook.com
emonhassanryr528@gmail.com:Aassddffgg:emonhassanryr52845@outlook.com
mimaktetew044@gmail.com:Aassddffgg:mimaktetew04445@outlook.com
rakibhassantyr488@gmail.com:Aassddffgg:rakibhassantyr48845@outlook.com
rakibhassantyr911@gmail.com:Aassddffgg:rakibhassantyr91145@outlook.com
mimakteteee3@gmail.com:Aassddffgg:mimakteteee345@outlook.com
emonhassanryr375@gmail.com:Aassddffgg:emonhassanryr37545@outlook.com
rakibhassanrte53@gmail.com:Aassddffgg:rakibhassanrte5345@outlook.com
sakibhassanrye02@gmail.com:Aassddffgg:sakibhassanrye0245@outlook.com
rakibhassanrys386@gmail.com:Aassddffgg:rakibhassanrys38645@outlook.com
sakibhassanrue114@gmail.com:Aassddffgg:sakibhassanrue11445@outlook.com
mimakteyrw7@gmail.com:Aassddffgg:mimakteyrw745@outlook.com
rakibhassanrue558@gmail.com:Aassddffgg:rakibhassanrue55845@outlook.com
rakibhassanryr76@gmail.com:Aassddffgg:rakibhassanryr7645@outlook.com
franhassantye525@gmail.com:Aassddffgg:franhassantye52545@outlook.com
emonhassanryd2@gmail.com:Aassddffgg:emonhassanryd245@outlook.com
emonhassantud6@gmail.com:Aassddffgg:emonhassantud645@outlook.com
emonhassantyr904@gmail.com:Aassddffgg:emonhassantyr90445@outlook.com
emonhassantyf87@gmail.com:Aassddffgg:emonhassantyf8745@outlook.com
sakibhassantyf48@gmail.com:Aassddffgg:sakibhassantyf4845@outlook.com
emonhassantyr769@gmail.com:Aassddffgg:emonhassantyr76945@outlook.com
mimakteyw@gmail.com:Aassddffgg:mimakteyw45@outlook.com
tanverhassanrusd74@gmail.com:Aassddffgg:tanverhassanrusd7445@outlook.com
sakibhassantut412@gmail.com:Aassddffgg:sakibhassantut41245@outlook.com
mimaktetetw545@gmail.com:Aassddffgg:mimaktetetw54545@outlook.com
sovaaktereyr168@gmail.com:Aassddffgg:sovaaktereyr16845@outlook.com
dmariaakteyew37@gmail.com:Aassddffgg:dmariaakteyew3745@outlook.com
akterhaan86@gmail.com:aassddffgg:akterhaan8633@outlook.com
darekhasan75@gmail.com:aassddffgg:darekhasan7533@outlook.com
akterdnhaean556@gmail.com:aassddffgg:akterdnhaean55633@outlook.com
moeradhasan47@gmail.com:aassddffgg:moeradhasan4733@outlook.com
daernlhsan0@gmail.com:aassddffgg:daernlhsan033@outlook.com
eaomakter17@gmail.com:aassddffgg:eaomakter1733@outlook.com
ramordhaktej4@gmail.com:aassddffgg:ramordhaktej433@outlook.com
saetnmqktf39@gmail.com:aassddffgg:saetnmqktf3933@outlook.com
faenmhasam83@gmail.com:aassddffgg:faenmhasam8333@outlook.com
rkaemakter4@gmail.com:aassddffgg:rkaemakter433@outlook.com
delibqhasana41@gmail.com:aassddffgg:delibqhasana4133@outlook.com
baemdhasan9@gmail.com:aassddffgg:baemdhasan933@outlook.com
maeklhasanb37@gmail.com:aassddffgg:maeklhasanb3733@outlook.com
burakmhaea14@gmail.com:aassddffgg:burakmhaea1433@outlook.com
garlomhasan68@gmail.com:aassddffgg:garlomhasan6833@outlook.com
eopalmakeip8@gmail.com:aassddffgg:eopalmakeip833@outlook.com
laembkaktet0@gmail.com:aassddffgg:laembkaktet033@outlook.com
akorwnhaan77@gmail.com:aassddffgg:akorwnhaan7733@outlook.com
eaomthsan61@gmail.com:aassddffgg:eaomthsan6133@outlook.com
eaondthakter01@gmail.com:aassddffgg:eaondthakter0133@outlook.com
patemkaktsh21@gmail.com:aassddffgg:patemkaktsh2133@outlook.com
eaotkgdaktern74@gmail.com:aassddffgg:eaotkgdaktern7433@outlook.com
eaotmhadad19@gmail.com:aassddffgg:eaotmhadad1933@outlook.com
eaopmfmhsan2@gmail.com:aassddffgg:eaopmfmhsan233@outlook.com
moreaknhsan7@gmail.com:aassddffgg:moreaknhsan733@outlook.com
satoknalurtm98@gmail.com:aassddffgg:satoknalurtm9833@outlook.com
taopkfhasant9@gmail.com:aassddffgg:taopkfhasant933@outlook.com
eaurhhafdh664@gmail.com:aassddffgg:eaurhhafdh66433@outlook.com
najmulhasatn890@gmail.com:aassddffgg:najmulhasatn89033@outlook.com
eaotkgmhssant8@gmail.com:aassddffgg:eaotkgmhssant833@outlook.com
ewaoymbhassf44@gmail.com:aassddffgg:ewaoymbhassf4433@outlook.com
eoplfmhasan48@gmail.com:aassddffgg:eoplfmhasan4833@outlook.com
eopkasmhaaan9@gmail.com:aassddffgg:eopkasmhaaan933@outlook.com
saemhhsf179@gmail.com:aassddffgg:saemhhsf17933@outlook.com
sarnmokhsan4@gmail.com:aassddffgg:sarnmokhsan433@outlook.com
saenbkakteru483@gmail.com:aassddffgg:saenbkakteru48333@outlook.com
saernkopmse1@gmail.com:aassddffgg:saernkopmse133@outlook.com
baewopjakyeh788@gmail.com:aassddffgg:baewopjakyeh78833@outlook.com
waykfkhasan5@gmail.com:aassddffgg:waykfkhasan533@outlook.com
eatbdkhasam134@gmail.com:aassddffgg:eatbdkhasam13433@outlook.com
sarrdhssf3@gmail.com:aassddffgg:sarrdhssf333@outlook.com
arwbsmhsdsbn85@gmail.com:aassddffgg:arwbsmhsdsbn8533@outlook.com
sayrmhsan15@gmail.com:aassddffgg:sayrmhsan1533@outlook.com
saernhasan86@gmail.com:aassddffgg:saernhasan8633@outlook.com
saemhakter269@gmail.com:aassddffgg:saemhakter26933@outlook.com
saemhohssam1@gmail.com:aassddffgg:saemhohssam133@outlook.com
saernhaam9@gmail.com:aassddffgg:saernhaam933@outlook.com
emonhadan803@gmail.com:aassddffgg:emonhadan80333@outlook.com
sahrrenhssan281@gmail.com:aassddffgg:sahrrenhssan28133@outlook.com
easdrnhadam58@gmail.com:aassddffgg:easdrnhadam5833@outlook.com
eamoybakterd71@gmail.com:aassddffgg:eamoybakterd7133@outlook.com
sanbymkatrv4@gmail.com:aassddffgg:sanbymkatrv433@outlook.com
eakybakrerthh143@gmail.com:aassddffgg:eakybakrerthh14333@outlook.com
saenmhasab480@gmail.com:aassddffgg:saenmhasab48033@outlook.com
eaniosjhab496@gmail.com:aassddffgg:eaniosjhab49633@outlook.com
eaniekhaan33@gmail.com:aassddffgg:eaniekhaan3333@outlook.com
saerhknhatt3@gmail.com:aassddffgg:saerhknhatt333@outlook.com
eaopkfaktwe974@gmail.com:aassddffgg:eaopkfaktwe97433@outlook.com
sakpwnhasan7@gmail.com:aassddffgg:sakpwnhasan733@outlook.com
moeakakteb89@gmail.com:aassddffgg:moeakakteb8933@outlook.com
samkohasab04@gmail.com:aassddffgg:samkohasab0433@outlook.com
haewmaktern633@gmail.com:aassddffgg:haewmaktern63333@outlook.com
eamoyaktdh136@gmail.com:aassddffgg:eamoyaktdh13633@outlook.com
niaehgaktwb54@gmail.com:aassddffgg:niaehgaktwb5433@outlook.com
raonehasan59@gmail.com:aassddffgg:raonehasan5933@outlook.com
saemotbaktwkv491@gmail.com:aassddffgg:saemotbaktwkv49133@outlook.com
maoekhasanr381@gmail.com:aassddffgg:maoekhasanr38133@outlook.com
eamotbhdsf938@gmail.com:aassddffgg:eamotbhdsf93833@outlook.com
eamorbhasan7@gmail.com:aassddffgg:eamorbhasan733@outlook.com
eamtefhasan15@gmail.com:aassddffgg:eamtefhasan1533@outlook.com
babluakter89@gmail.com:aassddffgg:babluakter8933@outlook.com
emiahbhaean702@gmail.com:aassddffgg:emiahbhaean70233@outlook.com
selonhassaner3@gmail.com:aassddffgg:selonhassaner388@outlook.com
kadarhassaner865@gmail.com:aassddffgg:kadarhassaner86588@outlook.com
soltonhassaner8@gmail.com:aassddffgg:soltonhassaner888@outlook.com
labonekhatonre4@gmail.com:aassddffgg:labonekhatonre488@outlook.com
remonhassaner246@gmail.com:aassddffgg:remonhassaner24688@outlook.com
salmakhatoner28@gmail.com:aassddffgg:salmakhatoner2888@outlook.com
moneshassaner375@gmail.com:aassddffgg:moneshassaner37588@outlook.com
ronehassaner728@gmail.com:aassddffgg:ronehassaner72888@outlook.com
nosratkhatonre83@gmail.com:aassddffgg:nosratkhatonre8388@outlook.com
rohethassaner72@gmail.com:aassddffgg:rohethassaner7288@outlook.com
babluhassaner86@gmail.com:aassddffgg:babluhassaner8688@outlook.com
solamanhassaner146@gmail.com:aassddffgg:solamanhassaner14688@outlook.com
farhanhassaner7@gmail.com:aassddffgg:farhanhassaner788@outlook.com
mahedehassaner98@gmail.com:aassddffgg:mahedehassaner9888@outlook.com
gebonhassaner2@gmail.com:aassddffgg:gebonhassaner288@outlook.com
retohassaner5@gmail.com:aassddffgg:retohassaner588@outlook.com
fardenhassaner191@gmail.com:aassddffgg:fardenhassaner19188@outlook.com
kasamhassaner40@gmail.com:aassddffgg:kasamhassaner4088@outlook.com
jakerhassaner650@gmail.com:aassddffgg:jakerhassaner65088@outlook.com
sabbirhassaner179@gmail.com:aassddffgg:sabbirhassaner17988@outlook.com
samaulhassaner475@gmail.com:aassddffgg:samaulhassaner47588@outlook.com
momenhassaner58@gmail.com:aassddffgg:momenhassaner5888@outlook.com
abbirhassaner035@gmail.com:aassddffgg:abbirhassaner03588@outlook.com
koberhassaner7@gmail.com:aassddffgg:koberhassaner788@outlook.com
remeakhatoner1@gmail.com:aassddffgg:remeakhatoner188@outlook.com
somiakhatoner1@gmail.com:aassddffgg:somiakhatoner188@outlook.com
sabrenakhartontr144@gmail.com:aassddffgg:sabrenakhartontr14488@outlook.com
rohethassaner973@gmail.com:aassddffgg:rohethassaner97388@outlook.com
soneakhatonee8@gmail.com:aassddffgg:soneakhatonee888@outlook.com
lakekhatoner05@gmail.com:aassddffgg:lakekhatoner0588@outlook.com
sabistnhassaner084@gmail.com:aassddffgg:sabistnhassaner08488@outlook.com
sabbirehasaaner77@gmail.com:aassddffgg:sabbirehasaaner7788@outlook.com
sabenakhatonre56@gmail.com:aassddffgg:sabenakhatonre5688@outlook.com
piashhassanre7@gmail.com:aassddffgg:piashhassanre788@outlook.com
jakerhassaner78@gmail.com:aassddffgg:jakerhassaner7888@outlook.com
montahakhatoner0@gmail.com:aassddffgg:montahakhatoner088@outlook.com
karemulhassaner6@gmail.com:aassddffgg:karemulhassaner688@outlook.com
jarenkhatoner01@gmail.com:aassddffgg:jarenkhatoner0188@outlook.com
reakhatonrt6@gmail.com:aassddffgg:reakhatonrt688@outlook.com
saidorhassaner94@gmail.com:aassddffgg:saidorhassaner9488@outlook.com
samplekgatoner08@gmail.com:aassddffgg:samplekgatoner0888@outlook.com
rizvikhanerr874@gmail.com:aassddffgg:rizvikhanerr87488@outlook.com
habibutkhanerr3@gmail.com:aassddffgg:habibutkhanerr388@outlook.com
lemonhassaner719@gmail.com:aassddffgg:lemonhassaner71988@outlook.com
