naservinji857@gmail.com:mmnnbbvvcc:naservinji85743@outlook.com
zaservasdo435@gmail.com:mmnnbbvvcc:zaservasdo43543@outlook.com
zaservasko1@gmail.com:mmnnbbvvcc:zaservasko143@outlook.com
zazegoji863@gmail.com:mmnnbbvvcc:zazegoji86343@outlook.com
gaderrefi98@gmail.com:mmnnbbvvcc:gaderrefi9843@outlook.com
arabicman242@gmail.com:mmnnbbvvcc:arabicman24243@outlook.com
laskibojo0@gmail.com:mmnnbbvvcc:laskibojo043@outlook.com
qazerdxc6@gmail.com:mmnnbbvvcc:qazerdxc643@outlook.com
saervfio53@gmail.com:mmnnbbvvcc:saervfio5343@outlook.com
xaservojo463@gmail.com:mmnnbbvvcc:xaservojo46343@outlook.com
naserbojo202@gmail.com:mmnnbbvvcc:naserbojo20243@outlook.com
baserbojo176@gmail.com:mmnnbbvvcc:baserbojo17643@outlook.com
naserboxi282@gmail.com:mmnnbbvvcc:naserboxi28243@outlook.com
baservoki925@gmail.com:mmnnbbvvcc:baservoki92543@outlook.com
baserbasko54@gmail.com:mmnnbbvvcc:baserbasko5443@outlook.com
jaservoji22@gmail.com:mmnnbbvvcc:jaservoji2243@outlook.com
zasegibasko36@gmail.com:mmnnbbvvcc:zasegibasko3643@outlook.com
hasergoho8@gmail.com:mmnnbbvvcc:hasergoho843@outlook.com
laservesr1@gmail.com:mmnnbbvvcc:laservesr143@outlook.com
gsserviop0@gmail.com:mmnnbbvvcc:gsserviop043@outlook.com
gaservoko096@gmail.com:mmnnbbvvcc:gaservoko09643@outlook.com
asergoji66@gmail.com:mmnnbbvvcc:asergoji6643@outlook.com
fansevose163@gmail.com:mmnnbbvvcc:fansevose16343@outlook.com
naservji439@gmail.com:mmnnbbvvcc:naservji43943@outlook.com
adervoji20@gmail.com:mmnnbbvvcc:adervoji2043@outlook.com
basermoki517@gmail.com:mmnnbbvvcc:basermoki51743@outlook.com
jokivase27@gmail.com:mmnnbbvvcc:jokivase2743@outlook.com
aservoji53@gmail.com:mmnnbbvvcc:aservoji5343@outlook.com
aservoki890@gmail.com:mmnnbbvvcc:aservoki89043@outlook.com
gasdrboso133@gmail.com:mmnnbbvvcc:gasdrboso13343@outlook.com
baserboji1@gmail.com:mmnnbbvvcc:baserboji143@outlook.com
aservoji465@gmail.com:mmnnbbvvcc:aservoji46543@outlook.com
vaserboki6@gmail.com:mmnnbbvvcc:vaserboki643@outlook.com
tassvase3@gmail.com:mmnnbbvvcc:tassvase343@outlook.com
asedvase071@gmail.com:mmnnbbvvcc:asedvase07143@outlook.com
kasjigase38@gmail.com:mmnnbbvvcc:kasjigase3843@outlook.com
rasedrty28@gmail.com:llkkjjhh:rasedrty2855@Outlook.com
taedrty2@gmail.com:llkkjjhh:taedrty255@Outlook.com
tasedrtyo932@gmail.com:llkkjjhh:tasedrtyo93255@Outlook.com
tasedty717@gmail.com:llkkjjhh:tasedty71755@Outlook.com
gaserty648@gmail.com:llkkjjhh:gaserty64855@Outlook.com
hasedm816@gmail.com:llkkjjhh:hasedm81655@Outlook.com
yasedrt661@gmail.com:llkkjjhh:yasedrt66155@Outlook.com
hasdemo04@gmail.com:llkkjjhh:hasdemo0455@Outlook.com
molpnb92@gmail.com:llkkjjhh:molpnb9255@Outlook.com
daaemlop623@gmail.com:llkkjjhh:daaemlop62355@Outlook.com
mklop8395@gmail.com:llkkjjhh:mklop839555@Outlook.com
tasrdtmo03@gmail.com:llkkjjhh:tasrdtmo0355@Outlook.com
tasert931@gmail.com:llkkjjhh:tasert93155@Outlook.com
hasedryy2@gmail.com:llkkjjhh:hasedryy255@Outlook.com
tasedrt184@gmail.com:llkkjjhh:tasedrt18455@Outlook.com
hasedtt69@gmail.com:llkkjjhh:hasedtt6955@Outlook.com
hasedryy1@gmail.com:llkkjjhh:hasedryy155@Outlook.com
tasedrr52@gmail.com:llkkjjhh:tasedrr5255@Outlook.com
tasedrtm3@gmail.com:llkkjjhh:tasedrtm355@Outlook.com
hasemlo522@gmail.com:llkkjjhh:hasemlo52255@Outlook.com
mazsed576@gmail.com:llkkjjhh:mazsed57655@Outlook.com
trmklop98@gmail.com:llkkjjhh:trmklop9855@Outlook.com
dasmlop587@gmail.com:llkkjjhh:dasmlop58755@Outlook.com
tasedt79@gmail.com:llkkjjhh:tasedt7955@Outlook.com
tasrdty974@gmail.com:llkkjjhh:tasrdty97455@Outlook.com
hasryi56@gmail.com:llkkjjhh:hasryi5655@Outlook.com
tasedm10@gmail.com:llkkjjhh:tasedm1055@Outlook.com
hasdery486@gmail.com:llkkjjhh:hasdery48655@Outlook.com
tasedrty00@gmail.com:llkkjjhh:tasedrty0055@Outlook.com
tasedrt0@gmail.com:llkkjjhh:tasedrt055@Outlook.com
hasderm68@gmail.com:llkkjjhh:hasderm6855@Outlook.com
h54604313@gmail.com:llkkjjhh:h5460431355@Outlook.com
hasedtm54@gmail.com:llkkjjhh:hasedtm5455@Outlook.com
haserm54@gmail.com:llkkjjhh:haserm5455@Outlook.com
dasermlkop363@gmail.com:llkkjjhh:dasermlkop36355@Outlook.com
hasedrt74@gmail.com:llkkjjhh:hasedrt7455@Outlook.com
hasdermklop020@gmail.com:llkkjjhh:hasdermklop02055@Outlook.com
hbmlop78@gmail.com:llkkjjhh:hbmlop7855@Outlook.com
hasedt4@gmail.com:llkkjjhh:hasedt455@Outlook.com
khaseno958@gmail.com:llkkjjhh:khaseno95855@Outlook.com
hasert226@gmail.com:llkkjjhh:hasert22655@Outlook.com
hasedrt17@gmail.com:llkkjjhh:hasedrt1755@Outlook.com
hasedml901@gmail.com:llkkjjhh:hasedml90155@Outlook.com
haseolp72@gmail.com:llkkjjhh:haseolp7255@Outlook.com
hasedrt3@gmail.com:llkkjjhh:hasedrt355@Outlook.com
hasedety7@gmail.com:llkkjjhh:hasedety755@Outlook.com
tasdert248@gmail.com:llkkjjhh:tasdert24855@Outlook.com
hasdery99@gmail.com:llkkjjhh:hasdery9955@Outlook.com
tasdett1@gmail.com:llkkjjhh:tasdett155@Outlook.com
tasedrty99@gmail.com:llkkjjhh:tasedrty9955@Outlook.com
hasder384@gmail.com:llkkjjhh:hasder38455@Outlook.com
khasdery6@gmail.com:llkkjjhh:khasdery655@Outlook.com
hasderm23@gmail.com:llkkjjhh:hasderm2355@Outlook.com
hasmkloo4@gmail.com:llkkjjhh:hasmkloo455@Outlook.com
g80740506@gmail.com:llkkjjhh:g8074050655@Outlook.com
haserdr2@gmail.com:llkkjjhh:haserdr255@Outlook.com
hasedem233@gmail.com:llkkjjhh:hasedem23355@Outlook.com
hdaer775@gmail.com:llkkjjhh:hdaer77555@Outlook.com
hasedtt433@gmail.com:llkkjjhh:hasedtt43355@Outlook.com
hasedrm54@gmail.com:llkkjjhh:hasedrm5455@Outlook.com
h60047193@gmail.com:llkkjjhh:h6004719355@Outlook.com
hosenrokon15@gmail.com:asdfgasdfg:hosenrokon155@outlook.com
setuafrin573@gmail.com:asdfgasdfg:setuafrin5735@outlook.com
sabinatithi54@gmail.com:asdfgasdfg:sabinatithi545@outlook.com
etharnahid872@gmail.com:asdfgasdfg:etharnahid8725@outlook.com
shofikulhoqe188@gmail.com:asdfgasdfg:shofikulhoqe1885@outlook.com
mdsulaimanhosen49@gmail.com:asdfgasdfg:mdsulaimanhosen495@outlook.com
tamannahoqe16@gmail.com:asdfgasdfg:tamannahoqe165@outlook.com
mstsoheliakter63@gmail.com:asdfgasdfg:mstsoheliakter635@outlook.com
naharmstyasmin@gmail.com:asdfgasdfg:naharmstyasmin5@outlook.com
sathiyasmina88@gmail.com:asdfgasdfg:sathiyasmina885@outlook.com
msttanzilaakter09@gmail.com:asdfgasdfg:msttanzilaakter095@outlook.com
hoqesoriful449@gmail.com:asdfgasdfg:hoqesoriful4495@outlook.com
hosenesmail869@gmail.com:asdfgasdfg:hosenesmail8695@outlook.com
sazedulhoqe86@gmail.com:asdfgasdfg:sazedulhoqe865@outlook.com
sadiabusraa58@gmail.com:asdfgasdfg:sadiabusraa585@outlook.com
arifahoqelima@gmail.com:asdfgasdfg:arifahoqelima5@outlook.com
shawonbussas@gmail.com:asdfgasdfg:shawonbussas5@outlook.com
fahimjubayer53@gmail.com:asdfgasdfg:fahimjubayer535@outlook.com
filonhosen6@gmail.com:asdfgasdfg:filonhosen65@outlook.com
mstsalmaakter305@gmail.com:asdfgasdfg:mstsalmaakter3055@outlook.com
keyaislamjui@gmail.com:asdfgasdfg:keyaislamjui5@outlook.com
beinstokes09@gmail.com:asdfgasdfg:beinstokes095@outlook.com
devidwarnar913@gmail.com:asdfgasdfg:devidwarnar9135@outlook.com
keinwiliamson8@gmail.com:asdfgasdfg:keinwiliamson85@outlook.com
ridoytowhid88@gmail.com:asdfgasdfg:ridoytowhid885@outlook.com
mehedyhasanmiraz730@gmail.com:asdfgasdfg:mehedyhasanmiraz7305@outlook.com
mstrasidaakter88@gmail.com:asdfgasdfg:mstrasidaakter885@outlook.com
msttohomina47@gmail.com:asdfgasdfg:msttohomina475@outlook.com
mdhabibulhoqe@gmail.com:asdfgasdfg:mdhabibulhoqe5@outlook.com
mofizulhoqe4@gmail.com:asdfgasdfg:mofizulhoqe45@outlook.com
