sapinuddibee278@gmail.com:rashed1234:sapinuddibee27812@outlook.com
niakotuddibee@gmail.com:rashed1234:niakotuddibee12@outlook.com
emonuddibee88@gmail.com:rashed1234:emonuddibee8812@outlook.com
kasisagoleee@gmail.com:rashed1234:kasisagoleee12@outlook.com
monihasanee50@gmail.com:rashed1234:monihasanee5012@outlook.com
milkiuddibee91@gmail.com:rashed1234:milkiuddibee9112@outlook.com
banterane219@gmail.com:rashed1234:banterane21912@outlook.com
rabbiuddinee@gmail.com:rashed1234:rabbiuddinee12@outlook.com
riazuddinee@gmail.com:rashed1234:riazuddinee12@outlook.com
hossemdsohag@gmail.com:rashed1234:hossemdsohag12@outlook.com
sigaguddinee@gmail.com:rashed1234:sigaguddinee12@outlook.com
afiisoanee@gmail.com:rashed1234:afiisoanee12@outlook.com
urmiapuee432@gmail.com:rashed1234:urmiapuee43212@outlook.com
fizuddibee85@gmail.com:rashed1234:fizuddibee8512@outlook.com
motiuddinee@gmail.com:rashed1234:motiuddinee12@outlook.com
taskiyakhatunee@gmail.com:rashed1234:taskiyakhatunee12@outlook.com
malikuddibee82@gmail.com:rashed1234:malikuddibee8212@outlook.com
a18082857@gmail.com:rashed1234:a1808285712@outlook.com
hasimudbdbd@gmail.com:rashed1234:hasimudbdbd12@outlook.com
hobeislame8@gmail.com:sagor1234:hobeislame825@outlook.com
