mdtowfiqhosen1@gmail.com	:	ystysyfhsyd	:	mdtowfiqhosen14@outlook.com
mstasmakhatun170@gmail.com	:	tsfyatfhsyfh	:	mstasmakhatun1704@outlook.com
amstsoniya32@gmail.com	:	jftaugkcyxlv	:	amstsoniya324@outlook.com
mstfahimaakter540@gmail.com	:	ustdkfgUfv	:	mstfahimaakter5404@outlook.com
sairahoqe@gmail.com	:	fhistdlg7jfv	:	sairahoqe4@outlook.com
mdfarukhoqe122@gmail.com	:	dhgustdkch	:	mdfarukhoqe1224@outlook.com
mdfoisalhoq@gmail.com	:	tsgjsrskcgz	:	mdfoisalhoq4@outlook.com
mdrostomhosen14@gmail.com	:	dhfyarskft	:	mdrostomhosen144@outlook.com
mdkamrulhoqe7@gmail.com	:	ydkfgskghz	:	mdkamrulhoqe74@outlook.com
mominurhoqe13@gmail.com	:	surgGjxydgk	:	mominurhoqe134@outlook.com
hoqemdtobibur@gmail.com	:	duksfskfgdk	:	hoqemdtobibur4@outlook.com
msttaslimah@gmail.com	:	fjgksyfksff	:	msttaslimah4@outlook.com
masudulhosen45@gmail.com	:	xysujzufjf	:	masudulhosen454@outlook.com
mstkhadizahoq@gmail.com	:	dhgtsfkxtZlhj	:	mstkhadizahoq4@outlook.com
studenttnaiakhatun@gmail.com	:	ertyuioptyuio	:	studenttnaiakhatun12@outlook.com
studentshasanmiadacters@gmail.com	:	ertyuopkltyuio	:	studentshasanmiadacters12@outlook.com
milonmiasthgfds@gmail.com	:	asdfghhkklyuu	:	milonmiasthgfds12@outlook.com
hasanmiadacters823@gmail.com	:	sdfghjuytreerrtt	:	hasanmiadacters82312@outlook.com
milonmiadactersstudents@gmail.com	:	cvbnmkjhgfdss	:	milonmiadactersstudents12@outlook.com
farukmiadactersstudents@gmail.com	:	fghjkloiuytre	:	farukmiadactersstudents12@outlook.com
