SusanMills914@gmail.com:SusanMills914:torikul2pay@gmail.com
VictoriaGamble559@gmail.com:VictoriaGamble559:tom09paul1@gmail.com
CompanyG96@gmail.com:CompanyG96:lizisultana40@gmail.com
AddieHayes711@gmail.com:AddieHayes711:lizisultana40@gmail.com
IsadoraPhillips57@gmail.com:IsadoraPhillips57:nusrat2layla@gmail.com
KimGuzman49@gmail.com:KimGuzman49:rakibpvc136@gmail.com
Denton653@gmail.com:Denton653:rakibpvc136@gmail.com
DollySyarr7@gmail.com:DollySyarr7:nusrat2rakib@gmail.com
JodiGritgd5@gmail.com:JodiGritgd5:rakibpvc409@gmail.com
Dcaggs44@gmail.com:Dcaggs44:xvx7@outlook.it
Harsy789@gmail.com:Harsy789:rakibpvc397@gmail.com
DollyStarr86@gmail.com:DollyStarr86:rakibpvc397@gmail.com
Meade150@gmail.com:Meade150:nusrat2layla@gmail.com
ZenaidaReeves832@gmail.com:ZenaidaReeves832:persikgv0@yahoo.com
Among810@gmail.com:Among810:bdflash@outlook.com
SandraLim989@gmail.com:SandraLim989:rakibpvc397@gmail.com
DanetteWooten965@gmail.com:DanetteWooten965:rakibpvc397@gmail.com
BonnieTalley244@gmail.com:BonnieTalley244:julaeheadley@hotmail.com
AndreaLavelle78@gmail.com:AndreaLavelle78:xlite_tk2@outlook.com
RoseDempsey54@gmail.com:sagorsocialkot87@gmail.com:brianwillas980@gmail.com
