putulkhandoker00075@gmail.com:rreewwqq:putulkhandoker0007532@outlook.com
sabbirhassantvc@gmail.com:aassddffgg:sabbirhassantvc87@outlook.com
babluhassanyff@gmail.com:aassddffgg:babluhassanyff87@outlook.com
rotonhassangch@gmail.com:aassddffgg:rotonhassangch87@outlook.com
omorhassanhgf@gmail.com:aassddffgg:omorhassanhgf87@outlook.com
emonhassanrhv@gmail.com:aassddffgg:emonhassanrhv87@outlook.com
babluhassangxv@gmail.com:aassddffgg:babluhassangxv87@outlook.com
sakibhassanufc@gmail.com:aassddffgg:sakibhassanufc87@outlook.com
babluhassanyc@gmail.com:aassddffgg:babluhassanyc87@outlook.com
omorhassanuvc@gmail.com:aassddffgg:omorhassanuvc87@outlook.com
sakibhassanfvy@gmail.com:aassddffgg:sakibhassanfvy87@outlook.com
rotonhassanudr@gmail.com:aassddffgg:rotonhassanudr87@outlook.com
emonhassanyc@gmail.com:aassddffgg:emonhassanyc87@outlook.com
sabbirhassantcc@gmail.com:aassddffgg:sabbirhassantcc87@outlook.com
rotonhassancgb@gmail.com:aassddffgg:rotonhassancgb87@outlook.com
easarhassanufc@gmail.com:aassddffgg:easarhassanufc87@outlook.com
bakulhassanyd@gmail.com:aassddffgg:bakulhassanyd87@outlook.com
balbluhassanufd@gmail.com:aassddffgg:balbluhassanufd87@outlook.com
sakibhassanyf@gmail.com:aassddffgg:sakibhassanyf87@outlook.com
sakibhassanyvy@gmail.com:aassddffgg:sakibhassanyvy87@outlook.com
omorhassanyc@gmail.com:aassddffgg:omorhassanyc87@outlook.com
easarhassanuff@gmail.com:aassddffgg:easarhassanuff87@outlook.com
babluhassantx@gmail.com:aassddffgg:babluhassantx87@outlook.com
rotonhassabf@gmail.com:aassddffgg:rotonhassabf87@outlook.com
sabbirhassahvt@gmail.com:aassddffgg:sabbirhassahvt87@outlook.com
emonhassanhd@gmail.com:aassddffgg:emonhassanhd87@outlook.com
easarhassajfd@gmail.com:aassddffgg:easarhassajfd87@outlook.com
omorhassanyf@gmail.com:aassddffgg:omorhassanyf87@outlook.com
babluhassanbt@gmail.com:aassddffgg:babluhassanbt87@outlook.com
blokuhassangd@gmail.com:aassddffgg:blokuhassangd87@outlook.com
easarhassanuv@gmail.com:aassddffgg:easarhassanuv87@outlook.com
rotonhassanvu@gmail.com:aassddffgg:rotonhassanvu87@outlook.com
sakibhassanuf@gmail.com:aassddffgg:sakibhassanuf87@outlook.com
emonhassanyfd@gmail.com:aassddffgg:emonhassanyfd87@outlook.com
omorhassanudx@gmail.com:aassddffgg:omorhassanudx87@outlook.com
bakulhassanuff@gmail.com:aassddffgg:bakulhassanuff87@outlook.com
sabbirhassanhf@gmail.com:aassddffgg:sabbirhassanhf87@outlook.com
babluhassanift@gmail.com:aassddffgg:babluhassanift87@outlook.com
rotonhassanyf@gmail.com:aassddffgg:rotonhassanyf87@outlook.com
bakulhassanifc@gmail.com:aassddffgg:bakulhassanifc87@outlook.com
omorhassanigc@gmail.com:aassddffgg:omorhassanigc87@outlook.com
easarhassanuf@gmail.com:aassddffgg:easarhassanuf87@outlook.com
sonenhassanuv@gmail.com:aassddffgg:sonenhassanuv87@outlook.com
naimehassanyc@gmail.com:aassddffgg:naimehassanyc87@outlook.com
hassanyfroton@gmail.com:aassddffgg:hassanyfroton87@outlook.com
omorhassanuf@gmail.com:aassddffgg:omorhassanuf87@outlook.com
easarhassanyd@gmail.com:aassddffgg:easarhassanyd87@outlook.com
bakulhassanug@gmail.com:aassddffgg:bakulhassanug87@outlook.com
rotonhassanug@gmail.com:aassddffgg:rotonhassanug87@outlook.com
sabbirhassanug@gmail.com:aassddffgg:sabbirhassanug87@outlook.com
hassanyfdemon@gmail.com:aassddffgg:hassanyfdemon87@outlook.com
babluhassanuff@gmail.com:aassddffgg:babluhassanuff87@outlook.com
sakibhassanydr@gmail.com:aassddffgg:sakibhassanydr87@outlook.com
easarhassanug@gmail.com:aassddffgg:easarhassanug87@outlook.com
babluhassanug@gmail.com:aassddffgg:babluhassanug87@outlook.com
emonhassanug@gmail.com:aassddffgg:emonhassanug87@outlook.com
easarhassanugc@gmail.com:aassddffgg:easarhassanugc87@outlook.com
omorhassanig@gmail.com:aassddffgg:omorhassanig87@outlook.com
bakulhassanhgf@gmail.com:aassddffgg:bakulhassanhgf87@outlook.com
rotonhassanufx@gmail.com:aassddffgg:rotonhassanufx87@outlook.com
sakibhassanuhf@gmail.com:aassddffgg:sakibhassanuhf87@outlook.com
emonhassanygf@gmail.com:aassddffgg:emonhassanygf87@outlook.com
omorhassanugg@gmail.com:aassddffgg:omorhassanugg87@outlook.com
babluhassanuf@gmail.com:aassddffgg:babluhassanuf87@outlook.com
hassanuffeasar@gmail.com:aassddffgg:hassanuffeasar87@outlook.com
sabbirhassanttf@gmail.com:aassddffgg:sabbirhassanttf87@outlook.com
emonhassanyg@gmail.com:aassddffgg:emonhassanyg87@outlook.com
rotonhassanygf@gmail.com:aassddffgg:rotonhassanygf87@outlook.com
babluhassanbuf@gmail.com:aassddffgg:babluhassanbuf87@outlook.com
hassanyfsakib@gmail.com:aassddffgg:hassanyfsakib87@outlook.com
emonhassanygc@gmail.com:aassddffgg:emonhassanygc87@outlook.com
hassanugroton@gmail.com:aassddffgg:hassanugroton87@outlook.com
hassanydeasar@gmail.com:aassddffgg:hassanydeasar87@outlook.com
omorhassanugf@gmail.com:aassddffgg:omorhassanugf87@outlook.com
hassanugbakul@gmail.com:aassddffgg:hassanugbakul87@outlook.com
hassanugsabbir@gmail.com:aassddffgg:hassanugsabbir87@outlook.com
babluhassanugf@gmail.com:aassddffgg:babluhassanugf87@outlook.com
sakibhassanyv@gmail.com:aassddffgg:sakibhassanyv87@outlook.com
emonhassanyf@gmail.com:aassddffgg:emonhassanyf87@outlook.com
rotonhassanyg@gmail.com:aassddffgg:rotonhassanyg87@outlook.com
hassanufeasar@gmail.com:aassddffgg:hassanufeasar87@outlook.com
omorhassanyfd@gmail.com:aassddffgg:omorhassanyfd87@outlook.com
bakulhassanuvc@gmail.com:aassddffgg:bakulhassanuvc87@outlook.com
sakibhassanug@gmail.com:aassddffgg:sakibhassanug87@outlook.com
hassanygemon@gmail.com:aassddffgg:hassanygemon87@outlook.com
rotonhassanuf@gmail.com:aassddffgg:rotonhassanuf87@outlook.com
easarhassanugf@gmail.com:aassddffgg:easarhassanugf87@outlook.com
bakulhassanyf@gmail.com:aassddffgg:bakulhassanyf87@outlook.com
omorhassanug@gmail.com:aassddffgg:omorhassanug87@outlook.com
sabbirhassanug100@gmail.com:aassddffgg:sabbirhassanug10087@outlook.com
babluhassanyf@gmail.com:aassddffgg:babluhassanyf87@outlook.com
hassanugemon@gmail.com:aassddffgg:hassanugemon87@outlook.com
sakibhassanuff@gmail.com:aassddffgg:sakibhassanuff87@outlook.com
rotonhassanug61@gmail.com:aassddffgg:rotonhassanug6187@outlook.com
easarhassanuyf@gmail.com:aassddffgg:easarhassanuyf87@outlook.com
bakulhassanyff@gmail.com:aassddffgg:bakulhassanyff87@outlook.com
babluhassanugf01@gmail.com:aassddffgg:babluhassanugf0187@outlook.com
emonhassanugv@gmail.com:aassddffgg:emonhassanugv87@outlook.com
hassanugfbablu@gmail.com:aassddffgg:hassanugfbablu87@outlook.com
emonhasssanuf@gmail.com:aassddffgg:emonhasssanuf87@outlook.com
hassanuffsakib@gmail.com:aassddffgg:hassanuffsakib87@outlook.com
bakulhassanugf@gmail.com:aassddffgg:bakulhassanugf87@outlook.com
hassanugfeasar@gmail.com:aassddffgg:hassanugfeasar87@outlook.com
omorhassanugc@gmail.com:aassddffgg:omorhassanugc87@outlook.com
rotonhasanug@gmail.com:aassddffgg:rotonhasanug87@outlook.com
hassanufbablu@gmail.com:aassddffgg:hassanufbablu87@outlook.com
sabbirhassanuyf@gmail.com:aassddffgg:sabbirhassanuyf87@outlook.com
emonhassanugf@gmail.com:aassddffgg:emonhassanugf87@outlook.com
emonhassanrtg@gmail.com:qqwweerrtt:emonhassanrtg87@outlook.com
rotonhassanetf@gmail.com:qqwweerrtt:rotonhassanetf87@outlook.com
easarhassandr@gmail.com:qqwweerrtt:easarhassandr87@outlook.com
sakibhassanrtf@gmail.com:qqwweerrtt:sakibhassanrtf87@outlook.com
sabbirhassanrty@gmail.com:qqwweerrtt:sabbirhassanrty87@outlook.com
omorhassanry115@gmail.com:qqwweerrtt:omorhassanry11587@outlook.com
bafusrndu8@gmail.com:mizbah90:bafusrndu832@outlook.com
daljkorjfgc576@gmail.com:mizbah90:daljkorjfgc57632@outlook.com
vanfyhvnfhj395@gmail.com:mizbah90:vanfyhvnfhj39532@outlook.com
ssjysjg252@gmail.com:mizbah90:ssjysjg25232@outlook.com
gsjtjdtdif14@gmail.com:mizbah90:gsjtjdtdif1432@outlook.com
rkdyryvsfh674@gmail.com:mizbah90:rkdyryvsfh67432@outlook.com
papugdfuetg7@gmail.com:mizbah90:papugdfuetg732@outlook.com
kdursvvdjf5@gmail.com:mizbah90:kdursvvdjf532@outlook.com
mnodtrcyg57@gmail.com:mizbah90:mnodtrcyg5732@outlook.com
sjrtvshvfv9@gmail.com:mizbah90:sjrtvshvfv932@outlook.com
euatsudtf3@gmail.com:mizbah90:euatsudtf332@outlook.com
djatdhhv88@gmail.com:mizbah90:djatdhhv8832@outlook.com
vjatusfugu99@gmail.com:mizbah90:vjatusfugu9932@outlook.com
uaruevfgv676@gmail.com:mizbah90:uaruevfgv67632@outlook.com
dajdvjffc669@gmail.com:mizbah90:dajdvjffc66932@outlook.com
algusfaldus5@gmail.com:mizbah90:algusfaldus532@outlook.com
padjsyemg5@gmail.com:mizbah90:padjsyemg532@outlook.com
patjcebnxuf93@gmail.com:mizbah90:patjcebnxuf9332@outlook.com
umiajstdmfh07@gmail.com:mizbah90:umiajstdmfh0732@outlook.com
duaeahcskfnc968@gmail.com:mizbah90:duaeahcskfnc96832@outlook.com
basisskfh529@gmail.com:mizbah90:basisskfh52932@outlook.com
cajynsgfj854@gmail.com:mizbah90:cajynsgfj85432@outlook.com
aferitsjfh654@gmail.com:mizbah90:aferitsjfh65432@outlook.com
pehduacsdj045@gmail.com:mizbah90:pehduacsdj04532@outlook.com
paewindjg37@gmail.com:mizbah90:paewindjg3732@outlook.com
djatjstf47@gmail.com:mizbah90:djatjstf4732@outlook.com
euarsvvjd74@gmail.com:mizbah90:euarsvvjd7432@outlook.com
ehhatabdhg2@gmail.com:mizbah90:ehhatabdhg232@outlook.com
pqdhtamdh664@gmail.com:mizbah90:pqdhtamdh66432@outlook.com
tskgsndhv697@gmail.com:mizbah90:tskgsndhv69732@outlook.com
cansydfmg03@gmail.com:mizbah90:cansydfmg0332@outlook.com
dajyjsvcju0@gmail.com:mizbah90:dajyjsvcju032@outlook.com
wjdutvchsfjfh32@gmail.com:mizbah90:wjdutvchsfjfh3232@outlook.com
tdahkuchy65@gmail.com:mizbah90:tdahkuchy6532@outlook.com
bnayrifubk67@gmail.com:mizbah90:bnayrifubk6732@outlook.com
pswtcjvhfu678@gmail.com:mizbah90:pswtcjvhfu67832@outlook.com
laytvhfufh7@gmail.com:mizbah90:laytvhfufh732@outlook.com
cmaytubsjfh@gmail.com:mizbah90:cmaytubsjfh32@outlook.com
baksuusttdjfh26@gmail.com:mizbah90:baksuusttdjfh2632@outlook.com
vkayttduhgj29@gmail.com:mizbah90:vkayttduhgj2932@outlook.com
sfsiykshcj0@gmail.com:mizbah90:sfsiykshcj032@outlook.com
vsntrudjh0@gmail.com:mizbah90:vsntrudjh032@outlook.com
cajydyjddg05@gmail.com:mizbah90:cajydyjddg0532@outlook.com
wudhgyvhhdh8@gmail.com:mizbah90:wudhgyvhhdh832@outlook.com
znysysiydkg537@gmail.com:mizbah90:znysysiydkg53732@outlook.com
ukafudvmd76@gmail.com:mizbah90:ukafudvmd7632@outlook.com
ladwygdnf65@gmail.com:mizbah90:ladwygdnf6532@outlook.com
masudtaat2@gmail.com:mizbah90:masudtaat232@outlook.com
ibrahimhkhn396@gmail.com:mizbah90:ibrahimhkhn39632@outlook.com
babluhkhan22@gmail.com:mizbah90:babluhkhan2232@outlook.com
shdusyfhb60@gmail.com:mizbah90:shdusyfhb6032@outlook.com
bakrythdjb25@gmail.com:mizbah90:bakrythdjb2532@outlook.com
zkdytjscscj482@gmail.com:mizbah90:zkdytjscscj48232@outlook.com
aebdyjdgv061@gmail.com:mizbah90:aebdyjdgv06132@outlook.com
mojnuhkahn8@gmail.com:mizbah90:mojnuhkahn832@outlook.com
faktukb8@gmail.com:mizbah90:faktukb832@outlook.com
lafyrbjsgc219@gmail.com:mizbah90:lafyrbjsgc21932@outlook.com
badutsidcy069@gmail.com:mizbah90:badutsidcy06932@outlook.com
lagdrrsjh0@gmail.com:mizbah90:lagdrrsjh032@outlook.com
akwyyjsjf8@gmail.com:mizbah90:akwyyjsjf832@outlook.com
kagitsjdyv88@gmail.com:mizbah90:kagitsjdyv8832@outlook.com
sjatatvjsgfu2@gmail.com:mizbah90:sjatatvjsgfu232@outlook.com
madreyyvsfn8@gmail.com:mizbah90:madreyyvsfn832@outlook.com
lnfuatify01@gmail.com:mizbah90:lnfuatify0132@outlook.com
kagutdjfh76@gmail.com:mizbah90:kagutdjfh7632@outlook.com
lagutsjgd0@gmail.com:mizbah90:lagutsjgd032@outlook.com
ofsngfjf5@gmail.com:mizbah90:ofsngfjf532@outlook.com
wjduudgcj19@gmail.com:mizbah90:wjduudgcj1932@outlook.com
hddgtbfgk472@gmail.com:mizbah90:hddgtbfgk47232@outlook.com
zkrauvjfhv44@gmail.com:mizbah90:zkrauvjfhv4432@outlook.com
dibalajhagdi5@gmail.com:mizbah90:dibalajhagdi532@outlook.com
hamidurkvj51@gmail.com:mizbah90:hamidurkvj5132@outlook.com
lalonkhfajd53@gmail.com:mizbah90:lalonkhfajd5332@outlook.com
papinkaayt29@gmail.com:mizbah90:papinkaayt2932@outlook.com
hakimhkahm586@gmail.com:mizbah90:hakimhkahm58632@outlook.com
amirhkham45@gmail.com:mizbah90:amirhkham4532@outlook.com
marjinahkahtin308@gmail.com:mizbah90:marjinahkahtin30832@outlook.com
fahimhkhan955@gmail.com:mizbah90:fahimhkhan95532@outlook.com
rahimskahn277@gmail.com:mizbah90:rahimskahn27732@outlook.com
baitaijagc37@gmail.com:mizbah90:baitaijagc3732@outlook.com
shadinhhasan9@gmail.com:mizbah90:shadinhhasan932@outlook.com
lahdkuykub0@gmail.com:mizbah90:lahdkuykub032@outlook.com
panjamjkagd6@gmail.com:mizbah90:panjamjkagd632@outlook.com
eyaminhkhan9@gmail.com:mizbah90:eyaminhkhan932@outlook.com
abdrhrohman825@gmail.com:mizbah90:abdrhrohman82532@outlook.com
mimihkhatunv37@gmail.com:mizbah90:mimihkhatunv3732@outlook.com
ejaeyrnstf794@gmail.com:mizbah90:ejaeyrnstf79432@outlook.com
takgjtjdyog002@gmail.com:mizbah90:takgjtjdyog00232@outlook.com
vkafurjdc0@gmail.com:mizbah90:vkafurjdc032@outlook.com
ejarbdjufug87@gmail.com:mizbah90:ejarbdjufug8732@outlook.com
parvejhkag7@gmail.com:mizbah90:parvejhkag732@outlook.com
zjewhejstg5@gmail.com:mizbah90:zjewhejstg532@outlook.com
payevrksyg799@gmail.com:mizbah90:payevrksyg79932@outlook.com
babulhhasan500@gmail.com:mizbah90:babulhhasan50032@outlook.com
eajxhrjfif91@gmail.com:mizbah90:eajxhrjfif9132@outlook.com
awhdgejfdf64@gmail.com:mizbah90:awhdgejfdf6432@outlook.com
sajdernxfvj88@gmail.com:mizbah90:sajdernxfvj8832@outlook.com
ahrysvdbjf893@gmail.com:mizbah90:ahrysvdbjf89332@outlook.com
khanharunh561@gmail.com:aass112233:khanharunh56128@outlook.com
khatunhabibah000@gmail.com:aass112233:khatunhabibah00028@outlook.com
khanhhabibur867@gmail.com:aass112233:khanhhabibur86728@outlook.com
tanjimulkhanh3@gmail.com:aass112233:tanjimulkhanh328@outlook.com
halimahk794@gmail.com:aass112233:halimahk79428@outlook.com
rukayahkhatun40@gmail.com:aass112233:rukayahkhatun4028@outlook.com
kharunrubina76@gmail.com:aass112233:kharunrubina7628@outlook.com
khanhmahbub66@gmail.com:aass112233:khanhmahbub6628@outlook.com
jamalkhanh13@gmail.com:aass112233:jamalkhanh1328@outlook.com
habiburkhanh515@gmail.com:aass112233:habiburkhanh51528@outlook.com
khanrahimul883@gmail.com:aass112233:khanrahimul88328@outlook.com
khanhsagor337@gmail.com:aass112233:khanhsagor33728@outlook.com
khatunfarzanah129@gmail.com:aass112233:khatunfarzanah12928@outlook.com
farukkhanh94@gmail.com:aass112233:farukkhanh9428@outlook.com
kfaruka915@gmail.com:aass112233:kfaruka91528@outlook.com
khatunrubinah8@gmail.com:aass112233:khatunrubinah828@outlook.com
khanhharun48@gmail.com:aass112233:khanhharun4828@outlook.com
mamunkhatun511@gmail.com:aass112233:mamunkhatun51128@outlook.com
rabiahkhanh3@gmail.com:aass112233:rabiahkhanh328@outlook.com
rukayahkhatun018@gmail.com:aass112233:rukayahkhatun01828@outlook.com
khanhharun73@gmail.com:aass112233:khanhharun7328@outlook.com
rubinahkhatun3@gmail.com:aass112233:rubinahkhatun328@outlook.com
khatunfarzanah8@gmail.com:aass112233:khatunfarzanah828@outlook.com
khanmazidul33@gmail.com:aass112233:khanmazidul3328@outlook.com
khatunrubinah966@gmail.com:aass112233:khatunrubinah96628@outlook.com
khangharun847@gmail.com:aass112233:khangharun84728@outlook.com
khanhtanjimul7@gmail.com:aass112233:khanhtanjimul728@outlook.com
habibahk574@gmail.com:aass112233:habibahk57428@outlook.com
khanhhabibur368@gmail.com:aass112233:khanhhabibur36828@outlook.com
rukayahkhatun66@gmail.com:aass112233:rukayahkhatun6628@outlook.com
mahfuzkhang747@gmail.com:aass112233:mahfuzkhang74728@outlook.com
rahimulkhanh10@gmail.com:aass112233:rahimulkhanh1028@outlook.com
khatunsarmena368@gmail.com:aass112233:khatunsarmena36828@outlook.com
rahimulkhanh526@gmail.com:aass112233:rahimulkhanh52628@outlook.com
rabiahkhatun135@gmail.com:aass112233:rabiahkhatun13528@outlook.com
halimahkhatun323@gmail.com:aass112233:halimahkhatun32328@outlook.com
habiburkhanh63@gmail.com:aass112233:habiburkhanh6328@outlook.com
rahimulkhanh16@gmail.com:aass112233:rahimulkhanh1628@outlook.com
rubenahkhatun171@gmail.com:aass112233:rubenahkhatun17128@outlook.com
salmanhkhanh959@gmail.com:aass112233:salmanhkhanh95928@outlook.com
khatunhabeba323@gmail.com:aass112233:khatunhabeba32328@outlook.com
khanhaffan960@gmail.com:aass112233:khanhaffan96028@outlook.com
rukayahkhatun745@gmail.com:aass112233:rukayahkhatun74528@outlook.com
nazmulkhanh403@gmail.com:aass112233:nazmulkhanh40328@outlook.com
khatunrubenah92@gmail.com:aass112233:khatunrubenah9228@outlook.com
rakibulkhanh20@gmail.com:aass112233:rakibulkhanh2028@outlook.com
kamalkhanh806@gmail.com:aass112233:kamalkhanh80628@outlook.com
rahimulkhanh9@gmail.com:aass112233:rahimulkhanh928@outlook.com
khatunsarmena7@gmail.com:aass112233:khatunsarmena728@outlook.com
farzanahk7@gmail.com:aass112233:farzanahk728@outlook.com
khanhsaddam686@gmail.com:aass112233:khanhsaddam68628@outlook.com
khanhfaruk55@gmail.com:aass112233:khanhfaruk5528@outlook.com
krahimul943@gmail.com:aass112233:krahimul94328@outlook.com
habiburkhanh12@gmail.com:aass112233:habiburkhanh1228@outlook.com
khatunhabibah537@gmail.com:aass112233:khatunhabibah53728@outlook.com
rubinahkhatun25@gmail.com:aass112233:rubinahkhatun2528@outlook.com
khanhrahimul2@gmail.com:aass112233:khanhrahimul228@outlook.com
mahmudulkhanh003@gmail.com:aass112233:mahmudulkhanh00328@outlook.com
tanzimulkhan222@gmail.com:aass112233:tanzimulkhan22228@outlook.com
khatunsarmenah638@gmail.com:aass112233:khatunsarmenah63828@outlook.com
rubinahkhatun85@gmail.com:aass112233:rubinahkhatun8528@outlook.com
rukayahkhatun0@gmail.com:aass112233:rukayahkhatun028@outlook.com
mahmudulkhanh6@gmail.com:aass112233:mahmudulkhanh628@outlook.com
kjannatul879@gmail.com:aass112233:kjannatul87928@outlook.com
sanzidahkhatun19@gmail.com:aass112233:sanzidahkhatun1928@outlook.com
khanhhabibur129@gmail.com:aass112233:khanhhabibur12928@outlook.com
khatunhabibah679@gmail.com:aass112233:khatunhabibah67928@outlook.com
khatunhalimah89@gmail.com:aass112233:khatunhalimah8928@outlook.com
farzanahkhatun19@gmail.com:aass112233:farzanahkhatun1928@outlook.com
rubinahkhatun12@gmail.com:aass112233:rubinahkhatun1228@outlook.com
rukayahkhatun936@gmail.com:aass112233:rukayahkhatun93628@outlook.com
rahulkhanh22@gmail.com:aass112233:rahulkhanh2228@outlook.com
khatunrubinah08@gmail.com:aass112233:khatunrubinah0828@outlook.com
farzanahkhatun570@gmail.com:aass112233:farzanahkhatun57028@outlook.com
khatunhalimah9@gmail.com:aass112233:khatunhalimah928@outlook.com
habibahkhatun906@gmail.com:aass112233:habibahkhatun90628@outlook.com
khanhhabibur482@gmail.com:aass112233:khanhhabibur48228@outlook.com
khatunjasminah@gmail.com:aass112233:khatunjasminah38@outlook.com
habiburkhanh53@gmail.com:aass112233:habiburkhanh5338@outlook.com
halimahkhatun957@gmail.com:aass112233:halimahkhatun95738@outlook.com
habibahk639@gmail.com:aass112233:habibahk63938@outlook.com
farhanahkhatun344@gmail.com:aass112233:farhanahkhatun34438@outlook.com
khatunfarzanah37@gmail.com:aass112233:khatunfarzanah3738@outlook.com
khanhmahabub36@gmail.com:aass112233:khanhmahabub3638@outlook.com
mamunkhanh840@gmail.com:aass112233:mamunkhanh84038@outlook.com
khanhaffan527@gmail.com:aass112233:khanhaffan52738@outlook.com
farhanahkhatun989@gmail.com:aass112233:farhanahkhatun98938@outlook.com
hahimakhatun89@gmail.com:aass112233:hahimakhatun8938@outlook.com
habiburkhanh663@gmail.com:aass112233:habiburkhanh66338@outlook.com
rubenahkhatun93@gmail.com:aass112233:rubenahkhatun9338@outlook.com
mahbubkhanh12@gmail.com:aass112233:mahbubkhanh1238@outlook.com
rukayahkhatun5@gmail.com:aass112233:rukayahkhatun538@outlook.com
khatunfarzanah0@gmail.com:aass112233:khatunfarzanah038@outlook.com
khanhfaruk64@gmail.com:aass112233:khanhfaruk6438@outlook.com
rabiahkhatun31@gmail.com:aass112233:rabiahkhatun3138@outlook.com
khatunhabibah478@gmail.com:aass112233:khatunhabibah47838@outlook.com
khanhhabibur26@gmail.com:aass112233:khanhhabibur2638@outlook.com
mamunkhanh556@gmail.com:aass112233:mamunkhanh55638@outlook.com
khatunfarzanah652@gmail.com:aass112233:khatunfarzanah65238@outlook.com
khanmozibar702@gmail.com:aass112233:khanmozibar70238@outlook.com
halimahk81@gmail.com:aass112233:halimahk8138@outlook.com
khatunsanzidah588@gmail.com:aass112233:khatunsanzidah58838@outlook.com
rahimulkhanh27@gmail.com:aass112233:rahimulkhanh2738@outlook.com
rubinahkhatun835@gmail.com:aass112233:rubinahkhatun83538@outlook.com
khatunhabibah1@gmail.com:aass112233:khatunhabibah138@outlook.com
khatunhalimah631@gmail.com:aass112233:khatunhalimah63138@outlook.com
habibahkhatun169@gmail.com:aass112233:habibahkhatun16938@outlook.com
habiburkhanh539@gmail.com:aass112233:habiburkhanh53938@outlook.com
khatunrukayah63@gmail.com:aass112233:khatunrukayah6338@outlook.com
khatunrubinah3@gmail.com:aass112233:khatunrubinah338@outlook.com
khanhrasal1@gmail.com:aass112233:khanhrasal138@outlook.com
kfarzanah197@gmail.com:aass112233:kfarzanah19738@outlook.com
sanzidahkhatun50@gmail.com:aass112233:sanzidahkhatun5038@outlook.com
khanhfaruk535@gmail.com:aass112233:khanhfaruk53538@outlook.com
mamunkhang190@gmail.com:aass112233:mamunkhang19038@outlook.com
nuralomkhanh43@gmail.com:aass112233:nuralomkhanh4338@outlook.com
halimahkhatun2@gmail.com:aass112233:halimahkhatun238@outlook.com
rampaldash845@gmail.com:aass112233:rampaldash84538@outlook.com
habibahkhatun87@gmail.com:aass112233:habibahkhatun8738@outlook.com
hafijahkhatun97@gmail.com:aass112233:hafijahkhatun9738@outlook.com
khanhhabibur91@gmail.com:aass112233:khanhhabibur9138@outlook.com
rukayahkhatun52@gmail.com:aass112233:rukayahkhatun5238@outlook.com
khatunrubinah67@gmail.com:aass112233:khatunrubinah6738@outlook.com
farhanahkhatun357@gmail.com:aass112233:farhanahkhatun35738@outlook.com
khatunhalimah824@gmail.com:aass112233:khatunhalimah82438@outlook.com
rubinahkhatun59@gmail.com:aass112233:rubinahkhatun5938@outlook.com
khanhfaruk717@gmail.com:aass112233:khanhfaruk71738@outlook.com
affankhanh92@gmail.com:aass112233:affankhanh9238@outlook.com
rukayahkhatun00@gmail.com:aass112233:rukayahkhatun0038@outlook.com
rubinahkhatun16@gmail.com:aass112233:rubinahkhatun1638@outlook.com
khatunhalimah874@gmail.com:aass112233:khatunhalimah87438@outlook.com
khanhrahimul6@gmail.com:aass112233:khanhrahimul638@outlook.com
farhanahkhatun714@gmail.com:aass112233:farhanahkhatun71438@outlook.com
khanhhabibur481@gmail.com:aass112233:khanhhabibur48138@outlook.com
rukayahkhatun405@gmail.com:aass112233:rukayahkhatun40538@outlook.com
khatunfarhanah03@gmail.com:aass112233:khatunfarhanah0338@outlook.com
rubinahkhatun112@gmail.com:aass112233:rubinahkhatun11238@outlook.com
herokkhanh738@gmail.com:aass112233:herokkhanh73838@outlook.com
bayzidkhanh8@gmail.com:aass112233:bayzidkhanh838@outlook.com
emdadulkhanh98@gmail.com:aass112233:emdadulkhanh9838@outlook.com
farhanahk004@gmail.com:aass112233:farhanahk00438@outlook.com
habiburkhanh48@gmail.com:aass112233:habiburkhanh4838@outlook.com
khatunhabibah95@gmail.com:aass112233:khatunhabibah9538@outlook.com
halimahkhatun143@gmail.com:aass112233:halimahkhatun14338@outlook.com
rubinahkhatun23@gmail.com:aass112233:rubinahkhatun2338@outlook.com
khatunfarhanah384@gmail.com:aass112233:khatunfarhanah38438@outlook.com
redsaalokhb72@gmail.com:Aassddffgg:redsaalokhb7221@outlook.com
saoiuhoijhk95@gmail.com:Aassddffgg:saoiuhoijhk9521@outlook.com
moklhghosed103@gmail.com:Aassddffgg:moklhghosed10321@outlook.com
saiuhgalokmnn05@gmail.com:Aassddffgg:saiuhgalokmnn0521@outlook.com
redsakoiuhg236@gmail.com:Aassddffgg:redsakoiuhg23621@outlook.com
sawdskoiuh1@gmail.com:Aassddffgg:sawdskoiuh121@outlook.com
samuhghoiuh9@gmail.com:Aassddffgg:samuhghoiuh921@outlook.com
sauogkoiuhg319@gmail.com:Aassddffgg:sauogkoiuhg31921@outlook.com
redswkoiuhg550@gmail.com:Aassddffgg:redswkoiuhg55021@outlook.com
r75739172@gmail.com:Aassddffgg:r7573917221@outlook.com
rasedskoiuhg30@gmail.com:Aassddffgg:rasedskoiuhg3021@outlook.com
rasedskoiuh10@gmail.com:Aassddffgg:rasedskoiuh1021@outlook.com
sawdskoiuhg95@gmail.com:Aassddffgg:sawdskoiuhg9521@outlook.com
sohoiuhosed036@gmail.com:Aassddffgg:sohoiuhosed03621@outlook.com
redsakoiuh79@gmail.com:Aassddffgg:redsakoiuh7921@outlook.com
rasedkoiuhg88@gmail.com:Aassddffgg:rasedkoiuhg8821@outlook.com
redsakoiuh057@gmail.com:Aassddffgg:redsakoiuh05721@outlook.com
kousehodae04@gmail.com:Aassddffgg:kousehodae0421@outlook.com
rasedkoiuh15@gmail.com:Aassddffgg:rasedkoiuh1521@outlook.com
redsakoiuhg9@gmail.com:Aassddffgg:redsakoiuhg921@outlook.com
rasewkiuhg747@gmail.com:Aassddffgg:rasewkiuhg74721@outlook.com
rasedhoiuh77@gmail.com:Aassddffgg:rasedhoiuh7721@outlook.com
saewsjkiuh4@gmail.com:Aassddffgg:saewsjkiuh421@outlook.com
ripoughosed9@gmail.com:Aassddffgg:ripoughosed921@outlook.com
redsakoiuhg251@gmail.com:Aassddffgg:redsakoiuhg25121@outlook.com
soiuhhosed0@gmail.com:Aassddffgg:soiuhhosed021@outlook.com
saiuhghodre676@gmail.com:Aassddffgg:saiuhghodre67621@outlook.com
sauyghoij2@gmail.com:Aassddffgg:sauyghoij221@outlook.com
saiuhhosed17@gmail.com:Aassddffgg:saiuhhosed1721@outlook.com
soiuhghodre587@gmail.com:Aassddffgg:soiuhghodre58721@outlook.com
redsakiuhg929@gmail.com:Aassddffgg:redsakiuhg92921@outlook.com
redsakiuhg09@gmail.com:Aassddffgg:redsakiuhg0921@outlook.com
redsakiuhg76@gmail.com:Aassddffgg:redsakiuhg7621@outlook.com
redsahkoiuhg03@gmail.com:Aassddffgg:redsahkoiuhg0321@outlook.com
redsakoiuhg50@gmail.com:Aassddffgg:redsakoiuhg5021@outlook.com
easedkoiuh6@gmail.com:Aassddffgg:easedkoiuh621@outlook.com
rakiuhkoiuhg4@gmail.com:Aassddffgg:rakiuhkoiuhg421@outlook.com
rasedkoiug19@gmail.com:Aassddffgg:rasedkoiug1921@outlook.com
rasedkoiuh09@gmail.com:Aassddffgg:rasedkoiuh0921@outlook.com
redsakoiuh785@gmail.com:Aassddffgg:redsakoiuh78521@outlook.com
redsawkoiuhg986@gmail.com:Aassddffgg:redsawkoiuhg98621@outlook.com
saiuhgkoiuh27@gmail.com:Aassddffgg:saiuhgkoiuh2721@outlook.com
rasedskoiuh6@gmail.com:Aassddffgg:rasedskoiuh621@outlook.com
radsegskshgsu86@gmail.com:Aassddffgg:radsegskshgsu8621@outlook.com
rasedskoiuhg513@gmail.com:Aassddffgg:rasedskoiuhg51321@outlook.com
saiuhghosed45@gmail.com:Aassddffgg:saiuhghosed4521@outlook.com
rasedkoiuhg151@gmail.com:Aassddffgg:rasedkoiuhg15121@outlook.com
redsakoiuhg297@gmail.com:Aassddffgg:redsakoiuhg29721@outlook.com
raedskdhusg20@gmail.com:Aassddffgg:raedskdhusg2021@outlook.com
rasedskoiuhg323@gmail.com:Aassddffgg:rasedskoiuhg32321@outlook.com
rasewkoiuhg15@gmail.com:Aassddffgg:rasewkoiuhg1521@outlook.com
saiuhgredswa6@gmail.com:Aassddffgg:saiuhgredswa621@outlook.com
raedskdhush992@gmail.com:Aassddffgg:raedskdhush99221@outlook.com
sawdskoiuh34@gmail.com:Aassddffgg:sawdskoiuh3421@outlook.com
saiuhghoiuh68@gmail.com:Aassddffgg:saiuhghoiuh6821@outlook.com
masewkoiuh813@gmail.com:Aassddffgg:masewkoiuh81321@outlook.com
saiuhgkoiuh590@gmail.com:Aassddffgg:saiuhgkoiuh59021@outlook.com
saiuhghosed77@gmail.com:Aassddffgg:saiuhghosed7721@outlook.com
rsaewkoijh00@gmail.com:Aassddffgg:rsaewkoijh0021@outlook.com
saiuhgkoiuh052@gmail.com:Aassddffgg:saiuhgkoiuh05221@outlook.com
soiuhalokmn1@gmail.com:Aassddffgg:soiuhalokmn121@outlook.com
saiuhhodr0@gmail.com:Aassddffgg:saiuhhodr021@outlook.com
rasedskoiuhg411@gmail.com:Aassddffgg:rasedskoiuhg41121@outlook.com
rasedskoiuhg614@gmail.com:Aassddffgg:rasedskoiuhg61421@outlook.com
rasedkoiuhg79@gmail.com:Aassddffgg:rasedkoiuhg7921@outlook.com
saiughosed39@gmail.com:Aassddffgg:saiughosed3921@outlook.com
soihgkoiuh28@gmail.com:Aassddffgg:soihgkoiuh2821@outlook.com
sakiuhhose3@gmail.com:Aassddffgg:sakiuhhose321@outlook.com
soihgbhoulgd2@gmail.com:Aassddffgg:soihgbhoulgd221@outlook.com
saiuhgalomhg4@gmail.com:Aassddffgg:saiuhgalomhg421@outlook.com
saedshsgua3@gmail.com:Aassddffgg:saedshsgua321@outlook.com
rasedcoiuh724@gmail.com:Aassddffgg:rasedcoiuh72421@outlook.com
saiuhhose2@gmail.com:Aassddffgg:saiuhhose221@outlook.com
masedhose6@gmail.com:Aassddffgg:masedhose621@outlook.com
masedhose2@gmail.com:Aassddffgg:masedhose221@outlook.com
saiughosed0@gmail.com:Aassddffgg:saiughosed021@outlook.com
masewkoiuhg87@gmail.com:Aassddffgg:masewkoiuhg8721@outlook.com
saiuhgkouhg9@gmail.com:Aassddffgg:saiuhgkouhg921@outlook.com
rasedskoiuhg896@gmail.com:Aassddffgg:rasedskoiuhg89621@outlook.com
rasedkoiuh1@gmail.com:Aassddffgg:rasedkoiuh121@outlook.com
rasehoulde048@gmail.com:Aassddffgg:rasehoulde04821@outlook.com
rasedskoiuhg08@gmail.com:Aassddffgg:rasedskoiuhg0821@outlook.com
rasedskoiuhg495@gmail.com:Aassddffgg:rasedskoiuhg49521@outlook.com
tanisafarhana66@gmail.com:Aassddffgg:tanisafarhana6621@outlook.com
saiuhhose0@gmail.com:Aassddffgg:saiuhhose021@outlook.com
saiuhhosed69@gmail.com:Aassddffgg:saiuhhosed6921@outlook.com
radseskjsh127@gmail.com:Aassddffgg:radseskjsh12721@outlook.com
rasedskoiuhg093@gmail.com:Aassddffgg:rasedskoiuhg09321@outlook.com
rsaewskoiuhgb295@gmail.com:Aassddffgg:rsaewskoiuhgb29521@outlook.com
rasewkoiuhg0@gmail.com:Aassddffgg:rasewkoiuhg021@outlook.com
saiuhghosed201@gmail.com:Aassddffgg:saiuhghosed20121@outlook.com
saoiuhhoiuhg2@gmail.com:Aassddffgg:saoiuhhoiuhg221@outlook.com
rasedscoudor961@gmail.com:Aassddffgg:rasedscoudor96121@outlook.com
suraphosed13@gmail.com:Aassddffgg:suraphosed1321@outlook.com
saiuhghopiu4@gmail.com:Aassddffgg:saiuhghopiu421@outlook.com
roundkoiuhg145@gmail.com:Aassddffgg:roundkoiuhg14521@outlook.com
saiuhalokn2@gmail.com:Aassddffgg:saiuhalokn221@outlook.com
rakihgghuhf173@gmail.com:Aassddffgg:rakihgghuhf17321@outlook.com
saewsdkoiuh0@gmail.com:Aassddffgg:saewsdkoiuh021@outlook.com
raedskshaug1@gmail.com:Aassddffgg:raedskshaug121@outlook.com
raedscaoiuh718@gmail.com:Aassddffgg:raedscaoiuh71821@outlook.com
tardskshug68@gmail.com:Aassddffgg:tardskshug6821@outlook.com
raedskjgau89@gmail.com:Aassddffgg:raedskjgau8921@outlook.com
saiuhgkoiuh65@gmail.com:Aassddffgg:saiuhgkoiuh6521@outlook.com
siuhghosed167@gmail.com:Aassddffgg:siuhghosed16721@outlook.com
rfdeskougd2@gmail.com:Aassddffgg:rfdeskougd221@outlook.com
rasedskiuhf315@gmail.com:Aassddffgg:rasedskiuhf31521@outlook.com
rasedkoiuhg254@gmail.com:Aassddffgg:rasedkoiuhg25421@outlook.com
dsaedakgau08@gmail.com:Aassddffgg:dsaedakgau0821@outlook.com
rasewkoiuh676@gmail.com:Aassddffgg:rasewkoiuh67621@outlook.com
rasedkoiuhg543@gmail.com:Aassddffgg:rasedkoiuhg54321@outlook.com
redsakoiuhg98@gmail.com:Aassddffgg:redsakoiuhg9821@outlook.com
saredskoijh336@gmail.com:Aassddffgg:saredskoijh33621@outlook.com
rasewskoiuhg87@gmail.com:Aassddffgg:rasewskoiuhg8721@outlook.com
redsakoiuh60@gmail.com:Aassddffgg:redsakoiuh6021@outlook.com
saiuhghoiuh64@gmail.com:Aassddffgg:saiuhghoiuh6421@outlook.com
redsakiuhg4@gmail.com:Aassddffgg:redsakiuhg421@outlook.com
redsakoiuhg4@gmail.com:Aassddffgg:redsakoiuhg421@outlook.com
rasedkiuhgf882@gmail.com:Aassddffgg:rasedkiuhgf88221@outlook.com
rasewkhiuh6@gmail.com:Aassddffgg:rasewkhiuh621@outlook.com
redsakoiuhg904@gmail.com:Aassddffgg:redsakoiuhg90421@outlook.com
redsakoiuh99@gmail.com:Aassddffgg:redsakoiuh9921@outlook.com
saiuhghoulse48@gmail.com:Aassddffgg:saiuhghoulse4821@outlook.com
rakiuhhoiuhg862@gmail.com:Aassddffgg:rakiuhhoiuhg86221@outlook.com
saiuhghoiuh709@gmail.com:Aassddffgg:saiuhghoiuh70921@outlook.com
saiuhghosed33@gmail.com:Aassddffgg:saiuhghosed3321@outlook.com
rasedskoiuhg758@gmail.com:Aassddffgg:rasedskoiuhg75821@outlook.com
saewshoewd399@gmail.com:Aassddffgg:saewshoewd39921@outlook.com
saiuhghosed39@gmail.com:Aassddffgg:saiuhghosed3921@outlook.com
redsakiuhg239@gmail.com:Aassddffgg:redsakiuhg23921@outlook.com
redsakoiuhf388@gmail.com:Aassddffgg:redsakoiuhf38821@outlook.com
rasedhotrds97@gmail.com:Aassddffgg:rasedhotrds9721@outlook.com
redsjhgy101@gmail.com:Aassddffgg:redsjhgy10121@outlook.com
raeaddkhssi7@gmail.com:Aassddffgg:raeaddkhssi721@outlook.com
nakdhkshuf70@gmail.com:Aassddffgg:nakdhkshuf7021@outlook.com
sewdskouhg765@gmail.com:Aassddffgg:sewdskouhg76521@outlook.com
masewallre0@gmail.com:Aassddffgg:masewallre021@outlook.com
saredskiuhg177@gmail.com:Aassddffgg:saredskiuhg17721@outlook.com
redsakoiuhg272@gmail.com:Aassddffgg:redsakoiuhg27221@outlook.com
saewskoiuhf257@gmail.com:Aassddffgg:saewskoiuhf25721@outlook.com
raedsskhus501@gmail.com:Aassddffgg:raedsskhus50121@outlook.com
ratulmaster057@gmail.com:Aassddffgg:ratulmaster05721@outlook.com
masudskhdu007@gmail.com:Aassddffgg:masudskhdu00721@outlook.com
raedsskhg5@gmail.com:Aassddffgg:raedsskhg521@outlook.com
masewalokmn47@gmail.com:Aassddffgg:masewalokmn4721@outlook.com
sakiuhhoiuh208@gmail.com:Aassddffgg:sakiuhhoiuh20821@outlook.com
raedskdhuag4@gmail.com:Aassddffgg:raedskdhuag421@outlook.com
saoijhhoess87@gmail.com:Aassddffgg:saoijhhoess8721@outlook.com
radsekahsu24@gmail.com:Aassddffgg:radsekahsu2421@outlook.com
sadedkshug8@gmail.com:Aassddffgg:sadedkshug821@outlook.com
raedsdkhsu47@gmail.com:Aassddffgg:raedsdkhsu4721@outlook.com
raedskshuag68@gmail.com:Aassddffgg:raedskshuag6821@outlook.com
raedsskhdu97@gmail.com:Aassddffgg:raedsskhdu9721@outlook.com
raedsskhdu730@gmail.com:Aassddffgg:raedsskhdu73021@outlook.com
saewskdiuh6@gmail.com:Aassddffgg:saewskdiuh621@outlook.com
saiuhcoiuh9@gmail.com:Aassddffgg:saiuhcoiuh921@outlook.com
siuhghoiuh5@gmail.com:Aassddffgg:siuhghoiuh521@outlook.com
masedkoiuh622@gmail.com:Aassddffgg:masedkoiuh62221@outlook.com
raeadskdhg73@gmail.com:Aassddffgg:raeadskdhg7321@outlook.com
radseakdhgu8@gmail.com:Aassddffgg:radseakdhgu821@outlook.com
redsakoiuhg803@gmail.com:Aassddffgg:redsakoiuhg80321@outlook.com
rasedkoiuhg914@gmail.com:Aassddffgg:rasedkoiuhg91421@outlook.com
gbbgrcrv@gmail.com:rashed@801:gbbgrcrv25@outlook.com
ratulhadsas@gmail.com:rashed@801:ratulhadsas25@outlook.com
rashrdhhkjgda@gmail.com:rashed@801:rashrdhhkjgda25@outlook.com
tanviysjfffu@gmail.com:rashed@801:tanviysjfffu25@outlook.com
emonkhajgg@gmail.com:rashed@801:emonkhajgg25@outlook.com
shihanhafbad@gmail.com:rashed@801:shihanhafbad25@outlook.com
biplobkhahjd@gmail.com:rashed@801:biplobkhahjd25@outlook.com
tansnhjdgdg@gmail.com:rashed@801:tansnhjdgdg25@outlook.com
sgdggehhdg@gmail.com:rashed@801:sgdggehhdg25@outlook.com
gsdyhr@gmail.com:rashed@801:gsdyhr25@outlook.com
rsyhyegshh@gmail.com:rashed@801:rsyhyegshh25@outlook.com
fvhfvhgg75@gmail.com:rashed@801:fvhfvhgg7525@outlook.com
shhrbhdhhrh@gmail.com:rashed@801:shhrbhdhhrh25@outlook.com
raswhdhsjhdh@gmail.com:rashed@801:raswhdhsjhdh25@outlook.com
gegggegeg61@gmail.com:rashed@801:gegggegeg6125@outlook.com
eggegcgeg@gmail.com:rashed@801:eggegcgeg25@outlook.com
rabbikhansbd@gmail.com:rashed@801:rabbikhansbd25@outlook.com
azizulislamam6@gmail.com:rashed@801:azizulislamam625@outlook.com
rafiyaaktterage@gmail.com:rashed@801:rafiyaaktterage25@outlook.com
rohinkhabbse@gmail.com:rashed@801:rohinkhabbse25@outlook.com
rasjgdkhsnn@gmail.com:rashed@801:rasjgdkhsnn25@outlook.com
mimkhatunkahhs@gmail.com:rashed@801:mimkhatunkahhs25@outlook.com
bkhannc@gmail.com:rashed@801:bkhannc25@outlook.com
rashedkhansuwh@gmail.com:rashed@801:rashedkhansuwh25@outlook.com
hasanmiahamm@gmail.com:rashed@801:hasanmiahamm25@outlook.com
aliffkhansmd@gmail.com:rashed@801:aliffkhansmd25@outlook.com
tanbikkhannd@gmail.com:rashed@801:tanbikkhannd25@outlook.com
mullakhanjf@gmail.com:rashed@801:mullakhanjf25@outlook.com
takareonekvalo@gmail.com:rashed@801:takareonekvalo25@outlook.com
rashedijolimjg@gmail.com:rashed@801:rashedijolimjg25@outlook.com
shefatkhahnf@gmail.com:rashed@801:shefatkhahnf25@outlook.com
rashedkhannvg@gmail.com:rashed@801:rashedkhannvg25@outlook.com
jiajhsksubv@gmail.com:rashed@801:jiajhsksubv25@outlook.com
yeasminkhulnahhg@gmail.com:rashed@801:yeasminkhulnahhg25@outlook.com
vhczghukdfgzs@gmail.com:rashed@801:vhczghukdfgzs25@outlook.com
tambdfkhantanvir@gmail.com:rashed@801:tambdfkhantanvir25@outlook.com
isahakhanhome@gmail.com:rashed@801:isahakhanhome25@outlook.com
jibarrkhanhdy@gmail.com:rashed@801:jibarrkhanhdy25@outlook.com
goingghfifdam@gmail.com:rashed@801:goingghfifdam25@outlook.com
mimimdkdd@gmail.com:rashed@801:mimimdkdd25@outlook.com
jappjgkhsaur@gmail.com:rashed@801:jappjgkhsaur25@outlook.com
oggomamhf@gmail.com:rashed@801:oggomamhf25@outlook.com
manikmiajgd@gmail.com:rashed@801:manikmiajgd25@outlook.com
rashedkhhsgi@gmail.com:rashed@801:rashedkhhsgi25@outlook.com
shimulkhanfgda@gmail.com:rashed@801:shimulkhanfgda25@outlook.com
okfgakhanvd@gmail.com:rashed@801:okfgakhanvd25@outlook.com
youngliokc@gmail.com:rashed@801:youngliokc25@outlook.com
shakkibkhagjd@gmail.com:rashed@801:shakkibkhagjd25@outlook.com
youkgdjibon@gmail.com:rashed@801:youkgdjibon25@outlook.com
jonykhanbh41@gmail.com:rashed@801:jonykhanbh4125@outlook.com
tamimkhantanvir4@gmail.com:rashed@801:tamimkhantanvir425@outlook.com
nahidislamajj@gmail.com:rashed@801:nahidislamajj25@outlook.com
ragdhhdhr@gmail.com:rashed@801:ragdhhdhr25@outlook.com
fsgsgdhdjhd@gmail.com:rashed@801:fsgsgdhdjhd25@outlook.com
rashedkhshd@gmail.com:rashed@801:rashedkhshd25@outlook.com
rasafshkdjdg@gmail.com:rashed@801:rasafshkdjdg25@outlook.com
rafatkhahsb@gmail.com:rashed@801:rafatkhahsb25@outlook.com
sfgddhhdhd@gmail.com:rashed@801:sfgddhhdhd25@outlook.com
aggjshsh7@gmail.com:rashed@801:aggjshsh725@outlook.com
shimulkhahs@gmail.com:rashed@801:shimulkhahs25@outlook.com
hhgjnn02@gmail.com:rashed@801:hhgjnn0225@outlook.com
sghdnjdhh@gmail.com:rashed@801:sghdnjdhh25@outlook.com
ravshhbsbsb@gmail.com:rashed@801:ravshhbsbsb25@outlook.com
sggdjjdjrj@gmail.com:rashed@801:sggdjjdjrj25@outlook.com
bbbbg4118@gmail.com:rashed@801:bbbbg411825@outlook.com
xgxgxxee@gmail.com:rashed@801:xgxgxxee25@outlook.com
gwhwbhhh@gmail.com:rashed@801:gwhwbhhh25@outlook.com
tanbfjdgy@gmail.com:rashed@801:tanbfjdgy25@outlook.com
hamimjfxsgs@gmail.com:rashed@801:hamimjfxsgs25@outlook.com
cgrvvhc@gmail.com:rashed@801:cgrvvhc25@outlook.com
rashedfgggg@gmail.com:rashed@801:rashedfgggg25@outlook.com
gggccvvhamim@gmail.com:rashed@801:gggccvvhamim25@outlook.com
fhyvuvuv@gmail.com:rashed@801:fhyvuvuv25@outlook.com
rasafrasafje@gmail.com:rashed@801:rasafrasafje25@outlook.com
sggsbhehhdhhdh@gmail.com:rashed@801:sggsbhehhdhhdh25@outlook.com
sghshhdhhd8@gmail.com:rashed@801:sghshhdhhd825@outlook.com
vxbxhsfgs@gmail.com:rashed@801:vxbxhsfgs25@outlook.com
sadekmiajdhh@gmail.com:rashed@801:sadekmiajdhh25@outlook.com
nashinnwkhan@gmail.com:rashed@801:nashinnwkhan25@outlook.com
rasfahjahsg@gmail.com:rashed@801:rasfahjahsg25@outlook.com
shhsa6128@gmail.com:rashed@801:shhsa612825@outlook.com
hehgesvge@gmail.com:rashed@801:hehgesvge25@outlook.com
jyybbybtbt@gmail.com:rashed@801:jyybbybtbt25@outlook.com
fvtttgbtbtt@gmail.com:rashed@801:fvtttgbtbtt25@outlook.com
rccrrcc362@gmail.com:rashed@801:rccrrcc36225@outlook.com
yesmnftftggtgh@gmail.com:rashed@801:yesmnftftggtgh25@outlook.com
fvtvttvtgtvt@gmail.com:rashed@801:fvtvttvtgtvt25@outlook.com
tttvgkf@gmail.com:rashed@801:tttvgkf25@outlook.com
rvvrvrvvhjd@gmail.com:rashed@801:rvvrvrvvhjd25@outlook.com
chssccrcctv@gmail.com:rashed@801:chssccrcctv25@outlook.com
htbttbtfftynjn@gmail.com:rashed@801:htbttbtfftynjn25@outlook.com
tabnhfhg@gmail.com:rashed@801:tabnhfhg25@outlook.com
rashedranajgd@gmail.com:rashed@801:rashedranajgd25@outlook.com
emonkhanddf@gmail.com:rashed@801:emonkhanddf25@outlook.com
kashekhandfh@gmail.com:rashed@801:kashekhandfh25@outlook.com
sefatkhannffy@gmail.com:rashed@801:sefatkhannffy25@outlook.com
siammgkhfabj@gmail.com:rashed@801:siammgkhfabj25@outlook.com
byyvrhhsryas@gmail.com:rashed@801:byyvrhhsryas25@outlook.com
tvtggvttasd@gmail.com:rashed@801:tvtggvttasd25@outlook.com
fvtvggttg@gmail.com:rashed@801:fvtvggttg25@outlook.com
dfgrvdfg5@gmail.com:rashed@801:dfgrvdfg525@outlook.com
shakibkhanhf729@gmail.com:rashed@801:shakibkhanhf72925@outlook.com
fjhjikhshj@gmail.com:rashed@801:fjhjikhshj25@outlook.com
imrankhannff@gmail.com:rashed@801:imrankhannff25@outlook.com
bbttbtbybyn@gmail.com:rashed@801:bbttbtbybyn25@outlook.com
emonemonkhg@gmail.com:rashed@801:emonemonkhg25@outlook.com
hhhhhhhasan2@gmail.com:rashed@801:hhhhhhhasan225@outlook.com
hyyybhghyyy@gmail.com:rashed@801:hyyybhghyyy25@outlook.com
shalikkhahj@gmail.com:rashed@801:shalikkhahj25@outlook.com
raselmiahjd@gmail.com:rashed@801:raselmiahjd25@outlook.com
jjonekhangf@gmail.com:rashed@801:jjonekhangf25@outlook.com
ckfdkgfgu@gmail.com:rashed@801:ckfdkgfgu25@outlook.com
tbtbbttbtbbt628@gmail.com:rashed@801:tbtbbttbtbbt62825@outlook.com
khajhfhdd@gmail.com:rashed@801:khajhfhdd25@outlook.com
rvrvvvrhj@gmail.com:rashed@801:rvrvvvrhj25@outlook.com
rashedkffg@gmail.com:rashed@801:rashedkffg25@outlook.com
rfrcccrfcec@gmail.com:rashed@801:rfrcccrfcec25@outlook.com
rafvvtanndf@gmail.com:rashed@801:rafvvtanndf25@outlook.com
khanffhkamrul@gmail.com:rashed@801:khanffhkamrul25@outlook.com
yeaminkhanbfgd@gmail.com:rashed@801:yeaminkhanbfgd25@outlook.com
rvrffkh@gmail.com:rashed@801:rvrffkh25@outlook.com
rvtrvtv2@gmail.com:rashed@801:rvtrvtv225@outlook.com
tanvirshekjaj@gmail.com:rashed@801:tanvirshekjaj25@outlook.com
fahankhansn@gmail.com:rashed@801:fahankhansn25@outlook.com
nishiakttrrre@gmail.com:rashed@801:nishiakttrrre25@outlook.com
jubayerkhannv@gmail.com:rashed@801:jubayerkhannv25@outlook.com
nashimkhanncg@gmail.com:rashed@801:nashimkhanncg25@outlook.com
neymarmiajhf@gmail.com:rashed@801:neymarmiajhf25@outlook.com
rashheddrashh@gmail.com:rashed@801:rashheddrashh25@outlook.com
rafiikhanmfg@gmail.com:rashed@801:rafiikhanmfg25@outlook.com
shakilkhann328@gmail.com:rashed@801:shakilkhann32825@outlook.com
hasibulkhannbv@gmail.com:rashed@801:hasibulkhannbv25@outlook.com
ranakhannvh@gmail.com:rashed@801:ranakhannvh25@outlook.com
imrannvkhanng@gmail.com:rashed@801:imrannvkhanng25@outlook.com
tannnvkhannn@gmail.com:rashed@801:tannnvkhannn25@outlook.com
sagorkhannhu@gmail.com:rashed@801:sagorkhannhu25@outlook.com
rajakhanmvh@gmail.com:rashed@801:rajakhanmvh25@outlook.com
jisaannkhannv@gmail.com:rashed@801:jisaannkhannv25@outlook.com
younuskhannbgh@gmail.com:rashed@801:younuskhannbgh25@outlook.com
biplabbbkhanncg@gmail.com:rashed@801:biplabbbkhanncg25@outlook.com
rashedmiakjgg@gmail.com:rashed@801:rashedmiakjgg25@outlook.com
yeasinnkhannbv@gmail.com:rashed@801:yeasinnkhannbv25@outlook.com
rashedkhahhf@gmail.com:rashed@801:rashedkhahhf25@outlook.com
tanvirrkhandnd@gmail.com:rashed@801:tanvirrkhandnd25@outlook.com
takbirkhansnn@gmail.com:rashed@801:takbirkhansnn25@outlook.com
rasheddkhandn@gmail.com:rashed@801:rasheddkhandn25@outlook.com
rashedkhandn@gmail.com:rashed@801:rashedkhandn25@outlook.com
rashedkhansheh@gmail.com:rashed@801:rashedkhansheh25@outlook.com
ttansnkannd@gmail.com:rashed@801:ttansnkannd25@outlook.com
rasheddkhanmsn@gmail.com:rashed@801:rasheddkhanmsn25@outlook.com
yeamimms80@gmail.com:rashed@801:yeamimms8025@outlook.com
jiaanndkhanns@gmail.com:rashed@801:jiaanndkhanns25@outlook.com
rashedkhannd6@gmail.com:rashed@801:rashedkhannd625@outlook.com
tamimkhannsd@gmail.com:rashed@801:tamimkhannsd25@outlook.com
younusalllad@gmail.com:rashed@801:younusalllad25@outlook.com
khalidkhannh20@gmail.com:rashed@801:khalidkhannh2025@outlook.com
rashidullkhann@gmail.com:rashed@801:rashidullkhann25@outlook.com
farukkhannbv@gmail.com:rashed@801:farukkhannbv25@outlook.com
rashedkhannbh@gmail.com:rashed@801:rashedkhannbh25@outlook.com
azazakhankh@gmail.com:rashed@801:azazakhankh25@outlook.com
rashidakhannnf@gmail.com:rashed@801:rashidakhannnf25@outlook.com
rasikhanngg@gmail.com:rashed@801:rasikhanngg25@outlook.com
rasgkhann@gmail.com:rashed@801:rasgkhann25@outlook.com
riponkhamnv@gmail.com:rashed@801:riponkhamnv25@outlook.com
parvermiakk@gmail.com:rashed@801:parvermiakk25@outlook.com
nanikakhatunkhg@gmail.com:rashed@801:nanikakhatunkhg25@outlook.com
mahimkhanggg460@gmail.com:rashed@801:mahimkhanggg46025@outlook.com
tanvirkhannnt@gmail.com:rashed@801:tanvirkhannnt25@outlook.com
shihabkhanngg@gmail.com:rashed@801:shihabkhanngg25@outlook.com
sakibulislammgh@gmail.com:rashed@801:sakibulislammgh25@outlook.com
iqbalislammvh@gmail.com:rashed@801:iqbalislammvh25@outlook.com
emanislammb@gmail.com:rashed@801:emanislammb25@outlook.com
nakirkhannbg@gmail.com:rashed@801:nakirkhannbg25@outlook.com
litonislammv@gmail.com:rashed@801:litonislammv25@outlook.com
hamimmmiakjg@gmail.com:rashed@801:hamimmmiakjg25@outlook.com
rashedkhakhann@gmail.com:rashed@801:rashedkhakhann25@outlook.com
jisannbkhannb@gmail.com:rashed@801:jisannbkhannb25@outlook.com
rokiislammhh@gmail.com:rashed@801:rokiislammhh25@outlook.com
mikalkhanmn@gmail.com:rashed@801:mikalkhanmn25@outlook.com
namzulkhanmira@gmail.com:rashed@801:namzulkhanmira25@outlook.com
sakibkhansanc@gmail.com:rashed@801:sakibkhansanc25@outlook.com
ashadulislamman@gmail.com:rashed@801:ashadulislamman25@outlook.com
rotonmiaham@gmail.com:rashed@801:rotonmiaham25@outlook.com
shahinmiahamb@gmail.com:rashed@801:shahinmiahamb25@outlook.com
nislamman@gmail.com:rashed@801:nislamman25@outlook.com
mitakhulnapiya@gmail.com:rashed@801:mitakhulnapiya25@outlook.com
nazimkhannvg@gmail.com:rashed@801:nazimkhannvg25@outlook.com
sagorrkhannv@gmail.com:rashed@801:sagorrkhannv25@outlook.com
biltanvirvf@gmail.com:rashed@801:biltanvirvf25@outlook.com
jamankhanmann@gmail.com:rashed@801:jamankhanmann25@outlook.com
sumonmiahamv@gmail.com:rashed@801:sumonmiahamv25@outlook.com
rajibkhanng@gmail.com:rashed@801:rajibkhanng25@outlook.com
basharkhanng@gmail.com:rashed@801:basharkhanng25@outlook.com
forhadkhanman@gmail.com:rashed@801:forhadkhanman25@outlook.com
samaraakterrman@gmail.com:rashed@801:samaraakterrman25@outlook.com
ranasinghjj944@gmail.com:rashed@801:ranasinghjj94425@outlook.com
tanviekhannnx@gmail.com:rashed@801:tanviekhannnx25@outlook.com
kamalmiahamn@gmail.com:rashed@801:kamalmiahamn25@outlook.com
rajukhanman676@gmail.com:rashed@801:rajukhanman67625@outlook.com
rashidakhatunman@gmail.com:rashed@801:rashidakhatunman25@outlook.com
farhaddkhannmam@gmail.com:rashed@801:farhaddkhannmam25@outlook.com
forhadislamman@gmail.com:rashed@801:forhadislamman25@outlook.com
rashedbings@gmail.com:rashed@801:rashedbings25@outlook.com
munnnakhannnc@gmail.com:rashed@801:munnnakhannnc25@outlook.com
raihannkhanmn@gmail.com:rashed@801:raihannkhanmn25@outlook.com
rakibbbkhann5@gmail.com:rashed@801:rakibbbkhann525@outlook.com
rashiddkhjann@gmail.com:rashed@801:rashiddkhjann25@outlook.com
khannrashikk648@gmail.com:rashed@801:khannrashikk64825@outlook.com
rashedmiahkhan@gmail.com:rashed@801:rashedmiahkhan25@outlook.com
khalekhmiaham@gmail.com:rashed@801:khalekhmiaham25@outlook.com
tanjinakhatunkhh@gmail.com:rashed@801:tanjinakhatunkhh25@outlook.com
rashedkhannn50@gmail.com:rashed@801:rashedkhannn5025@outlook.com
likhonkhanns07@gmail.com:rashed@801:likhonkhanns0725@outlook.com
hashibulislamma@gmail.com:rashed@801:hashibulislamma25@outlook.com
hassansnkhanna@gmail.com:rashed@801:hassansnkhanna25@outlook.com
aliffkharam@gmail.com:rashed@801:aliffkharam25@outlook.com
afridikhannan01@gmail.com:rashed@801:afridikhannan0125@outlook.com
rafidmamas@gmail.com:rashed@801:rafidmamas25@outlook.com
tanvirtanv81@gmail.com:rashed@801:tanvirtanv8125@outlook.com
jihaddkhanns@gmail.com:rashed@801:jihaddkhanns25@outlook.com
bipollkhanngf@gmail.com:rashed@801:bipollkhanngf25@outlook.com
nishimkhanng@gmail.com:rashed@801:nishimkhanng25@outlook.com
jiboonkhanhh@gmail.com:rashed@801:jiboonkhanhh25@outlook.com
hasankhanngf@gmail.com:rashed@801:hasankhanngf25@outlook.com
moshiarkhannc@gmail.com:rashed@801:moshiarkhannc25@outlook.com
nisikhatunkhan@gmail.com:rashed@801:nisikhatunkhan25@outlook.com
hasinakhulnahh@gmail.com:rashed@801:hasinakhulnahh25@outlook.com
younusalllikhan@gmail.com:rashed@801:younusalllikhan25@outlook.com
takbirrkhannam@gmail.com:rashed@801:takbirrkhannam25@outlook.com
babulkhannamv@gmail.com:rashed@801:babulkhannamv25@outlook.com
rasellmiahkhan@gmail.com:rashed@801:rasellmiahkhan25@outlook.com
nilakhannf@gmail.com:rashed@801:nilakhannf25@outlook.com
jisharkhannd@gmail.com:rashed@801:jisharkhannd25@outlook.com
rashedkhand03@gmail.com:rashed@801:rashedkhand0325@outlook.com
shakibkhansd72@gmail.com:rashed@801:shakibkhansd7225@outlook.com
tanvirrkhansn@gmail.com:rashed@801:tanvirrkhansn25@outlook.com
tqnvidekaahad@gmail.com:rashed@801:tqnvidekaahad25@outlook.com
tanvirrkhansn039@gmail.com:rashed@801:tanvirrkhansn03925@outlook.com
tkhatunkha@gmail.com:rashed@801:tkhatunkha25@outlook.com
nashimkhannsd@gmail.com:rashed@801:nashimkhannsd25@outlook.com
rafattkhansns@gmail.com:rashed@801:rafattkhansns25@outlook.com
asiffkhanandj@gmail.com:rashed@801:asiffkhanandj25@outlook.com
ashikkhanny@gmail.com:rashed@801:ashikkhanny25@outlook.com
siammkhannxd@gmail.com:rashed@801:siammkhannxd25@outlook.com
shaikhkhanas49@gmail.com:rashed@801:shaikhkhanas4925@outlook.com
islammskhandn@gmail.com:rashed@801:islammskhandn25@outlook.com
israfulislamma@gmail.com:rashed@801:israfulislamma25@outlook.com
nazmullshekham@gmail.com:rashed@801:nazmullshekham25@outlook.com
rashedkhannar5@gmail.com:rashed@801:rashedkhannar525@outlook.com
shimatokhannsf@gmail.com:rashed@801:shimatokhannsf25@outlook.com
tanvirislammas@gmail.com:rashed@801:tanvirislammas25@outlook.com
habibkhansnd@gmail.com:rashed@801:habibkhansnd25@outlook.com
halimmiahand@gmail.com:rashed@801:halimmiahand25@outlook.com
saounmiaham@gmail.com:rashed@801:saounmiaham25@outlook.com
shakibkhanjibon9@gmail.com:rashed@801:shakibkhanjibon925@outlook.com
hasibullkhanamad@gmail.com:rashed@801:hasibullkhanamad25@outlook.com
rashedkhannama@gmail.com:rashed@801:rashedkhannama25@outlook.com
mohurulkhanan@gmail.com:rashed@801:mohurulkhanan25@outlook.com
mamunkhanans@gmail.com:rashed@801:mamunkhanans25@outlook.com
samsulkhannad@gmail.com:rashed@801:samsulkhannad25@outlook.com
rashedkhansdh@gmail.com:rashed@801:rashedkhansdh25@outlook.com
rashidakhatunkhan53@gmail.com:rashed@801:rashidakhatunkhan5325@outlook.com
ashadulkhanna743@gmail.com:rashed@801:ashadulkhanna74325@outlook.com
priyakhannsd@gmail.com:rashed@801:priyakhannsd25@outlook.com
tanviirkhannam@gmail.com:rashed@801:tanviirkhannam25@outlook.com
hasannskhanan@gmail.com:rashed@801:hasannskhanan25@outlook.com
rajibkhananda@gmail.com:rashed@801:rajibkhananda25@outlook.com
rafatkhann6@gmail.com:rashed@801:rafatkhann625@outlook.com
yeaminkhanma@gmail.com:rashed@801:yeaminkhanma25@outlook.com
imannkhannad@gmail.com:rashed@801:imannkhannad25@outlook.com
biplobkhannad@gmail.com:rashed@801:biplobkhannad25@outlook.com
rashedjisann@gmail.com:rashed@801:rashedjisann25@outlook.com
younusallike@gmail.com:rashed@801:younusallike25@outlook.com
rahmanislama05@gmail.com:rashed@801:rahmanislama0525@outlook.com
rashidkhannaff@gmail.com:rashed@801:rashidkhannaff25@outlook.com
khanashkhalid@gmail.com:rashed@801:khanashkhalid25@outlook.com
tannvirkhanhs@gmail.com:rashed@801:tannvirkhanhs25@outlook.com
tanvirkhanmas@gmail.com:rashed@801:tanvirkhanmas25@outlook.com
shimlakhatunkhag@gmail.com:rashed@801:shimlakhatunkhag25@outlook.com
opuukhannah@gmail.com:rashed@801:opuukhannah25@outlook.com
jakirkhannsa@gmail.com:rashed@801:jakirkhannsa25@outlook.com
jiyakhannfg@gmail.com:rashed@801:jiyakhannfg25@outlook.com
rafatkhannffa@gmail.com:rashed@801:rafatkhannffa25@outlook.com
yousufislammshj@gmail.com:rashed@801:yousufislammshj25@outlook.com
tipuukhanngah@gmail.com:rashed@801:tipuukhanngah25@outlook.com
shihabkhanhdf@gmail.com:rashed@801:shihabkhanhdf25@outlook.com
foisalkabir679@gmail.com:rashed@801:foisalkabir67925@outlook.com
arobkhannman@gmail.com:rashed@801:arobkhannman25@outlook.com
takbirislamman@gmail.com:rashed@801:takbirislamman25@outlook.com
oniislammfg@gmail.com:rashed@801:oniislammfg25@outlook.com
rasheddkhannddg@gmail.com:rashed@801:rasheddkhannddg25@outlook.com
nazmullkhannad@gmail.com:rashed@801:nazmullkhannad25@outlook.com
kholilislamm72@gmail.com:rashed@801:kholilislamm7225@outlook.com
jalikhatunkhas@gmail.com:rashed@801:jalikhatunkhas25@outlook.com
islamkhanashik7@gmail.com:rashed@801:islamkhanashik725@outlook.com
hasankhanjibob@gmail.com:rashed@801:hasankhanjibob25@outlook.com
tanvirkhannsd@gmail.com:rashed@801:tanvirkhannsd25@outlook.com
jisankhannkha@gmail.com:rashed@801:jisankhannkha25@outlook.com
tafattkhanmsd@gmail.com:rashed@801:tafattkhanmsd25@outlook.com
rashedkhandnd@gmail.com:rashed@801:rashedkhandnd25@outlook.com
hajirakhatune4@gmail.com:llkkjjhhgg:hajirakhatune436@outlook.com
rubayakhatune2@gmail.com:llkkjjhhgg:rubayakhatune236@outlook.com
atifulhossaine99@gmail.com:llkkjjhhgg:atifulhossaine9936@outlook.com
bristhykhatune92@gmail.com:llkkjjhhgg:bristhykhatune9236@outlook.com
rojhinaislame544@gmail.com:llkkjjhhgg:rojhinaislame54436@outlook.com
