saedsskoiuhg498@gmail.com	:	Aassddffgg	:	saedsskoiuhg49831@outlook.com	
rasedskoihgg39@gmail.com	:	Aassddffgg	:	rasedskoihgg3931@outlook.com	
rasewalkouhg45@gmail.com	:	Aassddffgg	:	rasewalkouhg4531@outlook.com	
redsakouhgb45@gmail.com	:	Aassddffgg	:	redsakouhgb4531@outlook.com	
redsakoiuhg45@gmail.com	:	Aassddffgg	:	redsakoiuhg4531@outlook.com	
alokmnsaiugh436@gmail.com	:	Aassddffgg	:	alokmnsaiugh43631@outlook.com	
mokldredalomn56@gmail.com	:	Aassddffgg	:	mokldredalomn5631@outlook.com	
koiuhgbmasewd45@gmail.com	:	Aassddffgg	:	koiuhgbmasewd4531@outlook.com	
alomkhgrakinh45@gmail.com	:	Aassddffgg	:	alomkhgrakinh4531@outlook.com	
redsaehkgfvd56@gmail.com	:	Aassddffgg	:	redsaehkgfvd5631@outlook.com	
saiuhgalomkh25@gmail.com	:	Aassddffgg	:	saiuhgalomkh2531@outlook.com	
koiuhgbsaiful45@gmail.com	:	Aassddffgg	:	koiuhgbsaiful4531@outlook.com	
saihgyalksiu45@gmail.com	:	Aassddffgg	:	saihgyalksiu4531@outlook.com	
koijhugtredsa45@gmail.com	:	Aassddffgg	:	koijhugtredsa4531@outlook.com	
rasedhosed37@gmail.com	:	Aassddffgg	:	rasedhosed3731@outlook.com	
podan051@gmail.com	:	Zzxcvbnm	:	podan05139@outlook.com	
apodan645@gmail.com	:	Zzxcvbnm	:	apodan64539@outlook.com	
arsondancy005@gmail.com	:	Zzxcvbnm	:	arsondancy00539@outlook.com	
janevea08@gmail.com	:	Zzxcvbnm	:	janevea0839@outlook.com	
arsonj035@gmail.com	:	Zzxcvbnm	:	arsonj03539@outlook.com	
jasonquin854@gmail.com	:	Zzxcvbnm	:	jasonquin85439@outlook.com	
vincoa136@gmail.com	:	Zzxcvbnm	:	vincoa13639@outlook.com	
ajaneve794@gmail.com	:	Zzxcvbnm	:	ajaneve79439@outlook.com	
jalax739@gmail.com	:	Zzxcvbnm	:	jalax73939@outlook.com	
jfancy954@gmail.com	:	Zzxcvbnm	:	jfancy95439@outlook.com	
dancyarson790@gmail.com	:	Zzxcvbnm	:	dancyarson79039@outlook.com	
arsondancy880@gmail.com	:	Zzxcvbnm	:	arsondancy88039@outlook.com	
jasonpodan500@gmail.com	:	Zzxcvbnm	:	jasonpodan50039@outlook.com	
arsond35@gmail.com	:	Zzxcvbnm	:	arsond3539@outlook.com	
wilmajason848@gmail.com	:	Zzxcvbnm	:	wilmajason84839@outlook.com	
podana087@gmail.com	:	Zzxcvbnm	:	podana08739@outlook.com	
dancyarsob679@gmail.com	:	Zzxcvbnm	:	dancyarsob67939@outlook.com	
podanj945@gmail.com	:	Zzxcvbnm	:	podanj94539@outlook.com	
arsonpoda17@gmail.com	:	Zzxcvbnm	:	arsonpoda1739@outlook.com	
dancyfancy63@gmail.com	:	Zzxcvbnm	:	dancyfancy6339@outlook.com	
janevealax852@gmail.com	:	Zzxcvbnm	:	janevealax85239@outlook.com	
wilmajason194@gmail.com	:	Zzxcvbnm	:	wilmajason19439@outlook.com	
atsibposa9@gmail.com	:	Zzxcvbnm	:	atsibposa939@outlook.com	
podanj41@gmail.com	:	Zzxcvbnm	:	podanj4139@outlook.com	
arsondancy56@gmail.com	:	Zzxcvbnm	:	arsondancy5639@outlook.com	
podanj415@gmail.com	:	Zzxcvbnm	:	podanj41539@outlook.com	
fancyarso255@gmail.com	:	Zzxcvbnm	:	fancyarso25539@outlook.com	
ellejason98@gmail.com	:	Zzxcvbnm	:	ellejason9839@outlook.com	
jasonpodan926@gmail.com	:	Zzxcvbnm	:	jasonpodan92639@outlook.com	
lesajason343@gmail.com	:	Zzxcvbnm	:	lesajason34339@outlook.com	
podanjason526@gmail.com	:	Zzxcvbnm	:	podanjason52639@outlook.com	
arsobpodan7@gmail.com	:	Zzxcvbnm	:	arsobpodan739@outlook.com	
arsondancy662@gmail.com	:	Zzxcvbnm	:	arsondancy66239@outlook.com	
podanearson6@gmail.com	:	Zzxcvbnm	:	podanearson639@outlook.com	
arsondancy025@gmail.com	:	Zzxcvbnm	:	arsondancy02539@outlook.com	
laxcejason227@gmail.com	:	Zzxcvbnm	:	laxcejason22739@outlook.com	
arsonnancy47@gmail.com	:	Zzxcvbnm	:	arsonnancy4739@outlook.com	
jasonfancy13@gmail.com	:	Zzxcvbnm	:	jasonfancy1339@outlook.com	
wilmajason86@gmail.com	:	Zzxcvbnm	:	wilmajason8639@outlook.com	
podan757@gmail.com	:	Zzxcvbnm	:	podan75739@outlook.com	
vinco2317@gmail.com	:	Zzxcvbnm	:	vinco231739@outlook.com	
apodan661@gmail.com	:	Zzxcvbnm	:	apodan66139@outlook.com	
podanjason421@gmail.com	:	Zzxcvbnm	:	podanjason42139@outlook.com	
podana281@gmail.com	:	Zzxcvbnm	:	podana28139@outlook.com	
dancyarson740@gmail.com	:	Zzxcvbnm	:	dancyarson74039@outlook.com	
podanjason33@gmail.com	:	Zzxcvbnm	:	podanjason3339@outlook.com	
arsondancy078@gmail.com	:	Zzxcvbnm	:	arsondancy07839@outlook.com	
podanarson477@gmail.com	:	Zzxcvbnm	:	podanarson47739@outlook.com	
jwilma386@gmail.com	:	Zzxcvbnm	:	jwilma38639@outlook.com	
quinjason310@gmail.com	:	Zzxcvbnm	:	quinjason31039@outlook.com	
apodan246@gmail.com	:	Zzxcvbnm	:	apodan24639@outlook.com	
arsonp081@gmail.com	:	Zzxcvbnm	:	arsonp08139@outlook.com	
arsonpodan20@gmail.com	:	Zzxcvbnm	:	arsonpodan2039@outlook.com	
arsonv80@gmail.com	:	Zzxcvbnm	:	arsonv8039@outlook.com	
majshalsoka405@gmail.com	:	Aassddffgg	:	majshalsoka40531@outlook.com	
makshloksijd45@gmail.com	:	Aassddffgg	:	makshloksijd4531@outlook.com	
alsokdsoaujs345@gmail.com	:	Aassddffgg	:	alsokdsoaujs34531@outlook.com	
saedradlaoksij235@gmail.com	:	Aassddffgg	:	saedradlaoksij23531@outlook.com	
arsinresa71@gmail.com	:	Zzxcvbnm	:	arsinresa7139@outlook.com	
fancyprsa17@gmail.com	:	Zzxcvbnm	:	fancyprsa1739@outlook.com	
jasonhave076@gmail.com	:	Zzxcvbnm	:	jasonhave07639@outlook.com	
jasonwilma259@gmail.com	:	Zzxcvbnm	:	jasonwilma25939@outlook.com	
asjkajssadeswra235@gmail.com	:	Aassddffgg	:	asjkajssadeswra23531@outlook.com	
osalskaksloaks954@gmail.com	:	Aassddffgg	:	osalskaksloaks95431@outlook.com	
alskojusaifuksj432@gmail.com	:	Aassddffgg	:	alskojusaifuksj43231@outlook.com	
ralskiajs36@gmail.com	:	Aassddffgg	:	ralskiajs3631@outlook.com	
koaisujdasfs325@gmail.com	:	Aassddffgg	:	koaisujdasfs32531@outlook.com	
aklsokarafsed25@gmail.com	:	Aassddffgg	:	aklsokarafsed2531@outlook.com	
aksoiajsraedsf35@gmail.com	:	Aassddffgg	:	aksoiajsraedsf3531@outlook.com	
sadrseaklsoiak2@gmail.com	:	Aassddffgg	:	sadrseaklsoiak231@outlook.com	
miynhkg@gmail.com	:	llkkjjhh	:	miynhkg89@Outlook.com	
sohabibum5@gmail.com	:	llkkjjhh	:	sohabibum589@Outlook.com	
hoh530472@gmail.com	:	llkkjjhh	:	hoh53047289@Outlook.com	
mahikbmou5@gmail.com	:	llkkjjhh	:	mahikbmou589@Outlook.com	
hasemvai25@gmail.com	:	llkkjjhh	:	hasemvai2589@Outlook.com	
makjshalskojs325@gmail.com	:	Aassddffgg	:	makjshalskojs32531@outlook.com	
kaloskjsadesr345@gmail.com	:	Aassddffgg	:	kaloskjsadesr34531@outlook.com	
sadesraksoujs23@gmail.com	:	Aassddffgg	:	sadesraksoujs2331@outlook.com	
aksloaiksd34@gmail.com	:	Aassddffgg	:	aksloaiksd3431@outlook.com	
hakisujsaedsr24@gmail.com	:	Aassddffgg	:	hakisujsaedsr2431@outlook.com	
fadrsfalsoka34@gmail.com	:	Aassddffgg	:	fadrsfalsoka3431@outlook.com	
sjauhsklaoisk46@gmail.com	:	Aassddffgg	:	sjauhsklaoisk4631@outlook.com	
aksloakssadesr3@gmail.com	:	Aassddffgg	:	aksloakssadesr331@outlook.com	
samskjkaoisjud43@gmail.com	:	Aassddffgg	:	samskjkaoisjud4331@outlook.com	
kaoisujsawdse23@gmail.com	:	Aassddffgg	:	kaoisujsawdse2331@outlook.com	
sakijdalksoiaks45@gmail.com	:	Aassddffgg	:	sakijdalksoiaks4531@outlook.com	
akslokssokiakj35@gmail.com	:	Aassddffgg	:	akslokssokiakj3531@outlook.com	
alskoadasesd35@gmail.com	:	Aassddffgg	:	alskoadasesd3531@outlook.com	
eadrsaksloa32@gmail.com	:	Aassddffgg	:	eadrsaksloa3231@outlook.com	
akslkassadesr15@gmail.com	:	Aassddffgg	:	akslkassadesr1531@outlook.com	
majshaaksloka07@gmail.com	:	Aassddffgg	:	majshaaksloka0731@outlook.com	
sadseraksjahs43@gmail.com	:	Aassddffgg	:	sadseraksjahs4331@outlook.com	
saokslalksok22@gmail.com	:	Aassddffgg	:	saokslalksok2231@outlook.com	
alsokajmaksoika56@gmail.com	:	Aassddffgg	:	alsokajmaksoika5631@outlook.com	
mahjshalksok34@gmail.com	:	Aassddffgg	:	mahjshalksok3431@outlook.com	
alkskasskajhs423@gmail.com	:	Aassddffgg	:	alkskasskajhs42331@outlook.com	
alksoksuajhs10@gmail.com	:	Aassddffgg	:	alksoksuajhs1031@outlook.com	
majskalskoak345@gmail.com	:	Aassddffgg	:	majskalskoak34531@outlook.com	
agshgaksloaiks345@gmail.com	:	Aassddffgg	:	agshgaksloaiks34531@outlook.com	
hkajsmajsha6@gmail.com	:	Aassddffgg	:	hkajsmajsha631@outlook.com	
askajssoredas43@gmail.com	:	Aassddffgg	:	askajssoredas4331@outlook.com	
alsokaisgarfs33333@gmail.com	:	Aassddffgg	:	alsokaisgarfs3333331@outlook.com	
alsokajsiausjh3@gmail.com	:	Aassddffgg	:	alsokajsiausjh331@outlook.com	
amskhaaksoiusj324@gmail.com	:	Aassddffgg	:	amskhaaksoiusj32431@outlook.com	
siauyshaskoidks2@gmail.com	:	Aassddffgg	:	siauyshaskoidks231@outlook.com	
kahnekeamul@gmail.com	:	Aassddffgg	:	kahnekeamul55@outlook.com	
alliiakbar208@gmail.com	:	Aassddffgg	:	alliiakbar20855@outlook.com	
kahnsaddam841@gmail.com	:	Aassddffgg	:	kahnsaddam84155@outlook.com	
salskoaks46@gmail.com	:	Aassddffgg	:	salskoaks4631@outlook.com	
kaoiskjsdaers345@gmail.com	:	Aassddffgg	:	kaoiskjsdaers34531@outlook.com	
suahjsaksoidk54@gmail.com	:	Aassddffgg	:	suahjsaksoidk5431@outlook.com	
aksioalsset@gmail.com	:	Aassddffgg	:	aksioalsset31@outlook.com	
akosidksdaers435@gmail.com	:	Aassddffgg	:	akosidksdaers43531@outlook.com	
sahsuyaksloks435@gmail.com	:	Aassddffgg	:	sahsuyaksloks43531@outlook.com	
kousrfdmouajhs436@gmail.com	:	Aassddffgg	:	kousrfdmouajhs43631@outlook.com	
aksoikam435@gmail.com	:	Aassddffgg	:	aksoikam43531@outlook.com	
malskoaks54@gmail.com	:	Aassddffgg	:	malskoaks5431@outlook.com	
saiusjdalskodk54@gmail.com	:	Aassddffgg	:	saiusjdalskodk5431@outlook.com	
aksjiajsaslaols35@gmail.com	:	Aassddffgg	:	aksjiajsaslaols3531@outlook.com	
mjahsklosiuj46@gmail.com	:	Aassddffgg	:	mjahsklosiuj4631@outlook.com	
soauyhgalksoiu435@gmail.com	:	Aassddffgg	:	soauyhgalksoiu43531@outlook.com	
makajsalskaks44@gmail.com	:	Aassddffgg	:	makajsalskaks4431@outlook.com	
soausjkalskkas45@gmail.com	:	Aassddffgg	:	soausjkalskkas4531@outlook.com	
maksjhaalskoaks354@gmail.com	:	Aassddffgg	:	maksjhaalskoaks35431@outlook.com	
alskoaiksslaoisk45@gmail.com	:	Aassddffgg	:	alskoaiksslaoisk4531@outlook.com	
alkokaamakjs45@gmail.com	:	Aassddffgg	:	alkokaamakjs4531@outlook.com	
skajshalskoak493@gmail.com	:	Aassddffgg	:	skajshalskoak49331@outlook.com	
soaksiuaksiuj354@gmail.com	:	Aassddffgg	:	soaksiuaksiuj35431@outlook.com	
radsefaksoiuja534@gmail.com	:	Aassddffgg	:	radsefaksoiuja53431@outlook.com	
mouajhalksoika54@gmail.com	:	Aassddffgg	:	mouajhalksoika5431@outlook.com	
alksoikaskahsuy32@gmail.com	:	Aassddffgg	:	alksoikaskahsuy3231@outlook.com	
mashdyalksok0435@gmail.com	:	Aassddffgg	:	mashdyalksok043531@outlook.com	
gtgfgasskalosk435@gmail.com	:	Aassddffgg	:	gtgfgasskalosk43531@outlook.com	
maksjalksoka795@gmail.com	:	Aassddffgg	:	maksjalksoka79531@outlook.com	
kusjhsakijm6@gmail.com	:	Aassddffgg	:	kusjhsakijm631@outlook.com	
asokaissadkaij34@gmail.com	:	Aassddffgg	:	asokaissadkaij3431@outlook.com	
soaujshkoaiksuj34@gmail.com	:	Aassddffgg	:	soaujshkoaiksuj3431@outlook.com	
rafdseaaksijud35@gmail.com	:	Aassddffgg	:	rafdseaaksijud3531@outlook.com	
aloksmaksjahs345@gmail.com	:	Aassddffgg	:	aloksmaksjahs34531@outlook.com	
hiauyshmaksh345@gmail.com	:	Aassddffgg	:	hiauyshmaksh34531@outlook.com	
saksiujaskjujd45@gmail.com	:	Aassddffgg	:	saksiujaskjujd4531@outlook.com	
kaosujamasugh4@gmail.com	:	Aassddffgg	:	kaosujamasugh431@outlook.com	
alsoaksslaosk35@gmail.com	:	Aassddffgg	:	alsoaksslaosk3531@outlook.com	
alsokaisskaiusj24@gmail.com	:	Aassddffgg	:	alsokaisskaiusj2431@outlook.com	
tesaa6859@gmail.com	:	Zzxcvbnm	:	tesaa685939@outlook.com	
podana052@gmail.com	:	Zzxcvbnm	:	podana05239@outlook.com	
jasonfancy10@gmail.com	:	Zzxcvbnm	:	jasonfancy1039@outlook.com	
janevealax430@gmail.com	:	Zzxcvbnm	:	janevealax43039@outlook.com	
masuajaksliak642@gmail.com	:	Aassddffgg	:	masuajaksliak64231@outlook.com	
koiujahearsfd36@gmail.com	:	Aassddffgg	:	koiujahearsfd3631@outlook.com	
muhmojomo80@gmail.com	:	llkkjjhh	:	muhmojomo8089@Outlook.com	
mhaebhy@gmail.com	:	llkkjjhh	:	mhaebhy89@Outlook.com	
hossenmaseb@gmail.com	:	llkkjjhh	:	hossenmaseb89@Outlook.com	
mikhanhasem@gmail.com	:	llkkjjhh	:	mikhanhasem89@Outlook.com	
hessemca@gmail.com	:	llkkjjhh	:	hessemca89@Outlook.com	
miyammunalo@gmail.com	:	llkkjjhh	:	miyammunalo89@Outlook.com	
hasehmkhn@gmail.com	:	llkkjjhh	:	hasehmkhn89@Outlook.com	
miyahaseem013@gmail.com	:	llkkjjhh	:	miyahaseem01389@Outlook.com	
mahemvaim8@gmail.com	:	llkkjjhh	:	mahemvaim889@Outlook.com	
mropomiujk6@gmail.com	:	llkkjjhh	:	mropomiujk689@Outlook.com	
miyah8455@gmail.com	:	llkkjjhh	:	miyah845589@Outlook.com	
miyasojib510@gmail.com	:	llkkjjhh	:	miyasojib51089@Outlook.com	
mond8891@gmail.com	:	llkkjjhh	:	mond889189@Outlook.com	
hasnsoje@gmail.com	:	llkkjjhh	:	hasnsoje89@Outlook.com	
sojebaktar@gmail.com	:	llkkjjhh	:	sojebaktar89@Outlook.com	
miyrakib90@gmail.com	:	llkkjjhh	:	miyrakib9089@Outlook.com	
hasenr783@gmail.com	:	llkkjjhh	:	hasenr78389@Outlook.com	
miyaakasa122@gmail.com	:	llkkjjhh	:	miyaakasa12289@Outlook.com	
khanlakas255@gmail.com	:	llkkjjhh	:	khanlakas25589@Outlook.com	
tabachummiya8@gmail.com	:	llkkjjhh	:	tabachummiya889@Outlook.com	
tabasumaktar41@gmail.com	:	llkkjjhh	:	tabasumaktar4189@Outlook.com	
rakibulbepari327@gmail.com	:	llkkjjhh	:	rakibulbepari32789@Outlook.com	
hasehgaje8@gmail.com	:	llkkjjhh	:	hasehgaje889@Outlook.com	
gajeytarek@gmail.com	:	llkkjjhh	:	gajeytarek89@Outlook.com	
rakubmita5@gmail.com	:	llkkjjhh	:	rakubmita589@Outlook.com	
gajeyhabibur@gmail.com	:	llkkjjhh	:	gajeyhabibur89@Outlook.com	
rakibngajey89@gmail.com	:	llkkjjhh	:	rakibngajey8989@Outlook.com	
dancyarson49@gmail.com	:	Zzxcvbnm	:	dancyarson4939@outlook.com	
jwilma157@gmail.com	:	Zzxcvbnm	:	jwilma15739@outlook.com	
alaxjaneve090@gmail.com	:	Zzxcvbnm	:	alaxjaneve09039@outlook.com	
podan0328@gmail.com	:	Zzxcvbnm	:	podan032839@outlook.com	
arsonfancy252@gmail.com	:	Zzxcvbnm	:	arsonfancy25239@outlook.com	
vincojason097@gmail.com	:	Zzxcvbnm	:	vincojason09739@outlook.com	
pofanarson863@gmail.com	:	Zzxcvbnm	:	pofanarson86339@outlook.com	
dancyarsoj69@gmail.com	:	Zzxcvbnm	:	dancyarsoj6939@outlook.com	
