hoqetania@gmail.com:uuiioopp:hoqetania6@outlook.com
sailaaktar606@gmail.com:uuiioopp:sailaaktar6066@outlook.com
hoqerumana80@gmail.com:uuiioopp:hoqerumana806@outlook.com
tasniaf03@gmail.com:uuiioopp:tasniaf036@outlook.com
juthiafrin493@gmail.com:uuiioopp:juthiafrin4936@outlook.com
sabinatithi010@gmail.com:uuiioopp:sabinatithi0106@outlook.com
alomfoisal62@gmail.com:uuiioopp:alomfoisal626@outlook.com
sadiaafroj394@gmail.com:uuiioopp:sadiaafroj3946@outlook.com
hoqe29479@gmail.com:uuiioopp:hoqe294796@outlook.com
zu805429@gmail.com:uuiioopp:zu8054296@outlook.com
hoqesofikul92@gmail.com:uuiioopp:hoqesofikul926@outlook.com
hosenrokon171@gmail.com:uuiioopp:hosenrokon1716@outlook.com
hoqee613@gmail.com:uuiioopp:hoqee6136@outlook.com
etharnahid9@gmail.com:uuiioopp:etharnahid96@outlook.com
asmaulhoqe93@gmail.com:uuiioopp:asmaulhoqe936@outlook.com
setuafrin449@gmail.com:uuiioopp:setuafrin4496@outlook.com
bbosu8709@gmail.com:uuiioopp:bbosu87096@outlook.com
begomsafia299@gmail.com:uuiioopp:begomsafia2996@outlook.com
aktersabnur231@gmail.com:uuiioopp:aktersabnur2316@outlook.com
sa0656964@gmail.com:uuiioopp:sa06569646@outlook.com
nprakteri@gmail.com:uuiioopp:nprakteri6@outlook.com
busrasadia72@gmail.com:uuiioopp:busrasadia726@outlook.com
etharnahid31@gmail.com:uuiioopp:etharnahid316@outlook.com
rosconaaktar5@gmail.com:uuiioopp:rosconaaktar56@outlook.com
hrokon894@gmail.com:uuiioopp:hrokon8946@outlook.com
alomfoisal3@gmail.com:uuiioopp:alomfoisal36@outlook.com
nur027819@gmail.com:uuiioopp:nur0278196@outlook.com
akarbegom@gmail.com:uuiioopp:akarbegom6@outlook.com
sazedulhoqe3@gmail.com:uuiioopp:sazedulhoqe36@outlook.com
sorifulhoqe63@gmail.com:uuiioopp:sorifulhoqe636@outlook.com
juifatema10@gmail.com:uuiioopp:juifatema106@outlook.com
tf8637207@gmail.com:uuiioopp:tf86372076@outlook.com
begomsafia522@gmail.com:uuiioopp:begomsafia5226@outlook.com
sabinatithi327@gmail.com:uuiioopp:sabinatithi3276@outlook.com
foisalalom55@gmail.com:uuiioopp:foisalalom556@outlook.com
vincojason33@gmail.com:Zzxcvbnm:vincojason3339@outlook.com
