sakilnmiaa@gmail.com:saim1234:sakilnmiaa12@outlook.com
miaasarun@gmail.com:saim1234:miaasarun12@outlook.com
saimbivmiaa@gmail.com:saim1234:saimbivmiaa12@outlook.com
saimnnemiaa@gmail.com:saim1234:saimnnemiaa12@outlook.com
hmiaa238@gmail.com:saim1234:hmiaa23812@outlook.com
khanetamim60@gmail.com:saim1234:khanetamim6012@outlook.com
miaaname5@gmail.com:saim1234:miaaname512@outlook.com
misstroke89@gmail.com:saim1234:misstroke8912@outlook.com
mdsaimnemiaa@gmail.com:saim1234:mdsaimnemiaa12@outlook.com
tusaraleemi@gmail.com:saim1234:tusaraleemi12@outlook.com
saunemime@gmail.com:saim1234:saunemime12@outlook.com
saimnnrmiaa@gmail.com:saim1234:saimnnrmiaa12@outlook.com
miaasaimne34@gmail.com:saim1234:miaasaimne3412@outlook.com
sababk390@gmail.com:saim1234:sababk39012@outlook.com
saunermim@gmail.com:saim1234:saunermim12@outlook.com
saimnekhan5@gmail.com:saim1234:saimnekhan512@outlook.com
miamdfsaim@gmail.com:saim1234:miamdfsaim12@outlook.com
saimnemiaa8@gmail.com:saim1234:saimnemiaa812@outlook.com
mimmdsaxc@gmail.com:saim1234:mimmdsaxc12@outlook.com
miamahamim@gmail.com:saim1234:miamahamim12@outlook.com
miaamsaimnx@gmail.com:saim1234:miaamsaimnx12@outlook.com
msaimnxkha@gmail.com:saim1234:msaimnxkha12@outlook.com
mianehamim@gmail.com:saim1234:mianehamim12@outlook.com
mianefaruk@gmail.com:saim1234:mianefaruk12@outlook.com
mijmdsaimne@gmail.com:saim1234:mijmdsaimne12@outlook.com
mdsaimbmiaa@gmail.com:saim1234:mdsaimbmiaa12@outlook.com
jamimisaim@gmail.com:saim1234:jamimisaim12@outlook.com
jimxsaimn@gmail.com:saim1234:jimxsaimn12@outlook.com
miaahasaim@gmail.com:saim1234:miaahasaim12@outlook.com
taskinkhanne@gmail.com:saim1234:taskinkhanne12@outlook.com
sapinmim@gmail.com:saim1234:sapinmim12@outlook.com
sagornekhan@gmail.com:saim1234:sagornekhan12@outlook.com
saimkumim@gmail.com:saim1234:saimkumim12@outlook.com
miasakijne@gmail.com:saim1234:miasakijne12@outlook.com
miaasmdsaene@gmail.com:saim1234:miaasmdsaene12@outlook.com
sakinymiss@gmail.com:saim1234:sakinymiss12@outlook.com
samimmiss3@gmail.com:saim1234:samimmiss312@outlook.com
seponemia@gmail.com:saim1234:seponemia12@outlook.com
sakiibbkhannbb@gmail.com:rashed@801:sakiibbkhannbb25@outlook.com
forhhadhhassan@gmail.com:rashed@801:forhhadhhassan25@outlook.com
arafarhhasaaf@gmail.com:rashed@801:arafarhhasaaf25@outlook.com
rhhassaan70@gmail.com:rashed@801:rhhassaan7025@outlook.com
miiimiakterr@gmail.com:rashed@801:miiimiakterr25@outlook.com
jannnatgga@gmail.com:rashed@801:jannnatgga25@outlook.com
rashhesmiajjd@gmail.com:rashed@801:rashhesmiajjd25@outlook.com
forhadkhabdbg@gmail.com:rashed@801:forhadkhabdbg25@outlook.com
aaashikkhansn@gmail.com:rashed@801:aaashikkhansn25@outlook.com
tuhinkhaaafg@gmail.com:rashed@801:tuhinkhaaafg25@outlook.com
yeasinnkhaaagj@gmail.com:rashed@801:yeasinnkhaaagj25@outlook.com
emonkhanvgi@gmail.com:rashed@801:emonkhanvgi25@outlook.com
