ashikhossaine3@gmail.com:sohag1234:ashikhossaine325@outlook.com
ahmedetanvir10@gmail.com:sohag1234:ahmedetanvir1025@outlook.com
khatynebithi@gmail.com:sohag1234:khatynebithi25@outlook.com
begumekeya@gmail.com:sohag1234:begumekeya25@outlook.com
ahmedemohit@gmail.com:sohag1234:ahmedemohit25@outlook.com
begumefatema63@gmail.com:sohag1234:begumefatema6325@outlook.com
bissaseopu@gmail.com:sohag1234:bissaseopu25@outlook.com
sonaliahmede@gmail.com:sohag1234:sonaliahmede25@outlook.com
ahmedesofi012@gmail.com:sohag1234:ahmedesofi01225@outlook.com
belakhatne@gmail.com:sohag1234:belakhatne25@outlook.com
ahmedeuvia@gmail.com:sohag1234:ahmedeuvia25@outlook.com
begumekohunur@gmail.com:sohag1234:begumekohunur25@outlook.com
khatunesujata7@gmail.com:sohag1234:khatunesujata725@outlook.com
digontoahmede@gmail.com:sohag1234:digontoahmede25@outlook.com
halimahmede5@gmail.com:sohag1234:halimahmede525@outlook.com
riazhasane25@gmail.com:sohag1234:riazhasane2525@outlook.com
hoshenmdsohag98@gmail.com:sohag1234:hoshenmdsohag9825@outlook.com
monieshithi@gmail.com:sohag1234:monieshithi25@outlook.com
masudahmede63@gmail.com:sohag1234:masudahmede6325@outlook.com
uddinemdalam@gmail.com:sohag1234:uddinemdalam25@outlook.com
islamenafijul@gmail.com:sohag1234:islamenafijul25@outlook.com
musalineahmede@gmail.com:sohag1234:musalineahmede25@outlook.com
nafijakhatune5@gmail.com:sohag1234:nafijakhatune525@outlook.com
chotuahmede@gmail.com:sohag1234:chotuahmede25@outlook.com
sohanabeguma85@gmail.com:sohag1234:sohanabeguma8525@outlook.com
rakibulahmede@gmail.com:sohag1234:rakibulahmede25@outlook.com
nurahmede199@gmail.com:sohag1234:nurahmede19925@outlook.com
kajaahmede@gmail.com:sohag1234:kajaahmede25@outlook.com
mahmusekhajanur@gmail.com:sohag1234:mahmusekhajanur25@outlook.com
jahidulislsame@gmail.com:sohag1234:jahidulislsame25@outlook.com
lizakhatune184@gmail.com:sohag1234:lizakhatune18425@outlook.com
sadiakhatune981@gmail.com:sohag1234:sadiakhatune98125@outlook.com
alammahmude16@gmail.com:sohag1234:alammahmude1625@outlook.com
ahmedebabu744@gmail.com:sohag1234:ahmedebabu74425@outlook.com
pakhikhatune@gmail.com:sohag1234:pakhikhatune25@outlook.com
depabegume@gmail.com:sohag1234:depabegume25@outlook.com
musabbirahmede@gmail.com:sohag1234:musabbirahmede25@outlook.com
khatuneferdpchi@gmail.com:sohag1234:khatuneferdpchi25@outlook.com
ahmedemannat@gmail.com:sohag1234:ahmedemannat25@outlook.com
hossaineashraful49@gmail.com:sohag1234:hossaineashraful4925@outlook.com
asifimtiaze229@gmail.com:sohag1234:asifimtiaze22925@outlook.com
raihanuddine964@gmail.com:sohag1234:raihanuddine96425@outlook.com
saidulhossaime@gmail.com:sohag1234:saidulhossaime25@outlook.com
nazmulahmede@gmail.com:sohag1234:nazmulahmede25@outlook.com
najidulahmede@gmail.com:sohag1234:najidulahmede25@outlook.com
khalidmahmudbornoe@gmail.com:sohag1234:khalidmahmudbornoe25@outlook.com
lemonamhede@gmail.com:sohag1234:lemonamhede25@outlook.com
johanahmede74@gmail.com:sohag1234:johanahmede7425@outlook.com
ahmedeharun96@gmail.com:sohag1234:ahmedeharun9625@outlook.com
mujiburhasane@gmail.com:sohag1234:mujiburhasane25@outlook.com
sihabhossaine@gmail.com:sohag1234:sihabhossaine25@outlook.com
sulaymnahmedwe@gmail.com:sohag1234:sulaymnahmedwe25@outlook.com
kumarahmedee@gmail.com:sohag1234:kumarahmedee25@outlook.com
ahmederoni306@gmail.com:sohag1234:ahmederoni30625@outlook.com
tarekmehetae@gmail.com:sohag1234:tarekmehetae25@outlook.com
kartikahmede@gmail.com:sohag1234:kartikahmede25@outlook.com
kohukhatune@gmail.com:sohag1234:kohukhatune25@outlook.com
rohimakhatune18@gmail.com:sohag1234:rohimakhatune1825@outlook.com
begumesokina328@gmail.com:sohag1234:begumesokina32825@outlook.com
soponkhane507@gmail.com:llkkjjhh:soponkhane50732@outlook.com
amilhossaine870@gmail.com:llkkjjhh:amilhossaine87032@outlook.com
rohimkhane86@gmail.com:llkkjjhh:rohimkhane8632@outlook.com
sihabkhant2@gmail.com:llkkjjhh:sihabkhant232@outlook.com
shiponhossaine1@gmail.com:llkkjjhh:shiponhossaine132@outlook.com
emonhossaine570@gmail.com:llkkjjhh:emonhossaine57032@outlook.com
f10177650@gmail.com:llkkjjhh:f1017765032@outlook.com
helalkhanr77@gmail.com:llkkjjhh:helalkhanr7732@outlook.com
n85401032@gmail.com:llkkjjhh:n8540103232@outlook.com
arafatkhant07@gmail.com:llkkjjhh:arafatkhant0732@outlook.com
sohidunhossain029@gmail.com:llkkjjhh:sohidunhossain02932@outlook.com
selimhossaine286@gmail.com:llkkjjhh:selimhossaine28632@outlook.com
sojibkhane74@gmail.com:llkkjjhh:sojibkhane7432@outlook.com
nachimhossain16@gmail.com:llkkjjhh:nachimhossain1632@outlook.com
sohankhane392@gmail.com:llkkjjhh:sohankhane39232@outlook.com
hahidhossain8@gmail.com:llkkjjhh:hahidhossain832@outlook.com
nahidkhanr73@gmail.com:llkkjjhh:nahidkhanr7332@outlook.com
montuhossain791@gmail.com:llkkjjhh:montuhossain79132@outlook.com
rajukhane63@gmail.com:llkkjjhh:rajukhane6332@outlook.com
samimhossainr9@gmail.com:llkkjjhh:samimhossainr932@outlook.com
e81491376@gmail.com:llkkjjhh:e8149137632@outlook.com
rubelkhanre1@gmail.com:llkkjjhh:rubelkhanre132@outlook.com
dibalahossain60@gmail.com:llkkjjhh:dibalahossain6032@outlook.com
sojolhossain472@gmail.com:llkkjjhh:sojolhossain47232@outlook.com
sojonhossain487@gmail.com:llkkjjhh:sojonhossain48732@outlook.com
sujonhossainr36@gmail.com:llkkjjhh:sujonhossainr3632@outlook.com
ridoykhane631@gmail.com:llkkjjhh:ridoykhane63132@outlook.com
khairulhossain354@gmail.com:llkkjjhh:khairulhossain35432@outlook.com
sobedulhossain467@gmail.com:llkkjjhh:sobedulhossain46732@outlook.com
saidulhossain524@gmail.com:llkkjjhh:saidulhossain52432@outlook.com
arifulhossainr1@gmail.com:llkkjjhh:arifulhossainr132@outlook.com
harunhossainr0@gmail.com:llkkjjhh:harunhossainr032@outlook.com
saifhossaine479@gmail.com:llkkjjhh:saifhossaine47932@outlook.com
sifathossaine030@gmail.com:llkkjjhh:sifathossaine03032@outlook.com
anarhossain837@gmail.com:llkkjjhh:anarhossain83732@outlook.com
amirulhossaine2@gmail.com:llkkjjhh:amirulhossaine232@outlook.com
sagonhossainr8@gmail.com:llkkjjhh:sagonhossainr832@outlook.com
almgirhossain015@gmail.com:llkkjjhh:almgirhossain01532@outlook.com
asharafulhossain83@gmail.com:llkkjjhh:asharafulhossain8332@outlook.com
alaminkhane277@gmail.com:llkkjjhh:alaminkhane27732@outlook.com
rulaminhossain27@gmail.com:llkkjjhh:rulaminhossain2732@outlook.com
rubelkhane393@gmail.com:llkkjjhh:rubelkhane39332@outlook.com
mehedihousee930@gmail.com:llkkjjhh:mehedihousee93032@outlook.com
munnahossainr19@gmail.com:llkkjjhh:munnahossainr1932@outlook.com
samimkhane47@gmail.com:llkkjjhh:samimkhane4732@outlook.com
sifatkhane279@gmail.com:llkkjjhh:sifatkhane27932@outlook.com
ecanurhossain56@gmail.com:llkkjjhh:ecanurhossain5632@outlook.com
ashadulhossain614@gmail.com:llkkjjhh:ashadulhossain61432@outlook.com
sobedulkhane7@gmail.com:llkkjjhh:sobedulkhane732@outlook.com
s41828098@gmail.com:llkkjjhh:s4182809832@outlook.com
mannatkhane416@gmail.com:llkkjjhh:mannatkhane41632@outlook.com
sadinkhane4@gmail.com:llkkjjhh:sadinkhane432@outlook.com
safulkhae424@gmail.com:llkkjjhh:safulkhae42432@outlook.com
naimkhane45@gmail.com:llkkjjhh:naimkhane4532@outlook.com
shohankhane760@gmail.com:llkkjjhh:shohankhane76032@outlook.com
shahinkhane493@gmail.com:llkkjjhh:shahinkhane49332@outlook.com
rohimkhane71@gmail.com:llkkjjhh:rohimkhane7132@outlook.com
emonkhane388@gmail.com:llkkjjhh:emonkhane38832@outlook.com
foradhossain755@gmail.com:llkkjjhh:foradhossain75532@outlook.com
sorifulhossain979@gmail.com:llkkjjhh:sorifulhossain97932@outlook.com
foychalkhan029@gmail.com:llkkjjhh:foychalkhan02932@outlook.com
ashadulkhane24@gmail.com:llkkjjhh:ashadulkhane2432@outlook.com
rulaminkhane598@gmail.com:llkkjjhh:rulaminkhane59832@outlook.com
mokhlejhossain1@gmail.com:llkkjjhh:mokhlejhossain132@outlook.com
joshimkahan77@gmail.com:llkkjjhh:joshimkahan7732@outlook.com
chaddamhossain561@gmail.com:llkkjjhh:chaddamhossain56132@outlook.com
jillufokirkhan26@gmail.com:llkkjjhh:jillufokirkhan2632@outlook.com
gasdervasdr5@gmail.com:mmnnbbvvcc:gasdervasdr543@outlook.com
taddervasdo0@gmail.com:mmnnbbvvcc:taddervasdo043@outlook.com
kasdervsder06@gmail.com:mmnnbbvvcc:kasdervsder0643@outlook.com
hasdervasdeo5@gmail.com:mmnnbbvvcc:hasdervasdeo543@outlook.com
fasdervasdo11@gmail.com:mmnnbbvvcc:fasdervasdo1143@outlook.com
yasderbiop402@gmail.com:mmnnbbvvcc:yasderbiop40243@outlook.com
tasderbsdo4@gmail.com:mmnnbbvvcc:tasderbsdo443@outlook.com
easlivasjo188@gmail.com:mmnnbbvvcc:easlivasjo18843@outlook.com
fasvinasde99@gmail.com:mmnnbbvvcc:fasvinasde9943@outlook.com
iopklasde94@gmail.com:mmnnbbvvcc:iopklasde9443@outlook.com
wazxdrdcvb857@gmail.com:mmnnbbvvcc:wazxdrdcvb85743@outlook.com
edcvbpokmn109@gmail.com:mmnnbbvvcc:edcvbpokmn10943@outlook.com
rfvbnujnb7@gmail.com:mmnnbbvvcc:rfvbnujnb743@outlook.com
hasdervasdo87@gmail.com:mmnnbbvvcc:hasdervasdo8743@outlook.com
fasdervasxo443@gmail.com:mmnnbbvvcc:fasdervasxo44343@outlook.com
thjkinlopi482@gmail.com:mmnnbbvvcc:thjkinlopi48243@outlook.com
tasferkiop8@gmail.com:mmnnbbvvcc:tasferkiop843@outlook.com
yuiopvaszo761@gmail.com:mmnnbbvvcc:yuiopvaszo76143@outlook.com
gasdervasxo62@gmail.com:mmnnbbvvcc:gasdervasxo6243@outlook.com
nascivako962@gmail.com:mmnnbbvvcc:nascivako96243@outlook.com
gasdervjio95@gmail.com:mmnnbbvvcc:gasdervjio9543@outlook.com
kasciovasdo6@gmail.com:mmnnbbvvcc:kasciovasdo643@outlook.com
rasderbsder869@gmail.com:mmnnbbvvcc:rasderbsder86943@outlook.com
basdervaxuo53@gmail.com:mmnnbbvvcc:basdervaxuo5343@outlook.com
gasdervasdo2@gmail.com:mmnnbbvvcc:gasdervasdo243@outlook.com
tasdervaxoi442@gmail.com:mmnnbbvvcc:tasdervaxoi44243@outlook.com
rasnimojo96@gmail.com:mmnnbbvvcc:rasnimojo9643@outlook.com
yasdervasxo6@gmail.com:mmnnbbvvcc:yasdervasxo643@outlook.com
tasdervijo1@gmail.com:mmnnbbvvcc:tasdervijo143@outlook.com
raadervasxo8@gmail.com:mmnnbbvvcc:raadervasxo843@outlook.com
hasdermomo287@gmail.com:mmnnbbvvcc:hasdermomo28743@outlook.com
opklbasdo14@gmail.com:mmnnbbvvcc:opklbasdo1443@outlook.com
hanvibasdi2@gmail.com:mmnnbbvvcc:hanvibasdi243@outlook.com
kasdovser04@gmail.com:mmnnbbvvcc:kasdovser0443@outlook.com
kasdetbdsae7@gmail.com:mmnnbbvvcc:kasdetbdsae743@outlook.com
taszivsae42@gmail.com:mmnnbbvvcc:taszivsae4243@outlook.com
lanvibiop32@gmail.com:mmnnbbvvcc:lanvibiop3243@outlook.com
yuioptwo528@gmail.com:mmnnbbvvcc:yuioptwo52843@outlook.com
okjiobfty527@gmail.com:mmnnbbvvcc:okjiobfty52743@outlook.com
rasdrrbiop6@gmail.com:mmnnbbvvcc:rasdrrbiop643@outlook.com
tasdetvasdi31@gmail.com:mmnnbbvvcc:tasdetvasdi3143@outlook.com
olkjibasde0@gmail.com:mmnnbbvvcc:olkjibasde043@outlook.com
easderbdast23@gmail.com:mmnnbbvvcc:easderbdast2343@outlook.com
fasderjiop164@gmail.com:mmnnbbvvcc:fasderjiop16443@outlook.com
yasdervasdo048@gmail.com:mmnnbbvvcc:yasdervasdo04843@outlook.com
tanseboki56@gmail.com:mmnnbbvvcc:tanseboki5643@outlook.com
yhbvvbnm8@gmail.com:mmnnbbvvcc:yhbvvbnm843@outlook.com
qazxrfg849@gmail.com:mmnnbbvvcc:qazxrfg84943@outlook.com
ioknmuhbv44@gmail.com:mmnnbbvvcc:ioknmuhbv4443@outlook.com
yhbvnoiu613@gmail.com:mmnnbbvvcc:yhbvnoiu61343@outlook.com
qsdfrfg559@gmail.com:mmnnbbvvcc:qsdfrfg55943@outlook.com
yhgfujk480@gmail.com:mmnnbbvvcc:yhgfujk48043@outlook.com
poiutyu019@gmail.com:mmnnbbvvcc:poiutyu01943@outlook.com
pomnyuo840@gmail.com:mmnnbbvvcc:pomnyuo84043@outlook.com
tghnuhb572@gmail.com:mmnnbbvvcc:tghnuhb57243@outlook.com
pokmukn10@gmail.com:mmnnbbvvcc:pokmukn1043@outlook.com
thnbujk252@gmail.com:mmnnbbvvcc:thnbujk25243@outlook.com
oknbvuknb36@gmail.com:mmnnbbvvcc:oknbvuknb3643@outlook.com
pknnbukn42@gmail.com:mmnnbbvvcc:pknnbukn4243@outlook.com
efghyhg9@gmail.com:mmnnbbvvcc:efghyhg943@outlook.com
thbuuhg41@gmail.com:mmnnbbvvcc:thbuuhg4143@outlook.com
efghcvh97@gmail.com:mmnnbbvvcc:efghcvh9743@outlook.com
fghuknb55@gmail.com:mmnnbbvvcc:fghuknb5543@outlook.com
kuhjukj64@gmail.com:mmnnbbvvcc:kuhjukj6443@outlook.com
lounmukm36@gmail.com:mmnnbbvvcc:lounmukm3643@outlook.com
mnbhtun97@gmail.com:mmnnbbvvcc:mnbhtun9743@outlook.com
asdeevasd329@gmail.com:mmnnbbvvcc:asdeevasd32943@outlook.com
gasdervasdo09@gmail.com:mmnnbbvvcc:gasdervasdo0943@outlook.com
fasdervasdo444@gmail.com:mmnnbbvvcc:fasdervasdo44443@outlook.com
tanvibasde414@gmail.com:mmnnbbvvcc:tanvibasde41443@outlook.com
hasdervasd01@gmail.com:mmnnbbvvcc:hasdervasd0143@outlook.com
fasdervasdo506@gmail.com:mmnnbbvvcc:fasdervasdo50643@outlook.com
gasdervasdo872@gmail.com:mmnnbbvvcc:gasdervasdo87243@outlook.com
lasdibasde90@gmail.com:mmnnbbvvcc:lasdibasde9043@outlook.com
dasdervasde93@gmail.com:mmnnbbvvcc:dasdervasde9343@outlook.com
tasderbfrty62@gmail.com:mmnnbbvvcc:tasderbfrty6243@outlook.com
raadeevdert99@gmail.com:mmnnbbvvcc:raadeevdert9943@outlook.com
vasderbasde45@gmail.com:mmnnbbvvcc:vasderbasde4543@outlook.com
essdevasdr3@gmail.com:mmnnbbvvcc:essdevasdr343@outlook.com
rasdervasde05@gmail.com:mmnnbbvvcc:rasdervasde0543@outlook.com
fasdervasde8@gmail.com:mmnnbbvvcc:fasdervasde843@outlook.com
kasdervasdo304@gmail.com:mmnnbbvvcc:kasdervasdo30443@outlook.com
gasderbasfe024@gmail.com:mmnnbbvvcc:gasderbasfe02443@outlook.com
rasderbadfi916@gmail.com:mmnnbbvvcc:rasderbadfi91643@outlook.com
rasdervadui957@gmail.com:mmnnbbvvcc:rasdervadui95743@outlook.com
rasdervasdr96@gmail.com:mmnnbbvvcc:rasdervasdr9643@outlook.com
fasdevfyi848@gmail.com:mmnnbbvvcc:fasdevfyi84843@outlook.com
tasdecasde8@gmail.com:mmnnbbvvcc:tasdecasde843@outlook.com
lasdevghu827@gmail.com:mmnnbbvvcc:lasdevghu82743@outlook.com
gasctbhui70@gmail.com:mmnnbbvvcc:gasctbhui7043@outlook.com
rasdevasfo294@gmail.com:mmnnbbvvcc:rasdevasfo29443@outlook.com
tasfervasde887@gmail.com:mmnnbbvvcc:tasfervasde88743@outlook.com
tadervasco2@gmail.com:mmnnbbvvcc:tadervasco243@outlook.com
wertvdwe2@gmail.com:mmnnbbvvcc:wertvdwe243@outlook.com
rasdervasdo18@gmail.com:mmnnbbvvcc:rasdervasdo1843@outlook.com
fasdervasdo066@gmail.com:mmnnbbvvcc:fasdervasdo06643@outlook.com
fasdervasdo86@gmail.com:mmnnbbvvcc:fasdervasdo8643@outlook.com
tabfrvasdo302@gmail.com:mmnnbbvvcc:tabfrvasdo30243@outlook.com
rasdervdop945@gmail.com:mmnnbbvvcc:rasdervdop94543@outlook.com
fadetjiop87@gmail.com:mmnnbbvvcc:fadetjiop8743@outlook.com
yasderbasdo989@gmail.com:mmnnbbvvcc:yasderbasdo98943@outlook.com
rasdevasdo3@gmail.com:mmnnbbvvcc:rasdevasdo343@outlook.com
rasdebiop11@gmail.com:mmnnbbvvcc:rasdebiop1143@outlook.com
gasderbigr574@gmail.com:mmnnbbvvcc:gasderbigr57443@outlook.com
gacviopk245@gmail.com:mmnnbbvvcc:gacviopk24543@outlook.com
lasdervbhg76@gmail.com:mmnnbbvvcc:lasdervbhg7643@outlook.com
tasdevxgji0@gmail.com:mmnnbbvvcc:tasdevxgji043@outlook.com
fasdervaszi2@gmail.com:mmnnbbvvcc:fasdervaszi243@outlook.com
gasderbjiop373@gmail.com:mmnnbbvvcc:gasderbjiop37343@outlook.com
fasdervazxi95@gmail.com:mmnnbbvvcc:fasdervazxi9543@outlook.com
haserviop538@gmail.com:mmnnbbvvcc:haserviop53843@outlook.com
rasxioutr163@gmail.com:mmnnbbvvcc:rasxioutr16343@outlook.com
tabiopvasdo8@gmail.com:mmnnbbvvcc:tabiopvasdo843@outlook.com
mascrbasdo869@gmail.com:mmnnbbvvcc:mascrbasdo86943@outlook.com
yuioptrew316@gmail.com:mmnnbbvvcc:yuioptrew31643@outlook.com
tasdervasdo6@gmail.com:mmnnbbvvcc:tasdervasdo643@outlook.com
rasderviop227@gmail.com:mmnnbbvvcc:rasderviop22743@outlook.com
daservase904@gmail.com:mmnnbbvvcc:daservase90443@outlook.com
rasdervasxio495@gmail.com:mmnnbbvvcc:rasdervasxio49543@outlook.com
fascivikj68@gmail.com:mmnnbbvvcc:fascivikj6843@outlook.com
fasderviop20@gmail.com:mmnnbbvvcc:fasderviop2043@outlook.com
fasdvjio398@gmail.com:mmnnbbvvcc:fasdvjio39843@outlook.com
lasdervasxo9@gmail.com:mmnnbbvvcc:lasdervasxo943@outlook.com
lasdervaso42@gmail.com:mmnnbbvvcc:lasdervaso4243@outlook.com
gasdervasxi23@gmail.com:mmnnbbvvcc:gasdervasxi2343@outlook.com
vasdervasxi84@gmail.com:mmnnbbvvcc:vasdervasxi8443@outlook.com
tumasbiop939@gmail.com:mmnnbbvvcc:tumasbiop93943@outlook.com
rasdevszx12@gmail.com:mmnnbbvvcc:rasdevszx1243@outlook.com
tasdehijko60@gmail.com:mmnnbbvvcc:tasdehijko6043@outlook.com
fadrbijo19@gmail.com:mmnnbbvvcc:fadrbijo1943@outlook.com
fasdrbiop8@gmail.com:mmnnbbvvcc:fasdrbiop843@outlook.com
gasderbiop694@gmail.com:mmnnbbvvcc:gasderbiop69443@outlook.com
raderbiop9@gmail.com:mmnnbbvvcc:raderbiop943@outlook.com
jasdervasdo167@gmail.com:mmnnbbvvcc:jasdervasdo16743@outlook.com
iopkmjki852@gmail.com:mmnnbbvvcc:iopkmjki85243@outlook.com
fasserviop40@gmail.com:mmnnbbvvcc:fasserviop4043@outlook.com
basderviop0@gmail.com:mmnnbbvvcc:basderviop043@outlook.com
gasderviko88@gmail.com:mmnnbbvvcc:gasderviko8843@outlook.com
lkjgniik9@gmail.com:mmnnbbvvcc:lkjgniik943@outlook.com
faderviki746@gmail.com:mmnnbbvvcc:faderviki74643@outlook.com
gasderviop68@gmail.com:mmnnbbvvcc:gasderviop6843@outlook.com
nasderbiji784@gmail.com:mmnnbbvvcc:nasderbiji78443@outlook.com
vasxibiop973@gmail.com:mmnnbbvvcc:vasxibiop97343@outlook.com
fssfebjio566@gmail.com:mmnnbbvvcc:fssfebjio56643@outlook.com
tavderboki7@gmail.com:mmnnbbvvcc:tavderboki743@outlook.com
ysdderbiop023@gmail.com:mmnnbbvvcc:ysdderbiop02343@outlook.com
rasdebjh702@gmail.com:mmnnbbvvcc:rasdebjh70243@outlook.com
saderbvcf2@gmail.com:mmnnbbvvcc:saderbvcf243@outlook.com
gasdrbhji2@gmail.com:mmnnbbvvcc:gasdrbhji243@outlook.com
easdervasde2@gmail.com:mmnnbbvvcc:easdervasde243@outlook.com
daserboji1@gmail.com:mmnnbbvvcc:daserboji143@outlook.com
faserviop023@gmail.com:mmnnbbvvcc:faserviop02343@outlook.com
sakibhassanryr37@gmail.com:Aassddffgg:sakibhassanryr3745@outlook.com
raisakhatoner9@gmail.com:aassddffgg:raisakhatoner977@outlook.com
koremhassaner64@gmail.com:aassddffgg:koremhassaner6477@outlook.com
taneakhationer237@gmail.com:aassddffgg:taneakhationer23777@outlook.com
sabrenakhatonet4@gmail.com:aassddffgg:sabrenakhatonet477@outlook.com
tutulehassaner528@gmail.com:aassddffgg:tutulehassaner52877@outlook.com
lemonhassaner9@gmail.com:aassddffgg:lemonhassaner977@outlook.com
sadeakhatoner045@gmail.com:aassddffgg:sadeakhatoner04577@outlook.com
moneshassaner45@gmail.com:aassddffgg:moneshassaner4577@outlook.com
jaforhassaner95@gmail.com:aassddffgg:jaforhassaner9577@outlook.com
jahedhassaner9@gmail.com:aassddffgg:jahedhassaner977@outlook.com
kadarhassaner63@gmail.com:aassddffgg:kadarhassaner6377@outlook.com
saidakhatoner620@gmail.com:aassddffgg:saidakhatoner62077@outlook.com
farhanhassaner9@gmail.com:aassddffgg:farhanhassaner977@outlook.com
emranhassaner2@gmail.com:aassddffgg:emranhassaner277@outlook.com
tarekhassaner7@gmail.com:aassddffgg:tarekhassaner777@outlook.com
rohethassaner41@gmail.com:aassddffgg:rohethassaner4177@outlook.com
mapehassaner66@gmail.com:aassddffgg:mapehassaner6677@outlook.com
fotamakhatoner76@gmail.com:aassddffgg:fotamakhatoner7677@outlook.com
somaiakhatonre68@gmail.com:aassddffgg:somaiakhatonre6877@outlook.com
forhathassaner793@gmail.com:aassddffgg:forhathassaner79377@outlook.com
lempakhatoner927@gmail.com:aassddffgg:lempakhatoner92777@outlook.com
