saimuddinee@gmail.com:rashed1234:saimuddinee12@outlook.com
sagorkhanee263@gmail.com:rashed1234:sagorkhanee26312@outlook.com
kaiamuddinee394@gmail.com:rashed1234:kaiamuddinee39412@outlook.com
tajmuluddinee@gmail.com:rashed1234:tajmuluddinee12@outlook.com
rabbiuddinrr@gmail.com:rashed1234:rabbiuddinrr12@outlook.com
inauddinee@gmail.com:rashed1234:inauddinee12@outlook.com
sovouddinee68@gmail.com:rashed1234:sovouddinee6812@outlook.com
pappuuddinee@gmail.com:rashed1234:pappuuddinee12@outlook.com
amiruddibee65@gmail.com:rashed1234:amiruddibee6512@outlook.com
sagoruddinrr@gmail.com:rashed1234:sagoruddinrr12@outlook.com
sajouddibee28@gmail.com:rashed1234:sajouddibee2812@outlook.com
akimuddibee@gmail.com:rashed1234:akimuddibee12@outlook.com
hakimuddinee870@gmail.com:rashed1234:hakimuddinee87012@outlook.com
moniuddinrr87@gmail.com:rashed1234:moniuddinrr8712@outlook.com
habibuddibee04@gmail.com:rashed1234:habibuddibee0412@outlook.com
antorakhatunee035@gmail.com:rashed1234:antorakhatunee03512@outlook.com
manikuddibee886@gmail.com:rashed1234:manikuddibee88612@outlook.com
sarminkhatubee@gmail.com:rashed1234:sarminkhatubee12@outlook.com
sathikhatubee@gmail.com:rashed1234:sathikhatubee12@outlook.com
noroluddibee@gmail.com:rashed1234:noroluddibee12@outlook.com
mamunuddinee3@gmail.com:rashed1234:mamunuddinee312@outlook.com
imranuddinee80@gmail.com:rashed1234:imranuddinee8012@outlook.com
afifuddinee527@gmail.com:rashed1234:afifuddinee52712@outlook.com
soniroluddinee11@gmail.com:rashed1234:soniroluddinee1112@outlook.com
nasiruddiee877@gmail.com:rashed1234:nasiruddiee87712@outlook.com
mojnouddinee031@gmail.com:rashed1234:mojnouddinee03112@outlook.com
sapiniskamee8@gmail.com:rashed1234:sapiniskamee812@outlook.com
hananuddinee28@gmail.com:rashed1234:hananuddinee2812@outlook.com
sohaguddinee@gmail.com:rashed1234:sohaguddinee12@outlook.com
sihabiddinee@gmail.com:rashed1234:sihabiddinee12@outlook.com
kasamuddibee67@gmail.com:rashed1234:kasamuddibee6712@outlook.com
munnauddinee94@gmail.com:rashed1234:munnauddinee9412@outlook.com
minsuddinrr564@gmail.com:rashed1234:minsuddinrr56412@outlook.com
soripuddinee@gmail.com:rashed1234:soripuddinee12@outlook.com
afrojuddinee@gmail.com:rashed1234:afrojuddinee12@outlook.com
norislamee55@gmail.com:rashed1234:norislamee5512@outlook.com
tiponuddibee@gmail.com:rashed1234:tiponuddibee12@outlook.com
rubinakhatunee72@gmail.com:rashed1234:rubinakhatunee7212@outlook.com
rashedranaee297@gmail.com:rashed1234:rashedranaee29712@outlook.com
massiuddinee15@gmail.com:rashed1234:massiuddinee1512@outlook.com
abiruddinee@gmail.com:rashed1234:abiruddinee12@outlook.com
imranuddinee798@gmail.com:rashed1234:imranuddinee79812@outlook.com
hakimuddibee@gmail.com:rashed1234:hakimuddibee12@outlook.com
yaminuddine0@gmail.com:rashed1234:yaminuddine012@outlook.com
mahinuddinee383@gmail.com:rashed1234:mahinuddinee38312@outlook.com
mosiaruddinee39@gmail.com:rashed1234:mosiaruddinee3912@outlook.com
sarminkhatunee607@gmail.com:rashed1234:sarminkhatunee60712@outlook.com
moriomkhatubee@gmail.com:rashed1234:moriomkhatubee12@outlook.com
opoyddibee18@gmail.com:rashed1234:opoyddibee1812@outlook.com
korimuddinee9@gmail.com:rashed1234:korimuddinee912@outlook.com
afimuddinee5@gmail.com:rashed1234:afimuddinee512@outlook.com
hozrotaliee14@gmail.com:rashed1234:hozrotaliee1412@outlook.com
markupuddinee@gmail.com:rashed1234:markupuddinee12@outlook.com
arianuddinee141@gmail.com:rashed1234:arianuddinee14112@outlook.com
arifakhatunee@gmail.com:rashed1234:arifakhatunee12@outlook.com
hakimislamre@gmail.com:rashed1234:hakimislamre12@outlook.com
mahinyddinee2@gmail.com:rashed1234:mahinyddinee212@outlook.com
ariyanisomaee74@gmail.com:rashed1234:ariyanisomaee7412@outlook.com
rabbihasanee466@gmail.com:rashed1234:rabbihasanee46612@outlook.com
sohanuddinee@gmail.com:rashed1234:sohanuddinee12@outlook.com
mamunuddinee403@gmail.com:rashed1234:mamunuddinee40312@outlook.com
sokoruddinee760@gmail.com:rashed1234:sokoruddinee76012@outlook.com
rabbbiuddibee@gmail.com:rashed1234:rabbbiuddibee12@outlook.com
sajjadyddunee@gmail.com:rashed1234:sajjadyddunee12@outlook.com
sahinuddinee98@gmail.com:rashed1234:sahinuddinee9812@outlook.com
sakibkhabee10@gmail.com:rashed1234:sakibkhabee1012@outlook.com
havivuddinb@gmail.com:rashed1234:havivuddinb12@outlook.com
muslikhatune3@gmail.com:rashed1234:muslikhatune312@outlook.com
rokikhame96@gmail.com:sakibul1234:rokikhame9612@outlook.com
asifhane308@gmail.com:sakibul1234:asifhane30812@outlook.com
t08540005@gmail.com:sakibul1234:t0854000512@outlook.com
uynatui@gmail.com:sakibul1234:uynatui12@outlook.com
saimhasane02@gmail.com:sakibul1234:saimhasane0212@outlook.com
ghbhhbj112@gmail.com:sakibul1234:ghbhhbj11212@outlook.com
sakibuljaksb9@gmail.com:sakibul1234:sakibuljaksb912@outlook.com
temakhan65@gmail.com:sakibul1234:temakhan6512@outlook.com
trenkhyi@gmail.com:sakibul1234:trenkhyi12@outlook.com
sakijjdjsjsbh@gmail.com:sakibul1234:sakijjdjsjsbh12@outlook.com
moimkjtun71@gmail.com:sakibul1234:moimkjtun7112@outlook.com
tyjghhhbh@gmail.com:sakibul1234:tyjghhhbh12@outlook.com
hftsgjduf@gmail.com:sakibul1234:hftsgjduf12@outlook.com
rpockykhane7@gmail.com:sakibul1234:rpockykhane712@outlook.com
tituonnkhane3@gmail.com:sakibul1234:tituonnkhane312@outlook.com
s96953953@gmail.com:sakibul1234:s9695395312@outlook.com
tuinkhane@gmail.com:sakibul1234:tuinkhane12@outlook.com
titonkhane263@gmail.com:sakibul1234:titonkhane26312@outlook.com
runtukhan647@gmail.com:sakibul1234:runtukhan64712@outlook.com
sakibkhame121@gmail.com:sakibul1234:sakibkhame12112@outlook.com
zhaiagbkhane@gmail.com:sakibul1234:zhaiagbkhane12@outlook.com
fuidiududk@gmail.com:sakibul1234:fuidiududk12@outlook.com
mskdhdjkskebsj3@gmail.com:sakibul1234:mskdhdjkskebsj312@outlook.com
sakibulkhane51@gmail.com:sakibul1234:sakibulkhane5112@outlook.com
jajshsgdjekdhf12@gmail.com:sakibul1234:jajshsgdjekdhf1212@outlook.com
jshssbsisbdj@gmail.com:sakibul1234:jshssbsisbdj12@outlook.com
temajigubjv@gmail.com:sakibul1234:temajigubjv12@outlook.com
yddakddigdig98@gmail.com:sakibul1234:yddakddigdig9812@outlook.com
lemonkhane547@gmail.com:sakibul1234:lemonkhane54712@outlook.com
vakjuiopkhasae@gmail.com:sakibul1234:vakjuiopkhasae12@outlook.com
jzjajdjaajsbka@gmail.com:sakibul1234:jzjajdjaajsbka12@outlook.com
remekhfda@gmail.com:sakibul1234:remekhfda12@outlook.com
nsidbdhsjjsvd47@gmail.com:sakibul1234:nsidbdhsjjsvd4712@outlook.com
bajsvssjjsvd@gmail.com:sakibul1234:bajsvssjjsvd12@outlook.com
ghgdghjagjiti@gmail.com:sakibul1234:ghgdghjagjiti12@outlook.com
drjlghujjxbkfh78@gmail.com:sakibul1234:drjlghujjxbkfh7812@outlook.com
fjdraufsjtjzjzydjsu3@gmail.com:sakibul1234:fjdraufsjtjzjzydjsu312@outlook.com
tipukgfe@gmail.com:sakibul1234:tipukgfe12@outlook.com
menarule350@gmail.com:sakibul1234:menarule35012@outlook.com
h67044989@gmail.com:sakibul1234:h6704498912@outlook.com
hifgyjfjjgvjj@gmail.com:sakibul1234:hifgyjfjjgvjj12@outlook.com
sakibilhasane859@gmail.com:sakibul1234:sakibilhasane85912@outlook.com
titomkhane@gmail.com:sakibul1234:titomkhane12@outlook.com
tipuhasane48@gmail.com:sakibul1234:tipuhasane4812@outlook.com
rockycliffs525@gmail.com:sakibul1234:rockycliffs52512@outlook.com
sakibulkhsane@gmail.com:sakibul1234:sakibulkhsane12@outlook.com
monkhatun655@gmail.com:sakibul1234:monkhatun65512@outlook.com
saiemkhsane75@gmail.com:sakibul1234:saiemkhsane7512@outlook.com
rovcktykjasane@gmail.com:sakibul1234:rovcktykjasane12@outlook.com
menariunllkhane1@gmail.com:sakibul1234:menariunllkhane112@outlook.com
bnjxhjufjuf@gmail.com:sakibul1234:bnjxhjufjuf12@outlook.com
tahamimhasane@gmail.com:sakibul1234:tahamimhasane12@outlook.com
titonkhane93@gmail.com:sakibul1234:titonkhane9312@outlook.com
rockymeya4@gmail.com:sakibul1234:rockymeya412@outlook.com
khaladayakhan@gmail.com:sakibul1234:khaladayakhan12@outlook.com
saifkhane549@gmail.com:sakibul1234:saifkhane54912@outlook.com
tpoikhasane@gmail.com:sakibul1234:tpoikhasane12@outlook.com
sababhadane@gmail.com:sakibul1234:sababhadane12@outlook.com
naimkhane887@gmail.com:sakibul1234:naimkhane88712@outlook.com
sakibulkhane27@gmail.com:sakibul1234:sakibulkhane2712@outlook.com
t33901749@gmail.com:sakibul1234:t3390174912@outlook.com
sakibulkhabn3@gmail.com:sakibul1234:sakibulkhabn312@outlook.com
sakinhsjakshs131@gmail.com:sakibul1234:sakinhsjakshs13112@outlook.com
hamminkhame943@gmail.com:sakibul1234:hamminkhame94312@outlook.com
kasamkhame@gmail.com:sakibul1234:kasamkhame12@outlook.com
samimkahame597@gmail.com:sakibul1234:samimkahame59712@outlook.com
sakibuhasanr@gmail.com:sakibul1234:sakibuhasanr12@outlook.com
r17711333@gmail.com:sakibul1234:r1771133312@outlook.com
lemonkhane86@gmail.com:sakibul1234:lemonkhane8612@outlook.com
rintuhassen589@gmail.com:sakibul1234:rintuhassen58912@outlook.com
rockykhanyt41@gmail.com:sakibul1234:rockykhanyt4112@outlook.com
sakhbkahe@gmail.com:sakibul1234:sakhbkahe12@outlook.com
lemobnkahem07@gmail.com:sakibul1234:lemobnkahem0712@outlook.com
titonkhane875@gmail.com:sakibul1234:titonkhane87512@outlook.com
rentukhane3@gmail.com:sakibul1234:rentukhane312@outlook.com
ekbloolkhane07@gmail.com:sakibul1234:ekbloolkhane0712@outlook.com
hasankhane79@gmail.com:sakibul1234:hasankhane7912@outlook.com
lemobkgaf1@gmail.com:sakibul1234:lemobkgaf112@outlook.com
tasalemkhane82@gmail.com:sakibul1234:tasalemkhane8212@outlook.com
toslemkhane@gmail.com:sakibul1234:toslemkhane12@outlook.com
khalidkhane908@gmail.com:sakibul1234:khalidkhane90812@outlook.com
sakibkhane559@gmail.com:sakibul1234:sakibkhane55912@outlook.com
sohaghossame@gmail.com:sohag1234:sohaghossame25@outlook.com
abirahmede992@gmail.com:sohag1234:abirahmede99225@outlook.com
sulaimanhossaine331@gmail.com:sohag1234:sulaimanhossaine33125@outlook.com
kohinurkhatune167@gmail.com:sohag1234:kohinurkhatune16725@outlook.com
arafathossaine63@gmail.com:sohag1234:arafathossaine6325@outlook.com
kalameabul646@gmail.com:sohag1234:kalameabul64625@outlook.com
armanhossaine417@gmail.com:sohag1234:armanhossaine41725@outlook.com
ankushhasane@gmail.com:sohag1234:ankushhasane25@outlook.com
imranahnede@gmail.com:sohag1234:imranahnede25@outlook.com
helaluddine89@gmail.com:sohag1234:helaluddine8925@outlook.com
hasibulislame516@gmail.com:sohag1234:hasibulislame51625@outlook.com
tuwfikahmade@gmail.com:sohag1234:tuwfikahmade25@outlook.com
liyonhosaine@gmail.com:sohag1234:liyonhosaine25@outlook.com
sayedahmede37@gmail.com:sohag1234:sayedahmede3725@outlook.com
sahedhasane24@gmail.com:sohag1234:sahedhasane2425@outlook.com
antorakhatune5@gmail.com:sohag1234:antorakhatune525@outlook.com
rubinabegume91@gmail.com:sohag1234:rubinabegume9125@outlook.com
sijukakhatune@gmail.com:sohag1234:sijukakhatune25@outlook.com
hasanenazmul672@gmail.com:sohag1234:hasanenazmul67225@outlook.com
jamiruddine684@gmail.com:sohag1234:jamiruddine68425@outlook.com
mstsetukhatne@gmail.com:sohag1234:mstsetukhatne25@outlook.com
mdnoyonkhane0@gmail.com:sohag1234:mdnoyonkhane025@outlook.com
khanemdmonir269@gmail.com:sohag1234:khanemdmonir26925@outlook.com
mdsohelhasane@gmail.com:sohag1234:mdsohelhasane25@outlook.com
mstshikhakhatune@gmail.com:sohag1234:mstshikhakhatune25@outlook.com
adabbasalie@gmail.com:sohag1234:adabbasalie25@outlook.com
missshuktarabegume@gmail.com:sohag1234:missshuktarabegume25@outlook.com
mdmpfijurhasane@gmail.com:sohag1234:mdmpfijurhasane25@outlook.com
mdsohagahmede@gmail.com:sohag1234:mdsohagahmede25@outlook.com
mdkamalhossaie@gmail.com:sohag1234:mdkamalhossaie25@outlook.com
aliekhanemdomor@gmail.com:sohag1234:aliekhanemdomor25@outlook.com
munnikhatune2@gmail.com:sohag1234:munnikhatune225@outlook.com
mdsagorkhane360@gmail.com:sohag1234:mdsagorkhane36025@outlook.com
mdatiyarhossaine@gmail.com:sohag1234:mdatiyarhossaine25@outlook.com
mdjahakhane@gmail.com:sohag1234:mdjahakhane25@outlook.com
mdsalmankhane37@gmail.com:sohag1234:mdsalmankhane3725@outlook.com
mdakramkhane2@gmail.com:sohag1234:mdakramkhane225@outlook.com
mdspjibhasane@gmail.com:sohag1234:mdspjibhasane25@outlook.com
mdmotilalkhane@gmail.com:sohag1234:mdmotilalkhane25@outlook.com
islamemdrashidul@gmail.com:sohag1234:islamemdrashidul25@outlook.com
mdtutulkhane449@gmail.com:sohag1234:mdtutulkhane44925@outlook.com
islamemdemadul2@gmail.com:sohag1234:islamemdemadul225@outlook.com
mstsharminbegume@gmail.com:sohag1234:mstsharminbegume25@outlook.com
ahmedetusar@gmail.com:sohag1234:ahmedetusar25@outlook.com
mdmilonkhane87@gmail.com:sohag1234:mdmilonkhane8725@outlook.com
mhmubinkhane@gmail.com:sohag1234:mhmubinkhane25@outlook.com
khatuenesharmin@gmail.com:sohag1234:khatuenesharmin25@outlook.com
hossaineamil@gmail.com:sohag1234:hossaineamil25@outlook.com
tkhatune566@gmail.com:sohag1234:tkhatune56625@outlook.com
missrupakhatume@gmail.com:sohag1234:missrupakhatume25@outlook.com
nisanahmede@gmail.com:sohag1234:nisanahmede25@outlook.com
ahmedemdlimon@gmail.com:sohag1234:ahmedemdlimon25@outlook.com
khatnemstsadiya@gmail.com:sohag1234:khatnemstsadiya25@outlook.com
misslizabegume@gmail.com:sohag1234:misslizabegume25@outlook.com
mstmitabegume@gmail.com:sohag1234:mstmitabegume25@outlook.com
arpabegume@gmail.com:sohag1234:arpabegume25@outlook.com
begumesusmita@gmail.com:sohag1234:begumesusmita25@outlook.com
janntaulbegume@gmail.com:sohag1234:janntaulbegume25@outlook.com
hossainesojib118@gmail.com:sohag1234:hossainesojib11825@outlook.com
hasanehamza8@gmail.com:sohag1234:hasanehamza825@outlook.com
ahmedehuzaifa@gmail.com:sohag1234:ahmedehuzaifa25@outlook.com
hossainahmedee@gmail.com:sohag1234:hossainahmedee25@outlook.com
mdratulhossaine@gmail.com:sohag1234:mdratulhossaine25@outlook.com
raselahmede80@gmail.com:sohag1234:raselahmede8025@outlook.com
hossainesohag@gmail.com:sohag1234:hossainesohag25@outlook.com
aq1138395@gmail.com:sohag1234:aq113839525@outlook.com
hamimhasnae518@gmail.com:sohag1234:hamimhasnae51825@outlook.com
hakimulhossaine@gmail.com:sohag1234:hakimulhossaine25@outlook.com
mdsajuhasane@gmail.com:sohag1234:mdsajuhasane25@outlook.com
islamemdshohidul@gmail.com:sohag1234:islamemdshohidul25@outlook.com
khaneshadine@gmail.com:sohag1234:khaneshadine25@outlook.com
ikbalhossaine2@gmail.com:sohag1234:ikbalhossaine225@outlook.com
ontuhossaine@gmail.com:sohag1234:ontuhossaine25@outlook.com
aliehanef3@gmail.com:sohag1234:aliehanef325@outlook.com
hokinsalie@gmail.com:sohag1234:hokinsalie25@outlook.com
hosainejamir@gmail.com:sohag1234:hosainejamir25@outlook.com
miaeripon@gmail.com:sohag1234:miaeripon25@outlook.com
arshafahmede@gmail.com:sohag1234:arshafahmede25@outlook.com
litontalukdare@gmail.com:sohag1234:litontalukdare25@outlook.com
ahmedetorikul@gmail.com:sohag1234:ahmedetorikul25@outlook.com
naimehasane84@gmail.com:sohag1234:naimehasane8425@outlook.com
akramulhossaine65@gmail.com:sohag1234:akramulhossaine6525@outlook.com
suanhasane@gmail.com:sohag1234:suanhasane25@outlook.com
tazyddine@gmail.com:sohag1234:tazyddine25@outlook.com
yasinahmede8@gmail.com:sohag1234:yasinahmede825@outlook.com
hasanerubel550@gmail.com:sohag1234:hasanerubel55025@outlook.com
shantiahmede@gmail.com:sohag1234:shantiahmede25@outlook.com
shimulhasane@gmail.com:sohag1234:shimulhasane25@outlook.com
sakibulhasane61@gmail.com:sohag1234:sakibulhasane6125@outlook.com
mijanorrohamne@gmail.com:sohag1234:mijanorrohamne25@outlook.com
bayozidahmede@gmail.com:sohag1234:bayozidahmede25@outlook.com
hannanhossaine309@gmail.com:sohag1234:hannanhossaine30925@outlook.com
ujjolhasane@gmail.com:sohag1234:ujjolhasane25@outlook.com
mojafforhossene@gmail.com:sohag1234:mojafforhossene25@outlook.com
akashahmede02@gmail.com:sohag1234:akashahmede0225@outlook.com
gaffarahmede@gmail.com:sohag1234:gaffarahmede25@outlook.com
rohimahmede3@gmail.com:sohag1234:rohimahmede325@outlook.com
adnanhossaime@gmail.com:sohag1234:adnanhossaime25@outlook.com
oyonahmede@gmail.com:sohag1234:oyonahmede25@outlook.com
amithasane72@gmail.com:sohag1234:amithasane7225@outlook.com
mahiahmede377@gmail.com:sohag1234:mahiahmede37725@outlook.com
samaulahmede@gmail.com:sohag1234:samaulahmede25@outlook.com
musabbirhossaine@gmail.com:sohag1234:musabbirhossaine25@outlook.com
atiyarhasane@gmail.com:sohag1234:atiyarhasane25@outlook.com
rasdervasdo33@gmail.com:mmnnbbvvcc:rasdervasdo3343@outlook.com
asderbasfo403@gmail.com:mmnnbbvvcc:asderbasfo40343@outlook.com
gasdervasfo58@gmail.com:mmnnbbvvcc:gasdervasfo5843@outlook.com
asdervasko603@gmail.com:mmnnbbvvcc:asdervasko60343@outlook.com
kasdwrvasxo65@gmail.com:mmnnbbvvcc:kasdwrvasxo6543@outlook.com
fasdervasko198@gmail.com:mmnnbbvvcc:fasdervasko19843@outlook.com
gascasvasde3@gmail.com:mmnnbbvvcc:gascasvasde343@outlook.com
lasdevazr289@gmail.com:mmnnbbvvcc:lasdevazr28943@outlook.com
daservasxo614@gmail.com:mmnnbbvvcc:daservasxo61443@outlook.com
fasdervasko9@gmail.com:mmnnbbvvcc:fasdervasko943@outlook.com
rasdervasxo59@gmail.com:mmnnbbvvcc:rasdervasxo5943@outlook.com
lasdernoip36@gmail.com:mmnnbbvvcc:lasdernoip3643@outlook.com
tasdervasko036@gmail.com:mmnnbbvvcc:tasdervasko03643@outlook.com
fasderbasde5@gmail.com:mmnnbbvvcc:fasderbasde543@outlook.com
lasdergasce707@gmail.com:mmnnbbvvcc:lasdergasce70743@outlook.com
hasdervasko545@gmail.com:mmnnbbvvcc:hasdervasko54543@outlook.com
asdervasdo317@gmail.com:mmnnbbvvcc:asdervasdo31743@outlook.com
jasdeocasder88@gmail.com:mmnnbbvvcc:jasdeocasder8843@outlook.com
fasercaser8@gmail.com:mmnnbbvvcc:fasercaser843@outlook.com
kasdervasko54@gmail.com:mmnnbbvvcc:kasdervasko5443@outlook.com
dascerbasko227@gmail.com:mmnnbbvvcc:dascerbasko22743@outlook.com
gaservasco360@gmail.com:mmnnbbvvcc:gaservasco36043@outlook.com
jaservasdo19@gmail.com:mmnnbbvvcc:jaservasdo1943@outlook.com
pokipbasder7@gmail.com:mmnnbbvvcc:pokipbasder743@outlook.com
jasdervasdo52@gmail.com:mmnnbbvvcc:jasdervasdo5243@outlook.com
hasdeevsaer404@gmail.com:mmnnbbvvcc:hasdeevsaer40443@outlook.com
kaserbaser384@gmail.com:mmnnbbvvcc:kaserbaser38443@outlook.com
fasdervasdeo800@gmail.com:mmnnbbvvcc:fasdervasdeo80043@outlook.com
dasercaser8@gmail.com:mmnnbbvvcc:dasercaser843@outlook.com
lasdervaxo5@gmail.com:mmnnbbvvcc:lasdervaxo543@outlook.com
dazxervasdo7@gmail.com:mmnnbbvvcc:dazxervasdo743@outlook.com
fasdervazo126@gmail.com:mmnnbbvvcc:fasdervazo12643@outlook.com
basdervasxo12@gmail.com:mmnnbbvvcc:basdervasxo1243@outlook.com
lasdervaxo420@gmail.com:mmnnbbvvcc:lasdervaxo42043@outlook.com
masdervasko5@gmail.com:mmnnbbvvcc:masdervasko543@outlook.com
naservasdo7@gmail.com:mmnnbbvvcc:naservasdo743@outlook.com
lsderjasxo2@gmail.com:mmnnbbvvcc:lsderjasxo243@outlook.com
fasdervasdo40@gmail.com:mmnnbbvvcc:fasdervasdo4043@outlook.com
dasercase131@gmail.com:mmnnbbvvcc:dasercase13143@outlook.com
asdervaser37@gmail.com:mmnnbbvvcc:asdervaser3743@outlook.com
daservasde618@gmail.com:mmnnbbvvcc:daservasde61843@outlook.com
dascervasko08@gmail.com:mmnnbbvvcc:dascervasko0843@outlook.com
diganadigu866@gmail.com:mmnnbbvvcc:diganadigu86643@outlook.com
asdervaser70@gmail.com:mmnnbbvvcc:asdervaser7043@outlook.com
hasdervaso835@gmail.com:mmnnbbvvcc:hasdervaso83543@outlook.com
gadervazo35@gmail.com:mmnnbbvvcc:gadervazo3543@outlook.com
nasdercase87@gmail.com:mmnnbbvvcc:nasdercase8743@outlook.com
asdervasxi479@gmail.com:mmnnbbvvcc:asdervasxi47943@outlook.com
naxibopki07@gmail.com:mmnnbbvvcc:naxibopki0743@outlook.com
daservazo71@gmail.com:mmnnbbvvcc:daservazo7143@outlook.com
fasdercaki56@gmail.com:mmnnbbvvcc:fasdercaki5643@outlook.com
fasxiobaxo101@gmail.com:mmnnbbvvcc:fasxiobaxo10143@outlook.com
basdervasjo06@gmail.com:mmnnbbvvcc:basdervasjo0643@outlook.com
bascohijo0@gmail.com:mmnnbbvvcc:bascohijo043@outlook.com
dasercance06@gmail.com:mmnnbbvvcc:dasercance0643@outlook.com
hasdervasko09@gmail.com:mmnnbbvvcc:hasdervasko0943@outlook.com
hasdercaser710@gmail.com:mmnnbbvvcc:hasdercaser71043@outlook.com
fascibikji337@gmail.com:mmnnbbvvcc:fascibikji33743@outlook.com
fgaaservasxo388@gmail.com:mmnnbbvvcc:fgaaservasxo38843@outlook.com
fasdervasdo27@gmail.com:mmnnbbvvcc:fasdervasdo2743@outlook.com
hasdervasxo6@gmail.com:mmnnbbvvcc:hasdervasxo643@outlook.com
lasdrtnasdo759@gmail.com:mmnnbbvvcc:lasdrtnasdo75943@outlook.com
jasdervasxo4@gmail.com:mmnnbbvvcc:jasdervasxo443@outlook.com
gasdercasdr78@gmail.com:mmnnbbvvcc:gasdercasdr7843@outlook.com
hasdervasxo8@gmail.com:mmnnbbvvcc:hasdervasxo843@outlook.com
dasdercasdi963@gmail.com:mmnnbbvvcc:dasdercasdi96343@outlook.com
kasdertiop40@gmail.com:mmnnbbvvcc:kasdertiop4043@outlook.com
hasdervasde7@gmail.com:mmnnbbvvcc:hasdervasde743@outlook.com
pasdercasxi18@gmail.com:mmnnbbvvcc:pasdercasxi1843@outlook.com
dasvevasdo457@gmail.com:mmnnbbvvcc:dasvevasdo45743@outlook.com
lasdervasx7@gmail.com:mmnnbbvvcc:lasdervasx743@outlook.com
rasdervasjo5@gmail.com:mmnnbbvvcc:rasdervasjo543@outlook.com
paddevasdo@gmail.com:mmnnbbvvcc:paddevasdo43@outlook.com
daservasko@gmail.com:mmnnbbvvcc:daservasko43@outlook.com
hasdervasjoo3@gmail.com:mmnnbbvvcc:hasdervasjoo343@outlook.com
lasdervasd655@gmail.com:mmnnbbvvcc:lasdervasd65543@outlook.com
fasdercasde019@gmail.com:mmnnbbvvcc:fasdercasde01943@outlook.com
dasertiop8@gmail.com:mmnnbbvvcc:dasertiop843@outlook.com
dasercase3@gmail.com:mmnnbbvvcc:dasercase343@outlook.com
asdercaser114@gmail.com:mmnnbbvvcc:asdercaser11443@outlook.com
fasderqwer311@gmail.com:mmnnbbvvcc:fasderqwer31143@outlook.com
daservasxo885@gmail.com:mmnnbbvvcc:daservasxo88543@outlook.com
daservasxo563@gmail.com:mmnnbbvvcc:daservasxo56343@outlook.com
dasxerbojio477@gmail.com:mmnnbbvvcc:dasxerbojio47743@outlook.com
gasdervdert0@gmail.com:mmnnbbvvcc:gasdervdert043@outlook.com
jasdercasxer054@gmail.com:mmnnbbvvcc:jasdercasxer05443@outlook.com
basdervaxo632@gmail.com:mmnnbbvvcc:basdervaxo63243@outlook.com
vgfdrvgfdr200@gmail.com:mmnnbbvvcc:vgfdrvgfdr20043@outlook.com
kaserdase91@gmail.com:qqwweerrtt:kaserdase9143@outlook.com
ridvankarsli58@gmail.com:qqwweerrtt:ridvankarsli5843@outlook.com
yaseryuksel540@gmail.com:qqwweerrtt:yaseryuksel54043@outlook.com
alidemirkol395@gmail.com:qqwweerrtt:alidemirkol39543@outlook.com
faruksaglam096@gmail.com:qqwweerrtt:faruksaglam09643@outlook.com
iskenderbozkir67@gmail.com:qqwweerrtt:iskenderbozkir6743@outlook.com
yahyaakpinar18@gmail.com:qqwweerrtt:yahyaakpinar1843@outlook.com
semihsahiner255@gmail.com:qqwweerrtt:semihsahiner25543@outlook.com
marufhasane116@gmail.com:munna1234:marufhasane11612@outlook.com
manikhasane49@gmail.com:munna1234:manikhasane4912@outlook.com
hasanislame0@gmail.com:munna1234:hasanislame012@outlook.com
rashedhasane1@gmail.com:munna1234:rashedhasane112@outlook.com
sadiyakatune@gmail.com:munna1234:sadiyakatune12@outlook.com
rohamanhasane@gmail.com:munna1234:rohamanhasane12@outlook.com
salmanislame79@gmail.com:munna1234:salmanislame7912@outlook.com
mamunhasane86@gmail.com:munna1234:mamunhasane8612@outlook.com
taminislame19@gmail.com:munna1234:taminislame1912@outlook.com
sadiyakatune889@gmail.com:munna1234:sadiyakatune88912@outlook.com
rabiyakatune445@gmail.com:munna1234:rabiyakatune44512@outlook.com
iyaminhasane@gmail.com:munna1234:iyaminhasane12@outlook.com
hasanislame21@gmail.com:munna1234:hasanislame2112@outlook.com
gafinhasane81@gmail.com:munna1234:gafinhasane8112@outlook.com
fahanakatune1@gmail.com:munna1234:fahanakatune112@outlook.com
rafinhasane74@gmail.com:munna1234:rafinhasane7412@outlook.com
sabbirhasane432@gmail.com:munna1234:sabbirhasane43212@outlook.com
rabiyakatune44@gmail.com:munna1234:rabiyakatune4412@outlook.com
hahidhasane064@gmail.com:munna1234:hahidhasane06412@outlook.com
taskiyaislame@gmail.com:munna1234:taskiyaislame12@outlook.com
fahanakatune661@gmail.com:munna1234:fahanakatune66112@outlook.com
fasanhasane2@gmail.com:munna1234:fasanhasane212@outlook.com
saharakatune419@gmail.com:munna1234:saharakatune41912@outlook.com
tamimhasane27@gmail.com:munna1234:tamimhasane2712@outlook.com
sagorhasane75@gmail.com:munna1234:sagorhasane7512@outlook.com
taniyakatune34@gmail.com:munna1234:taniyakatune3412@outlook.com
harunhasane71@gmail.com:munna1234:harunhasane7112@outlook.com
hobehasane2@gmail.com:munna1234:hobehasane212@outlook.com
lanisaislame5@gmail.com:munna1234:lanisaislame512@outlook.com
sadiyakatune71@gmail.com:munna1234:sadiyakatune7112@outlook.com
sagorhasane58@gmail.com:munna1234:sagorhasane5812@outlook.com
hasanislame85@gmail.com:munna1234:hasanislame8512@outlook.com
sagorhasane795@gmail.com:munna1234:sagorhasane79512@outlook.com
rashedhasane738@gmail.com:munna1234:rashedhasane73812@outlook.com
sajjadhasane48@gmail.com:munna1234:sajjadhasane4812@outlook.com
jakirhasane913@gmail.com:munna1234:jakirhasane91312@outlook.com
asanurkatune@gmail.com:munna1234:asanurkatune12@outlook.com
asanurislame9@gmail.com:munna1234:asanurislame912@outlook.com
hasaneuddine18@gmail.com:munna1234:hasaneuddine1812@outlook.com
salmanislame9@gmail.com:munna1234:salmanislame912@outlook.com
samiyaislame0@gmail.com:munna1234:samiyaislame012@outlook.com
sagorhasane428@gmail.com:munna1234:sagorhasane42812@outlook.com
samiyakatune64@gmail.com:munna1234:samiyakatune6412@outlook.com
saharajkatune419@gmail.com:munna1234:saharajkatune41912@outlook.com
haminhasane881@gmail.com:munna1234:haminhasane88112@outlook.com
alimhasane467@gmail.com:munna1234:alimhasane46712@outlook.com
harunhasane34@gmail.com:munna1234:harunhasane3412@outlook.com
lablikatune0@gmail.com:munna1234:lablikatune012@outlook.com
salmanislame8@gmail.com:munna1234:salmanislame812@outlook.com
jakirhasane597@gmail.com:munna1234:jakirhasane59712@outlook.com
hasanislame7@gmail.com:munna1234:hasanislame712@outlook.com
sagorhasane21@gmail.com:munna1234:sagorhasane2112@outlook.com
sabbirhasane0@gmail.com:munna1234:sabbirhasane012@outlook.com
rajibhasane289@gmail.com:munna1234:rajibhasane28912@outlook.com
sajjadulhasane73@gmail.com:munna1234:sajjadulhasane7312@outlook.com
basarhasane@gmail.com:munna1234:basarhasane12@outlook.com
ratulhasane4@gmail.com:munna1234:ratulhasane412@outlook.com
rakibhasane302@gmail.com:munna1234:rakibhasane30212@outlook.com
hasanislame126@gmail.com:munna1234:hasanislame12612@outlook.com
jahidhasane40@gmail.com:munna1234:jahidhasane4012@outlook.com
jakirhasane743@gmail.com:munna1234:jakirhasane74312@outlook.com
nabiyakatune4@gmail.com:munna1234:nabiyakatune412@outlook.com
fahadhasane7@gmail.com:munna1234:fahadhasane712@outlook.com
taskinislame4@gmail.com:munna1234:taskinislame412@outlook.com
asadulhasane43@gmail.com:munna1234:asadulhasane4312@outlook.com
hamidulhasane96@gmail.com:munna1234:hamidulhasane9612@outlook.com
nabilhasane89@gmail.com:munna1234:nabilhasane8912@outlook.com
sabbirhasane106@gmail.com:munna1234:sabbirhasane10612@outlook.com
sahanakatune72@gmail.com:munna1234:sahanakatune7212@outlook.com
tanisakatune8@gmail.com:munna1234:tanisakatune812@outlook.com
shakenhasane00@gmail.com:munna1234:shakenhasane0012@outlook.com
hasanuddine67@gmail.com:munna1234:hasanuddine6712@outlook.com
fasanhasane67@gmail.com:munna1234:fasanhasane6712@outlook.com
taskiyaislame01@gmail.com:munna1234:taskiyaislame0112@outlook.com
lablikatune10@gmail.com:munna1234:lablikatune1012@outlook.com
suburhasane4@gmail.com:munna1234:suburhasane412@outlook.com
subulhasane@gmail.com:munna1234:subulhasane12@outlook.com
rhasans160@gmail.com:rakib1234:rhasans16025@outlook.com
sh1556287@gmail.com:rakib1234:sh155628725@outlook.com
hasanstajmul@gmail.com:rakib1234:hasanstajmul25@outlook.com
hasansyeamin@gmail.com:rakib1234:hasansyeamin25@outlook.com
ih313830@gmail.com:rakib1234:ih31383025@outlook.com
hasansladen68@gmail.com:rakib1234:hasansladen6825@outlook.com
hasanstuhin@gmail.com:rakib1234:hasanstuhin25@outlook.com
hasansrajib@gmail.com:rakib1234:hasansrajib25@outlook.com
hasansn825@gmail.com:rakib1234:hasansn82525@outlook.com
sbkhasans@gmail.com:rakib1234:sbkhasans25@outlook.com
hasansmahid0@gmail.com:rakib1234:hasansmahid025@outlook.com
hasansmahid@gmail.com:rakib1234:hasansmahid25@outlook.com
mahidhsns@gmail.com:rakib1234:mahidhsns25@outlook.com
emanhasans187@gmail.com:rakib1234:emanhasans18725@outlook.com
lhasans108@gmail.com:rakib1234:lhasans10825@outlook.com
hasansbaten@gmail.com:rakib1234:hasansbaten25@outlook.com
hasanintaj2@gmail.com:rakib1234:hasanintaj225@outlook.com
hparvej118@gmail.com:rakib1234:hparvej11825@outlook.com
rbbhasans@gmail.com:rakib1234:rbbhasans25@outlook.com
hasansjafor@gmail.com:rakib1234:hasansjafor25@outlook.com
hasansmohin@gmail.com:rakib1234:hasansmohin25@outlook.com
sh2412116@gmail.com:rakib1234:sh241211625@outlook.com
ratulhasans027@gmail.com:rakib1234:ratulhasans02725@outlook.com
sabikh58@gmail.com:rakib1234:sabikh5825@outlook.com
rakibhasangajbe@gmail.com:rakib1234:rakibhasangajbe25@outlook.com
hasansrahul@gmail.com:rakib1234:hasansrahul25@outlook.com
hasansn633@gmail.com:rakib1234:hasansn63325@outlook.com
sohaghasans269@gmail.com:rakib1234:sohaghasans26925@outlook.com
hhasans854@gmail.com:rakib1234:hhasans85425@outlook.com
hasansmohin7@gmail.com:rakib1234:hasansmohin725@outlook.com
ih379748@gmail.com:rakib1234:ih37974825@outlook.com
hasansmohon@gmail.com:rakib1234:hasansmohon25@outlook.com
hasansrokim@gmail.com:rakib1234:hasansrokim25@outlook.com
hasanssohan48@gmail.com:rakib1234:hasanssohan4825@outlook.com
mahid6511@gmail.com:rakib1234:mahid651125@outlook.com
rhasans573@gmail.com:rakib1234:rhasans57325@outlook.com
badhonhasans78@gmail.com:rakib1234:badhonhasans7825@outlook.com
hasanssofik@gmail.com:rakib1234:hasanssofik25@outlook.com
hasansgihad@gmail.com:rakib1234:hasansgihad25@outlook.com
mohonhsns@gmail.com:rakib1234:mohonhsns25@outlook.com
hasanshasib3@gmail.com:rakib1234:hasanshasib325@outlook.com
hasanssabkik@gmail.com:rakib1234:hasanssabkik25@outlook.com
hasansrohim64@gmail.com:rakib1234:hasansrohim6425@outlook.com
hasansrajib23@gmail.com:rakib1234:hasansrajib2325@outlook.com
sasanskamal@gmail.com:rakib1234:sasanskamal25@outlook.com
rhasans298@gmail.com:rakib1234:rhasans29825@outlook.com
shohanhasans427@gmail.com:rakib1234:shohanhasans42725@outlook.com
hasansroney4@gmail.com:rakib1234:hasansroney425@outlook.com
hasansamonjur@gmail.com:rakib1234:hasansamonjur25@outlook.com
hasansrohan9@gmail.com:rakib1234:hasansrohan925@outlook.com
koremhasans@gmail.com:rakib1234:koremhasans25@outlook.com
hasansshahed2@gmail.com:rakib1234:hasansshahed225@outlook.com
rosulhasans08@gmail.com:rakib1234:rosulhasans0825@outlook.com
tusherhasans47@gmail.com:rakib1234:tusherhasans4725@outlook.com
nahidhasasns@gmail.com:rakib1234:nahidhasasns25@outlook.com
mhasans403@gmail.com:rakib1234:mhasans40325@outlook.com
hasasnsn@gmail.com:rakib1234:hasasnsn25@outlook.com
hasansrohim2@gmail.com:rakib1234:hasansrohim225@outlook.com
rakibhasans22334@gmail.com:rakib1234:rakibhasans2233425@outlook.com
hasansrosul@gmail.com:rakib1234:hasansrosul25@outlook.com
koremhasaans@gmail.com:rakib1234:koremhasaans25@outlook.com
rohimhasasns@gmail.com:rakib1234:rohimhasasns25@outlook.com
hasasnsfahim@gmail.com:rakib1234:hasasnsfahim25@outlook.com
hamidhasasns@gmail.com:rakib1234:hamidhasasns25@outlook.com
hmahid632@gmail.com:rakib1234:hmahid63225@outlook.com
rohimhasasalns@gmail.com:rakib1234:rohimhasasalns25@outlook.com
hh3373183@gmail.com:rakib1234:hh337318325@outlook.com
fareajahan15@gmail.com:rakib1234:fareajahan1525@outlook.com
nj6928946@gmail.com:rakib1234:nj692894625@outlook.com
khatunsupea3@gmail.com:rakib1234:khatunsupea325@outlook.com
khatunnafeja4@gmail.com:rakib1234:khatunnafeja425@outlook.com
khatunrokeya169@gmail.com:rakib1234:khatunrokeya16925@outlook.com
:rakib1234:
hasansshohan@gmail.com:rakib1234:hasansshohan25@outlook.com
thasans082@gmail.com:rakib1234:thasans08225@outlook.com
ajim98816@gmail.com:rakib1234:ajim9881625@outlook.com
hasansrohan53@gmail.com:rakib1234:hasansrohan5325@outlook.com
hasansalfaj@gmail.com:rakib1234:hasansalfaj25@outlook.com
rohanhasana6@gmail.com:rakib1234:rohanhasana625@outlook.com
sh3382522@gmail.com:rakib1234:sh338252225@outlook.com
rh916022@gmail.com:rakib1234:rh91602225@outlook.com
fahimkhab6633@gmail.com:rakib1234:fahimkhab663325@outlook.com
hasansjamal61@gmail.com:rakib1234:hasansjamal6125@outlook.com
rh3013612@gmail.com:rakib1234:rh301361225@outlook.com
yousufhsns@gmail.com:rakib1234:yousufhsns25@outlook.com
ihasans036@gmail.com:rakib1234:ihasans03625@outlook.com
rk7846243@gmail.com:rakib1234:rk784624325@outlook.com
hasanst682@gmail.com:rakib1234:hasanst68225@outlook.com
yh065475@gmail.com:rakib1234:yh06547525@outlook.com
th3327397@gmail.com:rakib1234:th332739725@outlook.com
yeaminh184@gmail.com:rakib1234:yeaminh18425@outlook.com
rohanhsns@gmail.com:rakib1234:rohanhsns25@outlook.com
masudhmasudha@gmail.com:rakib1234:masudhmasudha25@outlook.com
hfhdze@gmail.com:jihad1234:hfhdze12@outlook.com
hdbdhe171@gmail.com:jihad1234:hdbdhe17112@outlook.com
gdvxge@gmail.com:jihad1234:gdvxge12@outlook.com
hdbdue78@gmail.com:jihad1234:hdbdue7812@outlook.com
dhdze2887@gmail.com:jihad1234:dhdze288712@outlook.com
hhxzxge@gmail.com:jihad1234:hhxzxge12@outlook.com
gxvxge@gmail.com:jihad1234:gxvxge12@outlook.com
hxhxe866@gmail.com:jihad1234:hxhxe86612@outlook.com
gdze02698@gmail.com:jihad1234:gdze0269812@outlook.com
zihadhassane15@gmail.com:jihad1234:zihadhassane1512@outlook.com
