masudulhoqe2@gmail.com:uuiioopp0:masudulhoqe24@outlook.com
sobdulhosen8@gmail.com:uuiioopp0:sobdulhosen84@outlook.com
rokonhosen98@gmail.com:uuiioopp0:rokonhosen984@outlook.com
ksajit516@gmail.com:uuiioopp0:ksajit5164@outlook.com
rubinahaldar367@gmail.com:uuiioopp0:rubinahaldar3674@outlook.com
tomphilipis8@gmail.com:uuiioopp0:tomphilipis84@outlook.com
rostylor2@gmail.com:uuiioopp0:rostylor24@outlook.com
hosenrokon065@gmail.com:uuiioopp0:hosenrokon0654@outlook.com
sazedaakter322@gmail.com:uuiioopp0:sazedaakter3224@outlook.com
rumifarhana34@gmail.com:uuiioopp0:rumifarhana344@outlook.com
sofikulhoqe9@gmail.com:uuiioopp0:sofikulhoqe94@outlook.com
rodismondol@gmail.com:uuiioopp0:rodismondol4@outlook.com
hosensoraf45@gmail.com:uuiioopp0:hosensoraf454@outlook.com
bilkusakter45@gmail.com:uuiioopp0:bilkusakter454@outlook.com
fatemaima87@gmail.com:uuiioopp0:fatemaima874@outlook.com
afrozsadia473@gmail.com:uuiioopp0:afrozsadia4734@outlook.com
fahimajui570@gmail.com:uuiioopp0:fahimajui5704@outlook.com
nahidethar43@gmail.com:uuiioopp0:nahidethar434@outlook.com
setuafrin13@gmail.com:uuiioopp0:setuafrin134@outlook.com
aktersabnur235@gmail.com:uuiioopp0:aktersabnur2354@outlook.com
tanzilaa634@gmail.com:uuiioopp0:tanzilaa6344@outlook.com
mominurhoqe1@gmail.com:uuiioopp0:mominurhoqe14@outlook.com
busrasadia057@gmail.com:uuiioopp0:busrasadia0574@outlook.com
imrojfatema9@gmail.com:uuiioopp0:imrojfatema94@outlook.com
afrinmitu672@gmail.com:uuiioopp0:afrinmitu6724@outlook.com
tithisabina79@gmail.com:uuiioopp0:tithisabina794@outlook.com
nahidethar69@gmail.com:uuiioopp0:nahidethar694@outlook.com
hosenrokon958@gmail.com:uuiioopp0:hosenrokon9584@outlook.com
akterzannati9@gmail.com:uuiioopp0:akterzannati94@outlook.com
jakiyasultan428@gmail.com:uuiioopp0:jakiyasultan4284@outlook.com
fahomidahoq@gmail.com:uuiioopp0:fahomidahoq4@outlook.com
mominurhoqe492@gmail.com:uuiioopp0:mominurhoqe4924@outlook.com
sabinaalom860@gmail.com:uuiioopp0:sabinaalom8604@outlook.com
akterrasida699@gmail.com:uuiioopp0:akterrasida6994@outlook.com
ekramulhoqe309@gmail.com:uuiioopp0:ekramulhoqe3094@outlook.com
towfiqhosen3@gmail.com:uuiioopp0:towfiqhosen34@outlook.com
muslimahoqe@gmail.com:uuiioopp0:muslimahoqe4@outlook.com
sawonhosen685@gmail.com:uuiioopp0:sawonhosen6854@outlook.com
akterikobita455@gmail.com:uuiioopp0:akterikobita4554@outlook.com
sorifulhoqe689@gmail.com:uuiioopp0:sorifulhoqe6894@outlook.com
mehedihoqe292@gmail.com:uuiioopp0:mehedihoqe2924@outlook.com
mojumdarbappa46@gmail.com:uuiioopp0:mojumdarbappa464@outlook.com
khairulhoqe6@gmail.com:uuiioopp0:khairulhoqe64@outlook.com
faritasnim43@gmail.com:uuiioopp0:faritasnim434@outlook.com
mstsalmakatune253@gmail.com:munna1234:mstsalmakatune25325@outlook.com
mstsalmakatune11@gmail.com:munna1234:mstsalmakatune1125@outlook.com
mstsalmaaktare185@gmail.com:munna1234:mstsalmaaktare18525@outlook.com
mstsadiyakatune717@gmail.com:munna1234:mstsadiyakatune71725@outlook.com
mstsadiyaaktare395@gmail.com:munna1234:mstsadiyaaktare39525@outlook.com
mdmunnahasane639@gmail.com:munna1234:mdmunnahasane63925@outlook.com
mdsamadhasane5@gmail.com:munna1234:mdsamadhasane525@outlook.com
mdsamadkhane56@gmail.com:munna1234:mdsamadkhane5625@outlook.com
mdsamadislame8@gmail.com:munna1234:mdsamadislame825@outlook.com
mdsakimhasane61@gmail.com:munna1234:mdsakimhasane6125@outlook.com
mdhasankhane67@gmail.com:munna1234:mdhasankhane6725@outlook.com
mdsabbirhasane69@gmail.com:munna1234:mdsabbirhasane6925@outlook.com
mdjahidhasane97@gmail.com:munna1234:mdjahidhasane9725@outlook.com
kanidhasane72@gmail.com:munna1234:kanidhasane7225@outlook.com
mdsaidulhasane51@gmail.com:munna1234:mdsaidulhasane5125@outlook.com
hasankhane024@gmail.com:munna1234:hasankhane02425@outlook.com
mdhasibkhane330@gmail.com:munna1234:mdhasibkhane33025@outlook.com
mdkamalhasane70@gmail.com:munna1234:mdkamalhasane7025@outlook.com
mdratulhasane8@gmail.com:munna1234:mdratulhasane825@outlook.com
mdratulkhane376@gmail.com:munna1234:mdratulkhane37625@outlook.com
mdratulkhane394@gmail.com:munna1234:mdratulkhane39425@outlook.com
mdraisulhasane816@gmail.com:munna1234:mdraisulhasane81625@outlook.com
mamunhasane829@gmail.com:munna1234:mamunhasane82925@outlook.com
mdsakibhasane32@gmail.com:munna1234:mdsakibhasane3225@outlook.com
mafizhasane3@gmail.com:munna1234:mafizhasane325@outlook.com
mahidakatune2@gmail.com:munna1234:mahidakatune225@outlook.com
mdsajidhasane9@gmail.com:munna1234:mdsajidhasane925@outlook.com
mstmahidakatune93@gmail.com:munna1234:mstmahidakatune9325@outlook.com
taskiyakatune90@gmail.com:munna1234:taskiyakatune9025@outlook.com
taskiyaaktare3@gmail.com:munna1234:taskiyaaktare325@outlook.com
hakimhasane377@gmail.com:munna1234:hakimhasane37725@outlook.com
podaanarson@gmail.com:Zzxcvbnm:podaanarson39@outlook.com
jdancy418@gmail.com:Zzxcvbnm:jdancy41839@outlook.com
fancyj262@gmail.com:Zzxcvbnm:fancyj26239@outlook.com
jasonwilma746@gmail.com:Zzxcvbnm:jasonwilma74639@outlook.com
asonlaxce@gmail.com:Zzxcvbnm:asonlaxce39@outlook.com
jasonlaxce905@gmail.com:Zzxcvbnm:jasonlaxce90539@outlook.com
apodan056@gmail.com:Zzxcvbnm:apodan05639@outlook.com
fancyjason24@gmail.com:Zzxcvbnm:fancyjason2439@outlook.com
arsonp543@gmail.com:Zzxcvbnm:arsonp54339@outlook.com
laxcejason04@gmail.com:Zzxcvbnm:laxcejason0439@outlook.com
jasonquin466@gmail.com:Zzxcvbnm:jasonquin46639@outlook.com
arsonfancy91@gmail.com:Zzxcvbnm:arsonfancy9139@outlook.com
dancyjason366@gmail.com:Zzxcvbnm:dancyjason36639@outlook.com
arsonelle55@gmail.com:Zzxcvbnm:arsonelle5539@outlook.com
arsonf699@gmail.com:Zzxcvbnm:arsonf69939@outlook.com
jurnarevara59@gmail.com:Zzxcvbnm:jurnarevara5939@outlook.com
laxcejason521@gmail.com:Zzxcvbnm:laxcejason52139@outlook.com
jasonlaxce0@gmail.com:Zzxcvbnm:jasonlaxce039@outlook.com
jasonvinco297@gmail.com:Zzxcvbnm:jasonvinco29739@outlook.com
resaarson0@gmail.com:Zzxcvbnm:resaarson039@outlook.com
jasonresa2@gmail.com:Zzxcvbnm:jasonresa239@outlook.com
jasondancy08@gmail.com:Zzxcvbnm:jasondancy0839@outlook.com
apodan54@gmail.com:Zzxcvbnm:apodan5439@outlook.com
jasonquin997@gmail.com:Zzxcvbnm:jasonquin99739@outlook.com
alaxlarson81@gmail.com:Zzxcvbnm:alaxlarson8139@outlook.com
