aef4eeMah@gmail.com:Additional0007#:marywills78@yandex.com
ycekygezyz@gmail.com:SmmBD098#:persikgv0@yahoo.com
nyvaxoxuvi@gmail.com:SmmBD098#:persikgv0@yahoo.com
falidanaxa@gmail.com:2017OldGmail:xlite_tk2@outlook.com
ekiribecaq@gmail.com:2017OldGmail:xlite_tk2@outlook.com
ug3EiWaiva@gmail.com:SocialMedia064#:ZABC@outlook.com.tr
rai6Fae0Vung@gmail.com:Robert567IDE75#:DX2N@outlook.com
tom2paul28@gmail.com:Twothree4#:jimfdhjboss2@gmail.com
Raico3fu@gmail.com:AGEVcSSZJTY1$:MU7Y@outlook.com
She7Aet1@gmail.com:SocialMedia064#:SHA0@outlook.com.tr
rog1Shoh5tah@gmail.com:SocialMedia064#:SHA0@outlook.com.tr
Cu3Oovie7h@gmail.com:Robert567IDE75#:DX2N@outlook.com
tom2paul29@gmail.com:Twothree4#:jimfdhjboss2@gmail.com
eef3efoPh5ei@gmail.com:Robert567IDE75#:DX2N@outlook.com
ooKa9eiK0wa@gmail.com:Robert567IDE75#:DX2N@outlook.com
Dai3aequei@gmail.com:Additional0007#:marywills78@yandex.com
eiF9ir5kee@gmail.com:Additional0007#:marywills78@yandex.com
muL8jop7@gmail.com:Aog6YHu7$:gets2bd@hotmail.com
Thae4eib@gmail.com:Additional0007#:sabujsagor2@yahoo.com
tom2paul19@gmail.com:Twothree4#:workmail0283@gmail.com
Eequiu1r@gmail.com:Additional0007#:marywills78@yandex.com
at4Iey2i@gmail.com:Additional0007#:marywills78@yandex.com
watsonbianca09040467@gmail.com:SuS009Tom3#:rakibwc01@gmail.com
elsatorrez040854@gmail.com:SuS009Tom3#:rakibwc01@gmail.com
aim3gee1aeW@gmail.com:Twelve12@:danielabr01@outlook.com
hahph3fuLox@gmail.com:Twelve12@:danielabr01@outlook.com
af3Thiu6vu@gmail.com:Additional0007#:julaeheadley@hotmail.com
tom2paul30@gmail.com:Twothree4#:jimfdhjboss2@gmail.com
eiqueivul8y@gmail.com:Elite-Book009#:RobertScott198@outlook.com
gom7bug8bub@gmail.com:Elite-Book009#:ts2a@outlook.com
zyrucywyku@gmail.com:2017OldGmail:xlite_tk2@outlook.com
sotuxumaqa@gmail.com:2017OldGmail:xlite_tk2@outlook.com
lijimisoje@gmail.com:2017OldGmail:xlite_tk2@outlook.com
tom2paul46@gmail.com:Line2525#:zddx.ale.x@gmail.com
tom2paul50@gmail.com:Line2525#:zddx.ale.x@gmail.com
tom2paul40@gmail.com:Line2525#:zddx.ale.x@gmail.com
tom2paul17@gmail.com:Twothree4#:workmail0283@gmail.com
tom2paul18@gmail.com:Twothree4#:workmail0283@gmail.com
cezeqadequ@gmail.com:cezeqadequ:Skitto23@outlook.com
usirerixom@gmail.com:2017OldGmail:help73reco@outlook.com
ozumynepew@gmail.com:2017OldGmail:help73reco@outlook.com
olypydobup@gmail.com:2017OldGmail:Bkash@outlook.com.vn
akepunejot@gmail.com:MicroLab0546@:Bkash@outlook.com.vn
agylezobaq@gmail.com:Inter-CoreI5:Bkash@outlook.com.vn
uvihotatyv@gmail.com:MicroLab0546@:Bkash@outlook.com.vn
g9810415@gmail.com:g9810415@@@@:gv_arifa@outlook.com
abigailtran002002001@gmail.com:Orval00617$:a2z2x@outlook.fr
uk088us@gmail.com:uk088us@@@@:gv_arifa@outlook.com
uv28092@gmail.com:uv28092@@@@:gv_arifa@outlook.com
perezm2055@gmail.com:$$TY009YrDSRA#:er45654345@outlook.com
tom2paul43@gmail.com:Fiverr0032#:zddx.ale.x@gmail.com
tom2paul48@gmail.com:Fiverr0032#:zddx.ale.x@gmail.com
tom2paul47@gmail.com:Line2525#:zddx.ale.x@gmail.com
tom2paul45@gmail.com:Line2525#:zddx.ale.x@gmail.com
TU6tGJ@gmail.com:MUHAMMAD001@:ci9s@outlook.com.tr
aeb8ahch@gmail.com:Confirm98716#:francesrachel790@outlook.com
ieva2eekeiLae@gmail.com:FJG75UGFuj7%&:ci9s@outlook.com.tr
Ika8ahgoo1ae@gmail.com:FJG75UGFuj7%&:ci9s@outlook.com.tr
zweelamfols02012@gmail.com:Elite-Book009#:ABZ6@outlook.com.tr
davidwalkert277@gmail.com:SeoBD007#:kcp0bd@yahoo.com
maniulkalvin3@gmail.com:maniulkalvin3:layla01@outlook.jp 
kmaniul5@gmail.com:kmaniul5:layla01@outlook.jp 
kalvinmaniul6@gmail.com:kalvinmaniul6:layla01@outlook.jp 
rbnvivan@gmail.com:rbnvivan:layla01@outlook.jp 
hillocarol20@gmail.com:hillocarol20:mickie02@outlook.at
oliverbj43@gmail.com:oliverbj43:mickie02@outlook.at
lvrbjames@gmail.com:lvrbjames:mickie02@outlook.at
oj1275966@gmail.com:oj1275966:mickie02@outlook.at
hillocarol718@gmail.com:hillocarol718:mickie02@outlook.at
adidonalc@gmail.com:adidonalc:rakib1@outlook.de
adidonalcr98@gmail.com:adidonalcr98:rakib1@outlook.de
adidonalcr56@gmail.com:adidonalcr56:rakib1@outlook.de
richardvivan72@gmail.com:richardvivan72:rakib1@outlook.de
robinvivan166@gmail.com:robinvivan166:rakib1@outlook.de
vivanrobin00@gmail.com:vivanrobin00:rakib1@outlook.de
vbranttomad02@gmail.com:vbranttomad02:nusrat@outlook.es
vbranttomad@gmail.com:vbranttomad:nusrat@outlook.es
radidonalc@gmail.com:radidonalc:nusrat@outlook.es
adidonalcr3@gmail.com:adidonalcr3:nusrat@outlook.es
adidonalcrobert7@gmail.com:adidonalcrobert7:nusrat@outlook.es
adidonalcrobert@gmail.com:adidonalcrobert:nusrat@outlook.es
JanaeTGrant@gmail.com:JanaeTGrant:richard2ide@outlook.com
tmsvadison581@gmail.com:tmsvadison581:richard2ide@outlook.com
tmsvdsnz@gmail.com:tmsvdsnz:richard2ide@outlook.com
vadison590@gmail.com:vadison590:richard2ide@outlook.com
tomasvadison91@gmail.com:tomasvadison91:richard2ide@outlook.com
vadisont653@gmail.com:vadisont653:richard2ide@outlook.com
tmsvdsnz92@gmail.com:tmsvdsnz92:layla001x@outlook.com
tvadison969@gmail.com:tvadison969:layla001x@outlook.com
vadisontomas979@gmail.com:vadisontomas979:layla001x@outlook.com
tomasvadison@gmail.com:tomasvadison:layla001x@outlook.com
FernAUrquhart@gmail.com:FernAUrquhart:layla001x@outlook.com
janaetgrant4@gmail.com:janaetgrant4:layla001x@outlook.com
florencemsampson6@gmail.com:florencemsampson6:layla001x@outlook.com
ToddLPouliot@gmail.com:ToddLPouliot:rakib01@outlook.fr
LloydHSandoval@gmail.com:LloydHSandoval:rakib01@outlook.fr
PatriciaNLavergne@gmail.com:PatriciaNLavergne:rakib01@outlook.fr
WilmaTArroyo@gmail.com:WilmaTArroyo:rakib01@outlook.fr
BrunoKMontero@gmail.com:BrunoKMontero:rakib01@outlook.fr
LilaEDesmarais@gmail.com:LilaEDesmarais:rakib01@outlook.fr
