Emranhasn61@gmail.com:aassddffgg:Emranhasn6119@outlook.com
Akbulhasa73@gmail.com:aassddffgg:Akbulhasa7319@outlook.com
Ekrmulhasan74@gmail.com:aassddffgg:Ekrmulhasan7419@outlook.com
Moersdhasan63@gmail.com:aassddffgg:Moersdhasan6319@outlook.com
peaakaton25@gmail.com:aassddffgg:peaakaton2519@outlook.com
Mareakaton46@gmail.com:aassddffgg:Mareakaton4619@outlook.com
Mahemhas38@gmail.com:aassddffgg:Mahemhas3819@outlook.com
Tarakhas73@gmail.com:aassddffgg:Tarakhas7319@outlook.com
Rotonhas83@gmail.com:aassddffgg:Rotonhas8319@outlook.com
Tokurehas93@gmail.com:aassddffgg:Tokurehas9319@outlook.com
Sameakaton56@gmail.com:aassddffgg:Sameakaton5619@outlook.com
Kadarhan63@gmail.com:aassddffgg:Kadarhan6319@outlook.com
Lukhonha45@gmail.com:Aassddffgg:Lukhonha4545@outlook.com
sakibho453@gmail.com:Aassddffgg:sakibho45345@outlook.com
Emonhas456@gmail.com:Aassddffgg:Emonhas45645@outlook.com
likhonho455@gmail.com:Aassddffgg:likhonho45545@outlook.com
rakibhakibew@gmail.com:Aassddffgg:rakibhakibew45@outlook.com
hossenlikhon157@gmail.com:Aassddffgg:hossenlikhon15745@outlook.com
hossenlikhon28@gmail.com:Aassddffgg:hossenlikhon2845@outlook.com
akidulhossen019@gmail.com:Aassddffgg:akidulhossen01945@outlook.com
sakibhos45@gmail.com:Aassddffgg:sakibhos4545@outlook.com
akibhasdgs@gmail.com:Aassddffgg:akibhasdgs45@outlook.com
mimakterw96@gmail.com:Aassddffgg:mimakterw9645@outlook.com
likhonh768@gmail.com:Aassddffgg:likhonh76845@outlook.com
hossenakibul7@gmail.com:Aassddffgg:hossenakibul745@outlook.com
hossenlikhon82@gmail.com:Aassddffgg:hossenlikhon8245@outlook.com
hossenakibul05@gmail.com:Aassddffgg:hossenakibul0545@outlook.com
hossesakib4@gmail.com:Aassddffgg:hossesakib445@outlook.com
shantohasanyr6@gmail.com:aassddffgg:shantohasanyr612@outlook.com
hmahadul9@gmail.com:aassddffgg:hmahadul912@outlook.com
hasabtanvir46@gmail.com:aassddffgg:hasabtanvir4612@outlook.com
husainhahmedu@gmail.com:aassddffgg:husainhahmedu12@outlook.com
sabbirhasanrd6@gmail.com:aassddffgg:sabbirhasanrd612@outlook.com
ratulhasantg2@gmail.com:aassddffgg:ratulhasantg212@outlook.com
hosansobuj686@gmail.com:aassddffgg:hosansobuj68612@outlook.com
ratinhosan5@gmail.com:aassddffgg:ratinhosan512@outlook.com
mahibhadan5@gmail.com:aassddffgg:mahibhadan512@outlook.com
ranahasanre8@gmail.com:aassddffgg:ranahasanre812@outlook.com
mohisinhisan@gmail.com:aassddffgg:mohisinhisan12@outlook.com
tsminhasaner5@gmail.com:aassddffgg:tsminhasaner512@outlook.com
bablihasan22@gmail.com:aassddffgg:bablihasan2212@outlook.com
hadansakib7@gmail.com:aassddffgg:hadansakib712@outlook.com
giasudfinyf6@gmail.com:aassddffgg:giasudfinyf612@outlook.com
rabbihasanyf@gmail.com:aassddffgg:rabbihasanyf12@outlook.com
yesainhasan0@gmail.com:aassddffgg:yesainhasan012@outlook.com
jisabhasabhf5@gmail.com:aassddffgg:jisabhasabhf512@outlook.com
hozrothasan25@gmail.com:aassddffgg:hozrothasan2512@outlook.com
rimonhasanrey53@gmail.com:aassddffgg:rimonhasanrey5312@outlook.com
tanvirhasane0@gmail.com:aassddffgg:tanvirhasane012@outlook.com
fahimhasanef5@gmail.com:aassddffgg:fahimhasanef512@outlook.com
foisalhasan594@gmail.com:aassddffgg:foisalhasan59412@outlook.com
hmonu3903@gmail.com:aassddffgg:hmonu390312@outlook.com
tanvirhasabhd2@gmail.com:aassddffgg:tanvirhasabhd212@outlook.com
hsssmmahsdi@gmail.com:aassddffgg:hsssmmahsdi12@outlook.com
sumayaaktaryc7@gmail.com:aassddffgg:sumayaaktaryc712@outlook.com
sadiysaktarh8@gmail.com:aassddffgg:sadiysaktarh812@outlook.com
babluhasangd0@gmail.com:aassddffgg:babluhasangd012@outlook.com
biplobhasanhf6r@gmail.com:aassddffgg:biplobhasanhf6r12@outlook.com
fahimhassnhc7@gmail.com:aassddffgg:fahimhassnhc712@outlook.com
hassnmehefi@gmail.com:aassddffgg:hassnmehefi12@outlook.com
litonhasanhf9@gmail.com:aassddffgg:litonhasanhf912@outlook.com
ibrshimhosn@gmail.com:aassddffgg:ibrshimhosn12@outlook.com
jahidhasangs0@gmail.com:aassddffgg:jahidhasangs012@outlook.com
limonhasangd2@gmail.com:aassddffgg:limonhasangd212@outlook.com
hosanbidut@gmail.com:aassddffgg:hosanbidut12@outlook.com
karimulhasanit4@gmail.com:aassddffgg:karimulhasanit412@outlook.com
ramahosan065@gmail.com:aassddffgg:ramahosan06512@outlook.com
rakibhassanew039@gmail.com:Aassddffgg:rakibhassanew03923@outlook.com
rakibhassanew40@gmail.com:Aassddffgg:rakibhassanew4023@outlook.com
emonhassanew835@gmail.com:Aassddffgg:emonhassanew83523@outlook.com
rhassanew4@gmail.com:Aassddffgg:rhassanew423@outlook.com
rakibhassanew030@gmail.com:Aassddffgg:rakibhassanew03023@outlook.com
mimhassanew@gmail.com:Aassddffgg:mimhassanew23@outlook.com
rhassanew3@gmail.com:Aassddffgg:rhassanew323@outlook.com
mimakterw80@gmail.com:Aassddffgg:mimakterw8023@outlook.com
rakibhassanew50@gmail.com:Aassddffgg:rakibhassanew5023@outlook.com
emonhassanew8@gmail.com:Aassddffgg:emonhassanew823@outlook.com
rhassanew577@gmail.com:Aassddffgg:rhassanew57723@outlook.com
mimakib46@gmail.com:Aassddffgg:mimakib4623@outlook.com
rakibhassanew466@gmail.com:Aassddffgg:rakibhassanew46623@outlook.com
emonhassanew551@gmail.com:Aassddffgg:emonhassanew55123@outlook.com
mimakterw2@gmail.com:Aassddffgg:mimakterw223@outlook.com
hassanewemon116@gmail.com:Aassddffgg:hassanewemon11623@outlook.com
mimakterw09@gmail.com:Aassddffgg:mimakterw0923@outlook.com
akretmim910@gmail.com:Aassddffgg:akretmim91023@outlook.com
evaakterw371@gmail.com:Aassddffgg:evaakterw37123@outlook.com
rakibhassanew97@gmail.com:Aassddffgg:rakibhassanew9723@outlook.com
emonhassanew374@gmail.com:Aassddffgg:emonhassanew37423@outlook.com
mimaktet679@gmail.com:Aassddffgg:mimaktet67923@outlook.com
aktreeva7@gmail.com:Aassddffgg:aktreeva723@outlook.com
hassanewrakib284@gmail.com:Aassddffgg:hassanewrakib28423@outlook.com
mim477290@gmail.com:Aassddffgg:mim47729023@outlook.com
hassanewrakib49@gmail.com:Aassddffgg:hassanewrakib4923@outlook.com
emonhassanew20@gmail.com:Aassddffgg:emonhassanew2023@outlook.com
hassanewrakib36@gmail.com:Aassddffgg:hassanewrakib3623@outlook.com
rakibhassanew25@gmail.com:Aassddffgg:rakibhassanew2523@outlook.com
rafsgxhsgsf@gmail.com:Aassddffgg:rafsgxhsgsf23@outlook.com
akterse56@gmail.com:Aassddffgg:akterse5623@outlook.com
emonhassanew2@gmail.com:Aassddffgg:emonhassanew223@outlook.com
evaakterw44@gmail.com:Aassddffgg:evaakterw4423@outlook.com
rakibhassanew86@gmail.com:Aassddffgg:rakibhassanew8623@outlook.com
evaakterw212@gmail.com:Aassddffgg:evaakterw21223@outlook.com
rakibhassanew733@gmail.com:Aassddffgg:rakibhassanew73323@outlook.com
hassanewrakib6@gmail.com:Aassddffgg:hassanewrakib623@outlook.com
ma3032395@gmail.com:Aassddffgg:ma303239523@outlook.com
rakibhassanew913@gmail.com:Aassddffgg:rakibhassanew91323@outlook.com
rakibhassanew772@gmail.com:Aassddffgg:rakibhassanew77223@outlook.com
djdbxvdhsjf@gmail.com:Aassddffgg:djdbxvdhsjf23@outlook.com
fjggxcwfgg@gmail.com:Aassddffgg:fjggxcwfgg23@outlook.com
makterw96@gmail.com:Aassddffgg:makterw9623@outlook.com
hassanewrakib909@gmail.com:Aassddffgg:hassanewrakib90923@outlook.com
rakibhassanew94@gmail.com:Aassddffgg:rakibhassanew9423@outlook.com
emonhassanew89@gmail.com:Aassddffgg:emonhassanew8923@outlook.com
rakihthassanew@gmail.com:Aassddffgg:rakihthassanew23@outlook.com
emonhassanew9@gmail.com:Aassddffgg:emonhassanew923@outlook.com
dsjdhsydhdh@gmail.com:Aassddffgg:dsjdhsydhdh23@outlook.com
mimakityd@gmail.com:Aassddffgg:mimakityd23@outlook.com
zbdjfgehdhf@gmail.com:Aassddffgg:zbdjfgehdhf23@outlook.com
shdhsejdhd@gmail.com:Aassddffgg:shdhsejdhd23@outlook.com
shdhdvejdhf@gmail.com:Aassddffgg:shdhdvejdhf23@outlook.com
ejdgdhfjshs@gmail.com:Aassddffgg:ejdgdhfjshs23@outlook.com
evarewak@gmail.com:Aassddffgg:evarewak23@outlook.com
hassanewemon125@gmail.com:Aassddffgg:hassanewemon12523@outlook.com
wydgdassags@gmail.com:Aassddffgg:wydgdassags23@outlook.com
podanj3@gmail.com:Zzxcvbnm:podanj339@outlook.com
arsondancy19@gmail.com:Zzxcvbnm:arsondancy1939@outlook.com
jasonresa66@gmail.com:Zzxcvbnm:jasonresa6639@outlook.com
jasontena222@gmail.com:Zzxcvbnm:jasontena22239@outlook.com
fancyjason053@gmail.com:Zzxcvbnm:fancyjason05339@outlook.com
arsond54@gmail.com:Zzxcvbnm:arsond5439@outlook.com
farson681@gmail.com:Zzxcvbnm:farson68139@outlook.com
fancyjason403@gmail.com:Zzxcvbnm:fancyjason40339@outlook.com
dancuarson@gmail.com:Zzxcvbnm:dancuarson39@outlook.com
dancyarson104@gmail.com:Zzxcvbnm:dancyarson10439@outlook.com
quinjason790@gmail.com:Zzxcvbnm:quinjason79039@outlook.com
arsonfancy859@gmail.com:Zzxcvbnm:arsonfancy85939@outlook.com
arsonfancy060@gmail.com:Zzxcvbnm:arsonfancy06039@outlook.com
podanj007@gmail.com:Zzxcvbnm:podanj00739@outlook.com
arsondancy919@gmail.com:Zzxcvbnm:arsondancy91939@outlook.com
arsonpodan176@gmail.com:Zzxcvbnm:arsonpodan17639@outlook.com
dancyjason308@gmail.com:Zzxcvbnm:dancyjason30839@outlook.com
fancya252@gmail.com:Zzxcvbnm:fancya25239@outlook.com
dancyarson182@gmail.com:Zzxcvbnm:dancyarson18239@outlook.com
dancyarson0@gmail.com:Zzxcvbnm:dancyarson039@outlook.com
fancyjason339@gmail.com:Zzxcvbnm:fancyjason33939@outlook.com
dancyarson874@gmail.com:Zzxcvbnm:dancyarson87439@outlook.com
fancy7015@gmail.com:Zzxcvbnm:fancy701539@outlook.com
arsonpodan679@gmail.com:Zzxcvbnm:arsonpodan67939@outlook.com
apodan484@gmail.com:Zzxcvbnm:apodan48439@outlook.com
arsonpodan96@gmail.com:Zzxcvbnm:arsonpodan9639@outlook.com
wilmajason5564@gmail.com:Zzxcvbnm:wilmajason556439@outlook.com
arsond93@gmail.com:Zzxcvbnm:arsond9339@outlook.com
arsonp96@gmail.com:Zzxcvbnm:arsonp9639@outlook.com
dancyarson42@gmail.com:Zzxcvbnm:dancyarson4239@outlook.com
arsonpodan847@gmail.com:Zzxcvbnm:arsonpodan84739@outlook.com
jpodan376@gmail.com:Zzxcvbnm:jpodan37639@outlook.com
dancyarson755@gmail.com:Zzxcvbnm:dancyarson75539@outlook.com
jasonpodan14@gmail.com:Zzxcvbnm:jasonpodan1439@outlook.com
podana31@gmail.com:Zzxcvbnm:podana3139@outlook.com
fancyarson194@gmail.com:Zzxcvbnm:fancyarson19439@outlook.com
podan9574@gmail.com:Zzxcvbnm:podan957439@outlook.com
arsonfancy15@gmail.com:Zzxcvbnm:arsonfancy1539@outlook.com
jasonwilma093@gmail.com:Zzxcvbnm:jasonwilma09339@outlook.com
qjason193@gmail.com:Zzxcvbnm:qjason19339@outlook.com
arsonpodan019@gmail.com:Zzxcvbnm:arsonpodan01939@outlook.com
podanj803@gmail.com:Zzxcvbnm:podanj80339@outlook.com
arsonf605@gmail.com:Zzxcvbnm:arsonf60539@outlook.com
vincojason559@gmail.com:Zzxcvbnm:vincojason55939@outlook.com
arsonpodan418@gmail.com:Zzxcvbnm:arsonpodan41839@outlook.com
fancyarson764@gmail.com:Zzxcvbnm:fancyarson76439@outlook.com
posanarson@gmail.com:Zzxcvbnm:posanarson39@outlook.com
arsonpodan438@gmail.com:Zzxcvbnm:arsonpodan43839@outlook.com
vincoarson734@gmail.com:Zzxcvbnm:vincoarson73439@outlook.com
quinjason32@gmail.com:Zzxcvbnm:quinjason3239@outlook.com
fancya228@gmail.com:Zzxcvbnm:fancya22839@outlook.com
arsonpodan229@gmail.com:Zzxcvbnm:arsonpodan22939@outlook.com
jasonresa185@gmail.com:Zzxcvbnm:jasonresa18539@outlook.com
arsonpodan44@gmail.com:Zzxcvbnm:arsonpodan4439@outlook.com
afancy335@gmail.com:Zzxcvbnm:afancy33539@outlook.com
jasonpodan44@gmail.com:Zzxcvbnm:jasonpodan4439@outlook.com
dancyarson27@gmail.com:Zzxcvbnm:dancyarson2739@outlook.com
podanarson18@gmail.com:Zzxcvbnm:podanarson1839@outlook.com
jaonpodan@gmail.com:Zzxcvbnm:jaonpodan39@outlook.com
felosofe67@gmail.com:Zzxcvbnm:felosofe6739@outlook.com
fancyarson996@gmail.com:Zzxcvbnm:fancyarson99639@outlook.com
arsondancy056@gmail.com:Zzxcvbnm:arsondancy05639@outlook.com
vjason037@gmail.com:Zzxcvbnm:vjason03739@outlook.com
podanjason363@gmail.com:Zzxcvbnm:podanjason36339@outlook.com
arsond968@gmail.com:Zzxcvbnm:arsond96839@outlook.com
vincojason749@gmail.com:Zzxcvbnm:vincojason74939@outlook.com
jasonelle656@gmail.com:Zzxcvbnm:jasonelle65639@outlook.com
jpodan015@gmail.com:Zzxcvbnm:jpodan01539@outlook.com
fancyjason9776@gmail.com:Zzxcvbnm:fancyjason977639@outlook.com
jpodan73@gmail.com:Zzxcvbnm:jpodan7339@outlook.com
quinjason20@gmail.com:Zzxcvbnm:quinjason2039@outlook.com
arsontile@gmail.com:Zzxcvbnm:arsontile39@outlook.com
jasonvinco31@gmail.com:Zzxcvbnm:jasonvinco3139@outlook.com
dancyarson495@gmail.com:Zzxcvbnm:dancyarson49539@outlook.com
jasonfancy72@gmail.com:Zzxcvbnm:jasonfancy7239@outlook.com
dancyarson679@gmail.com:Zzxcvbnm:dancyarson67939@outlook.com
