mstsanjidahoqe@gmail.com:asdfgasdfg:mstsanjidahoqe5@outlook.com
mominurhoqe66@gmail.com:asdfgasdfg:mominurhoqe665@outlook.com
sazedabegom793@gmail.com:asdfgasdfg:sazedabegom7935@outlook.com
tanzumshuvo335@gmail.com:asdfgasdfg:tanzumshuvo3355@outlook.com
lamiyahoqe7@gmail.com:asdfgasdfg:lamiyahoqe75@outlook.com
anowarhoqe574@gmail.com:asdfgasdfg:anowarhoqe5745@outlook.com
zannatimim64@gmail.com:asdfgasdfg:zannatimim645@outlook.com
hafizulbisswas06@gmail.com:asdfgasdfg:hafizulbisswas065@outlook.com
alimulgazi74@gmail.com:asdfgasdfg:alimulgazi745@outlook.com
hosenforman397@gmail.com:asdfgasdfg:hosenforman3975@outlook.com
mstronelaakter@gmail.com:asdfgasdfg:mstronelaakter5@outlook.com
mdjahidhoqe5@gmail.com:asdfgasdfg:mdjahidhoqe55@outlook.com
mdmasumhoqe@gmail.com:asdfgasdfg:mdmasumhoqe5@outlook.com
mdrobihosen51@gmail.com:asdfgasdfg:mdrobihosen515@outlook.com
luziahampel52@gmail.com:asdfgasdfg:luziahampel525@outlook.com
migueldaugherty22@gmail.com:asdfgasdfg:migueldaugherty225@outlook.com
corinadorr971@gmail.com:asdfgasdfg:corinadorr9715@outlook.com
romanjennin664@gmail.com:asdfgasdfg:romanjennin6645@outlook.com
sadiaimroj519@gmail.com:asdfgasdfg:sadiaimroj5195@outlook.com
connystolz340@gmail.com:asdfgasdfg:connystolz3405@outlook.com
hannaschenk937@gmail.com:asdfgasdfg:hannaschenk9375@outlook.com
sojoniakter757@gmail.com:asdfgasdfg:sojoniakter7575@outlook.com
mstshirinsultan9@gmail.com:asdfgasdfg:mstshirinsultan95@outlook.com
samirahoqe174@gmail.com:asdfgasdfg:samirahoqe1745@outlook.com
juliyabegom87@gmail.com:asdfgasdfg:juliyabegom875@outlook.com
sohidulbuiyan@gmail.com:asdfgasdfg:sohidulbuiyan5@outlook.com
salambisswasmd@gmail.com:asdfgasdfg:salambisswasmd5@outlook.com
mofazzelhoqe674@gmail.com:asdfgasdfg:mofazzelhoqe6745@outlook.com
emilanomartinez03@gmail.com:asdfgasdfg:emilanomartinez035@outlook.com
samaulmondol944@gmail.com:asdfgasdfg:samaulmondol9445@outlook.com
ahoqe4171@gmail.com:asdfgasdfg:ahoqe41715@outlook.com
nasrinakterrita6@gmail.com:asdfgasdfg:nasrinakterrita65@outlook.com
amrinmitu34@gmail.com:asdfgasdfg:amrinmitu345@outlook.com
hoqeekramul212@gmail.com:asdfgasdfg:hoqeekramul2125@outlook.com
saminurhowe@gmail.com:asdfgasdfg:saminurhowe5@outlook.com
aminurhoqe892@gmail.com:asdfgasdfg:aminurhoqe8925@outlook.com
mstkhadizaakter05@gmail.com:asdfgasdfg:mstkhadizaakter055@outlook.com
vikarunnessa738@gmail.com:asdfgasdfg:vikarunnessa7385@outlook.com
mdnaimsekh874@gmail.com:asdfgasdfg:mdnaimsekh8745@outlook.com
mohonahoqe616@gmail.com:asdfgasdfg:mohonahoqe6165@outlook.com
isabelleanders36@gmail.com:asdfgasdfg:isabelleanders365@outlook.com
grantbooker930@gmail.com:asdfgasdfg:grantbooker9305@outlook.com
annybormann@gmail.com:asdfgasdfg:annybormann5@outlook.com
sofiebock64@gmail.com:asdfgasdfg:sofiebock645@outlook.com
jeromenewton817@gmail.com:asdfgasdfg:jeromenewton8175@outlook.com
wesleygilmore623@gmail.com:asdfgasdfg:wesleygilmore6235@outlook.com
gerhildrehm37@gmail.com:asdfgasdfg:gerhildrehm375@outlook.com
raymondtorre704@gmail.com:asdfgasdfg:raymondtorre7045@outlook.com
killyanmbappe950@gmail.com:asdfgasdfg:killyanmbappe9505@outlook.com
rodrigase090@gmail.com:asdfgasdfg:rodrigase0905@outlook.com
mahironnessa903@gmail.com:asdfgasdfg:mahironnessa9035@outlook.com
angeljordan805@gmail.com:asdfgasdfg:angeljordan8055@outlook.com
hoqesamira09@gmail.com:asdfgasdfg:hoqesamira095@outlook.com
sadikulhoq6@gmail.com:asdfgasdfg:sadikulhoq65@outlook.com
mondolrozolali@gmail.com:asdfgasdfg:mondolrozolali5@outlook.com
mstsabinahoqe@gmail.com:asdfgasdfg:mstsabinahoqe5@outlook.com
mstsabnurakter219@gmail.com:asdfgasdfg:mstsabnurakter2195@outlook.com
mstjosnaakter28@gmail.com:asdfgasdfg:mstjosnaakter285@outlook.com
mstjesminnahar16@gmail.com:asdfgasdfg:mstjesminnahar165@outlook.com
mdjishanhosen2@gmail.com:asdfgasdfg:mdjishanhosen25@outlook.com
sijanhoqe675@gmail.com:asdfgasdfg:sijanhoqe6755@outlook.com
shorifulhosen019@gmail.com:asdfgasdfg:shorifulhosen0195@outlook.com
mannanbisswas@gmail.com:asdfgasdfg:mannanbisswas5@outlook.com
ashikulhosen18@gmail.com:asdfgasdfg:ashikulhosen185@outlook.com
andrikiros6@gmail.com:asdfgasdfg:andrikiros65@outlook.com
mdrokonhosen12@gmail.com:asdfgasdfg:mdrokonhosen125@outlook.com
hosentofazzel3@gmail.com:asdfgasdfg:hosentofazzel35@outlook.com
hoqekramul235@gmail.com:asdfgasdfg:hoqekramul2355@outlook.com
somserhosen81@gmail.com:asdfgasdfg:somserhosen815@outlook.com
sekhnaima801@gmail.com:asdfgasdfg:sekhnaima8015@outlook.com
bithiyasmin089@gmail.com:asdfgasdfg:bithiyasmin0895@outlook.com
hosenmddaud514@gmail.com:asdfgasdfg:hosenmddaud5145@outlook.com
marziasheya@gmail.com:asdfgasdfg:marziasheya5@outlook.com
rahomanmominur92@gmail.com:asdfgasdfg:rahomanmominur925@outlook.com
hoqetorikul4@gmail.com:asdfgasdfg:hoqetorikul45@outlook.com
zinarulhosen@gmail.com:asdfgasdfg:zinarulhosen5@outlook.com
zohirulhoqe82@gmail.com:asdfgasdfg:zohirulhoqe825@outlook.com
mdrokmotali16@gmail.com:asdfgasdfg:mdrokmotali165@outlook.com
shahaalomvuiyan@gmail.com:asdfgasdfg:shahaalomvuiyan5@outlook.com
shirazulbissas@gmail.com:asdfgasdfg:shirazulbissas5@outlook.com
mstparvinabegom@gmail.com:asdfgasdfg:mstparvinabegom5@outlook.com
maimunaaktere9@gmail.com:asdfgasdfg:maimunaaktere95@outlook.com
masudulhoqe016@gmail.com:asdfgasdfg:masudulhoqe0165@outlook.com
josimvuiyan24@gmail.com:asdfgasdfg:josimvuiyan245@outlook.com
azharulhoqe9@gmail.com:asdfgasdfg:azharulhoqe95@outlook.com
hatembari464@gmail.com:asdfgasdfg:hatembari4645@outlook.com
bissasbaku51@gmail.com:asdfgasdfg:bissasbaku515@outlook.com
motiyarhoqe@gmail.com:asdfgasdfg:motiyarhoqe5@outlook.com
mosirarvuiyan@gmail.com:asdfgasdfg:mosirarvuiyan5@outlook.com
joniparvej341@gmail.com:asdfgasdfg:joniparvej3415@outlook.com
alauddinhoqe110@gmail.com:asdfgasdfg:alauddinhoqe1105@outlook.com
ekramulhoq853@gmail.com:asdfgasdfg:ekramulhoq8535@outlook.com
bmojumdar08@gmail.com:asdfgasdfg:bmojumdar085@outlook.com
sobdulhoqe829@gmail.com:asdfgasdfg:sobdulhoqe8295@outlook.com
mstkohinurkona@gmail.com:asdfgasdfg:mstkohinurkona5@outlook.com
mdkhobirhosen584@gmail.com:asdfgasdfg:mdkhobirhosen5845@outlook.com
mddobirhosen8@gmail.com:asdfgasdfg:mddobirhosen85@outlook.com
mdsonetvuiyan@gmail.com:asdfgasdfg:mdsonetvuiyan5@outlook.com
mstshalmabegom@gmail.com:asdfgasdfg:mstshalmabegom5@outlook.com
montiray832@gmail.com:asdfgasdfg:montiray8325@outlook.com
mstsazedaakter3@gmail.com:asdfgasdfg:mstsazedaakter35@outlook.com
mdsagordewan707@gmail.com:asdfgasdfg:mdsagordewan7075@outlook.com
mstanorabegom5@gmail.com:asdfgasdfg:mstanorabegom55@outlook.com
mdoliyarhoqe@gmail.com:asdfgasdfg:mdoliyarhoqe5@outlook.com
sifulhoq@gmail.com:asdfgasdfg:sifulhoq5@outlook.com
nagacoitonno@gmail.com:asdfgasdfg:nagacoitonno5@outlook.com
suconakundola@gmail.com:asdfgasdfg:suconakundola5@outlook.com
sorifulhoqr@gmail.com:asdfgasdfg:sorifulhoqr5@outlook.com
raseldomingo29@gmail.com:asdfgasdfg:raseldomingo295@outlook.com
siyedulmostak@gmail.com:asdfgasdfg:siyedulmostak5@outlook.com
alomfoisal55@gmail.com:asdfgasdfg:alomfoisal555@outlook.com
mstmoinakhatun62@gmail.com:asdfgasdfg:mstmoinakhatun625@outlook.com
narayensunil451@gmail.com:asdfgasdfg:narayensunil4515@outlook.com
crishgyle70@gmail.com:asdfgasdfg:crishgyle705@outlook.com
saneujjolsishir@gmail.com:asdfgasdfg:saneujjolsishir5@outlook.com
abusufiyanpran@gmail.com:asdfgasdfg:abusufiyanpran5@outlook.com
sadiaimroj58@gmail.com:asdfgasdfg:sadiaimroj585@outlook.com
mstsafiyabegom4@gmail.com:asdfgasdfg:mstsafiyabegom45@outlook.com
aktermstshilpi59@gmail.com:asdfgasdfg:aktermstshilpi595@outlook.com
mstmachuraakter@gmail.com:asdfgasdfg:mstmachuraakter5@outlook.com
selinachoudory@gmail.com:asdfgasdfg:selinachoudory5@outlook.com
mdkobirbisswas@gmail.com:asdfgasdfg:mdkobirbisswas5@outlook.com
rahulchetarzi@gmail.com:asdfgasdfg:rahulchetarzi5@outlook.com
soifarhoqe@gmail.com:asdfgasdfg:soifarhoqe5@outlook.com
kondokarraihan991@gmail.com:asdfgasdfg:kondokarraihan9915@outlook.com
dulalvuiyan267@gmail.com:asdfgasdfg:dulalvuiyan2675@outlook.com
malikumran90@gmail.com:asdfgasdfg:malikumran905@outlook.com
hoqeariful64@gmail.com:asdfgasdfg:hoqeariful645@outlook.com
sadiyatulhowe@gmail.com:asdfgasdfg:sadiyatulhowe5@outlook.com
rimahoqe5@gmail.com:asdfgasdfg:rimahoqe55@outlook.com
munnaparvej60@gmail.com:asdfgasdfg:munnaparvej605@outlook.com
jamanfakhar995@gmail.com:asdfgasdfg:jamanfakhar9955@outlook.com
bappachoudhoy@gmail.com:asdfgasdfg:bappachoudhoy5@outlook.com
mizanurhoqe0@gmail.com:asdfgasdfg:mizanurhoqe05@outlook.com
hoqenozrul262@gmail.com:asdfgasdfg:hoqenozrul2625@outlook.com
aminurhosennirob@gmail.com:asdfgasdfg:aminurhosennirob5@outlook.com
zakirhosenmizi@gmail.com:asdfgasdfg:zakirhosenmizi5@outlook.com
mariyasultanajui7@gmail.com:asdfgasdfg:mariyasultanajui75@outlook.com
hasanurhoqe95@gmail.com:asdfgasdfg:hasanurhoqe955@outlook.com
nurulhoqejamal@gmail.com:asdfgasdfg:nurulhoqejamal5@outlook.com
etharnahid634@gmail.com:asdfgasdfg:etharnahid6345@outlook.com
mdshihabhoqe@gmail.com:asdfgasdfg:mdshihabhoqe5@outlook.com
hoqearshad80@gmail.com:asdfgasdfg:hoqearshad805@outlook.com
foizullahhosen7@gmail.com:asdfgasdfg:foizullahhosen75@outlook.com
mdsubuhanhosen@gmail.com:asdfgasdfg:mdsubuhanhosen5@outlook.com
mstsantonaakter456@gmail.com:asdfgasdfg:mstsantonaakter4565@outlook.com
mstsaminahoqe09@gmail.com:asdfgasdfg:mstsaminahoqe095@outlook.com
hosenmdalomgir895@gmail.com:asdfgasdfg:hosenmdalomgir8955@outlook.com
rubinaakteri255@gmail.com:asdfgasdfg:rubinaakteri2555@outlook.com
fahimahoqe@gmail.com:asdfgasdfg:fahimahoqe5@outlook.com
mdadilrashid20@gmail.com:asdfgasdfg:mdadilrashid205@outlook.com
aktermstrojina594@gmail.com:asdfgasdfg:aktermstrojina5945@outlook.com
mstjiniyahoqe00@gmail.com:asdfgasdfg:mstjiniyahoqe005@outlook.com
hosenmdrustom0@gmail.com:asdfgasdfg:hosenmdrustom05@outlook.com
mstjannatihoqe@gmail.com:asdfgasdfg:mstjannatihoqe5@outlook.com
mdbaruralibisswas@gmail.com:asdfgasdfg:mdbaruralibisswas5@outlook.com
mdalhazbisswas@gmail.com:asdfgasdfg:mdalhazbisswas5@outlook.com
mdboshirbisswas@gmail.com:asdfgasdfg:mdboshirbisswas5@outlook.com
mdsohidulbisswas@gmail.com:asdfgasdfg:mdsohidulbisswas5@outlook.com
mdjishanhosen82@gmail.com:asdfgasdfg:mdjishanhosen825@outlook.com
mstrahimaakter40@gmail.com:asdfgasdfg:mstrahimaakter405@outlook.com
riponhoqe65@gmail.com:asdfgasdfg:riponhoqe655@outlook.com
hosenlaltu283@gmail.com:asdfgasdfg:hosenlaltu2835@outlook.com
liyakotmalita7@gmail.com:asdfgasdfg:liyakotmalita75@outlook.com
aminurmalita78@gmail.com:asdfgasdfg:aminurmalita785@outlook.com
mdomedulmalita@gmail.com:asdfgasdfg:mdomedulmalita5@outlook.com
rastulmalita481@gmail.com:asdfgasdfg:rastulmalita4815@outlook.com
sohidulhoqe88@gmail.com:asdfgasdfg:sohidulhoqe885@outlook.com
minolnoziruddin@gmail.com:asdfgasdfg:minolnoziruddin5@outlook.com
nazirulhoqe90@gmail.com:asdfgasdfg:nazirulhoqe905@outlook.com
idekarimolla0@gmail.com:asdfgasdfg:idekarimolla05@outlook.com
mdkhairulhoqe148@gmail.com:asdfgasdfg:mdkhairulhoqe1485@outlook.com
mstsanjanaakter553@gmail.com:asdfgasdfg:mstsanjanaakter5535@outlook.com
famiahoq@gmail.com:asdfgasdfg:famiahoq5@outlook.com
mstforidaparvin74@gmail.com:asdfgasdfg:mstforidaparvin745@outlook.com
mdkholilurhoq9@gmail.com:asdfgasdfg:mdkholilurhoq95@outlook.com
sadiaakternodi02@gmail.com:asdfgasdfg:sadiaakternodi025@outlook.com
hazisohidul87@gmail.com:asdfgasdfg:hazisohidul875@outlook.com
mstmorzinaakter6@gmail.com:asdfgasdfg:mstmorzinaakter65@outlook.com
mstrehenahoqe@gmail.com:asdfgasdfg:mstrehenahoqe5@outlook.com
mstmomenabegom6@gmail.com:asdfgasdfg:mstmomenabegom65@outlook.com
foisalalom35@gmail.com:asdfgasdfg:foisalalom355@outlook.com
nahidethar992@gmail.com:asdfgasdfg:nahidethar9925@outlook.com
shawonbissawas@gmail.com:asdfgasdfg:shawonbissawas5@outlook.com
haldarjuthi509@gmail.com:asdfgasdfg:haldarjuthi5095@outlook.com
mdabirbisswas226@gmail.com:asdfgasdfg:mdabirbisswas2265@outlook.com
mdrobinshosen882@gmail.com:asdfgasdfg:mdrobinshosen8825@outlook.com
ahoqe522@gmail.com:asdfgasdfg:ahoqe5225@outlook.com
imrojsadia3@gmail.com:asdfgasdfg:imrojsadia35@outlook.com
chumkia749@gmail.com:asdfgasdfg:chumkia7495@outlook.com
mdsanowarhoqe@gmail.com:asdfgasdfg:mdsanowarhoqe5@outlook.com
taninahoqe@gmail.com:asdfgasdfg:taninahoqe5@outlook.com
apodan955@gmail.com:Zzxcvbnm:apodan95539@outlook.com
arsonp715@gmail.com:Zzxcvbnm:arsonp71539@outlook.com
farson027@gmail.com:Zzxcvbnm:farson02739@outlook.com
apodan268@gmail.com:Zzxcvbnm:apodan26839@outlook.com
arsonf755@gmail.com:Zzxcvbnm:arsonf75539@outlook.com
jurnarevara4@gmail.com:Zzxcvbnm:jurnarevara439@outlook.com
arsonpofan27@gmail.com:Zzxcvbnm:arsonpofan2739@outlook.com
dancynasin@gmail.com:Zzxcvbnm:dancynasin39@outlook.com
