shuptighos@gmail.com:Zzxxccvv0:shuptighos6@outlook.com
hoqeasmaul630@gmail.com:Zzxxccvv0:hoqeasmaul6306@outlook.com
zohurulhoqe97@gmail.com:Zzxxccvv0:zohurulhoqe976@outlook.com
thoqe075@gmail.com:Zzxxccvv0:thoqe0756@outlook.com
aktersazeda54@gmail.com:Zzxxccvv0:aktersazeda546@outlook.com
sultannasrin07@gmail.com:Zzxxccvv0:sultannasrin076@outlook.com
asikulhoqe144@gmail.com:Zzxxccvv0:asikulhoqe1446@outlook.com
ekramulhosen344@gmail.com:Zzxxccvv0:ekramulhosen3446@outlook.com
abusomha60@gmail.com:Zzxxccvv0:abusomha606@outlook.com
hoqnazimuddi@gmail.com:Zzxxccvv0:hoqnazimuddi6@outlook.com
setua9311@gmail.com:Zzxxccvv0:setua93116@outlook.com
etharnahid825@gmail.com:Zzxxccvv0:etharnahid8256@outlook.com
hrokon182@gmail.com:Zzxxccvv0:hrokon1826@outlook.com
alomfoisal90@gmail.com:Zzxxccvv0:alomfoisal906@outlook.com
torikulhoqe3@gmail.com:Zzxxccvv0:torikulhoqe36@outlook.com
sabinatithi66@gmail.com:Zzxxccvv0:sabinatithi666@outlook.com
marziacheryea@gmail.com:Zzxxccvv0:marziacheryea6@outlook.com
taniahoqe9@gmail.com:Zzxxccvv0:taniahoqe96@outlook.com
afrinsultan809@gmail.com:Zzxxccvv0:afrinsultan8096@outlook.com
foisalalom080@gmail.com:uuiioopp0:foisalalom0804@outlook.com
sahedhosen503@gmail.com:uuiioopp0:sahedhosen5034@outlook.com
rasidahoqe1@gmail.com:uuiioopp0:rasidahoqe14@outlook.com
aktersantona637@gmail.com:uuiioopp0:aktersantona6374@outlook.com
hosenrokon89@gmail.com:uuiioopp0:hosenrokon894@outlook.com
tithisabina50@gmail.com:uuiioopp0:tithisabina504@outlook.com
busrasadia62@gmail.com:uuiioopp0:busrasadia624@outlook.com
etharnahid42@gmail.com:uuiioopp0:etharnahid424@outlook.com
setuafrin48@gmail.com:uuiioopp0:setuafrin484@outlook.com
juthihalder892@gmail.com:uuiioopp0:juthihalder8924@outlook.com
hosentoufik97@gmail.com:uuiioopp0:hosentoufik974@outlook.com
foisalhoqe93@gmail.com:uuiioopp0:foisalhoqe934@outlook.com
sokinurakter@gmail.com:uuiioopp0:sokinurakter4@outlook.com
nahidethar897@gmail.com:uuiioopp0:nahidethar8974@outlook.com
rokonhosen208@gmail.com:uuiioopp0:rokonhosen2084@outlook.com
vuiyatitu93@gmail.com:uuiioopp0:vuiyatitu934@outlook.com
farzanahoqe321@gmail.com:uuiioopp0:farzanahoqe3214@outlook.com
bithitaniya659@gmail.com:uuiioopp0:bithitaniya6594@outlook.com
liyakotgazi7@gmail.com:uuiioopp0:liyakotgazi74@outlook.com
setuafrin1@gmail.com:uuiioopp0:setuafrin14@outlook.com
aktersantona02@gmail.com:uuiioopp0:aktersantona024@outlook.com
hoqekramul942@gmail.com:uuiioopp0:hoqekramul9424@outlook.com
husainrabbi777@gmail.com:uuiioopp0:husainrabbi7774@outlook.com
sabriaalom2@gmail.com:uuiioopp0:sabriaalom24@outlook.com
atanzila284@gmail.com:uuiioopp0:atanzila2844@outlook.com
afrozsadia294@gmail.com:uuiioopp0:afrozsadia2944@outlook.com
arumki094@gmail.com:uuiioopp0:arumki0944@outlook.com
mehedihoqe2@gmail.com:uuiioopp0:mehedihoqe24@outlook.com
hiqetorikul@gmail.com:uuiioopp0:hiqetorikul4@outlook.com
sabinatithi915@gmail.com:uuiioopp0:sabinatithi9154@outlook.com
parvinaakter895@gmail.com:uuiioopp0:parvinaakter8954@outlook.com
sulaimanhoq68@gmail.com:uuiioopp0:sulaimanhoq684@outlook.com
rokonhosen767@gmail.com:uuiioopp0:rokonhosen7674@outlook.com
phosen726@gmail.com:uuiioopp0:phosen7264@outlook.com
aktersirnali@gmail.com:uuiioopp0:aktersirnali4@outlook.com
jubayerfahim30@gmail.com:uuiioopp0:jubayerfahim304@outlook.com
foisalalom028@gmail.com:uuiioopp0:foisalalom0284@outlook.com
emotara6@gmail.com:uuiioopp0:emotara64@outlook.com
ehoq1676@gmail.com:uuiioopp0:ehoq16764@outlook.com
fesarodrigo@gmail.com:uuiioopp0:fesarodrigo4@outlook.com
cakter678@gmail.com:uuiioopp0:cakter6784@outlook.com
sunilgatiwal95@gmail.com:uuiioopp0:sunilgatiwal954@outlook.com
nahidethar32@gmail.com:uuiioopp0:nahidethar324@outlook.com
setuafrin030@gmail.com:uuiioopp0:setuafrin0304@outlook.com
sadiabusra36@gmail.com:uuiioopp0:sadiabusra364@outlook.com
rokonh081@gmail.com:uuiioopp0:rokonh0814@outlook.com
hrobhfy@gmail.com:uuiioopp0:hrobhfy4@outlook.com
tithisabina11@gmail.com:uuiioopp0:tithisabina114@outlook.com
etharn25@gmail.com:uuiioopp0:etharn254@outlook.com
sabinatithi583@gmail.com:uuiioopp0:sabinatithi5834@outlook.com
rokonhosen18@gmail.com:uuiioopp0:rokonhosen184@outlook.com
setu03211@gmail.com:uuiioopp0:setu032114@outlook.com
nahidethar494@gmail.com:uuiioopp0:nahidethar4944@outlook.com
sobdulh975@gmail.com:uuiioopp0:sobdulh9754@outlook.com
rmst44874@gmail.com:uuiioopp0:rmst448744@outlook.com
rodelahoq811@gmail.com:uuiioopp0:rodelahoq8114@outlook.com
rokonh752@gmail.com:uuiioopp0:rokonh7524@outlook.com
aktersoida35@gmail.com:uuiioopp0:aktersoida354@outlook.com
akterirahima836@gmail.com:uuiioopp0:akterirahima8364@outlook.com
aktersazeda204@gmail.com:uuiioopp0:aktersazeda2044@outlook.com
haidarmondol208@gmail.com:uuiioopp0:haidarmondol2084@outlook.com
malitaasan42@gmail.com:uuiioopp0:malitaasan424@outlook.com
hosenekramul520@gmail.com:uuiioopp0:hosenekramul5204@outlook.com
foisalalom132@gmail.com:uuiioopp0:foisalalom1324@outlook.com
hrokon86@gmail.com:uuiioopp0:hrokon864@outlook.com
etharnahid41@gmail.com:uuiioopp0:etharnahid414@outlook.com
sofikulh686@gmail.com:uuiioopp0:sofikulh6864@outlook.com
kn361239@gmail.com:uuiioopp0:kn3612394@outlook.com
sujokhaakter@gmail.com:uuiioopp0:sujokhaakter4@outlook.com
ibrahimhoq143@gmail.com:uuiioopp0:ibrahimhoq1434@outlook.com
akterrasida913@gmail.com:uuiioopp0:akterrasida9134@outlook.com
dipikapandukor2@gmail.com:uuiioopp0:dipikapandukor24@outlook.com
akterrosni635@gmail.com:uuiioopp0:akterrosni6354@outlook.com
rokonh566@gmail.com:uuiioopp0:rokonh5664@outlook.com
foisalhosen637@gmail.com:uuiioopp0:foisalhosen6374@outlook.com
debijannobi93@gmail.com:uuiioopp0:debijannobi934@outlook.com
afrojsadia051@gmail.com:uuiioopp0:afrojsadia0514@outlook.com
hosenrokon03@gmail.com:uuiioopp0:hosenrokon034@outlook.com
sabinatithi422@gmail.com:uuiioopp0:sabinatithi4224@outlook.com
sabinatithi175@gmail.com:uuiioopp0:sabinatithi1754@outlook.com
etharnahid36@gmail.com:uuiioopp0:etharnahid364@outlook.com
