sebghatollahmohammadi@gmail.com:Rafayan76121:sebghatollahmohammadi136@outlook.com
sadeghghasemi181173@gmail.com:Rafayan76121:sadeghghasemi181173@outlook.com
mhrsamftah@gmail.com:Rafayan76121:mhrsamftah163@outlook.com
rezroshantnha@gmail.com:Rafayan76121:rezroshantnha17@outlook.com
fatemeh.amani18@gmail.com:Rafayan76121:fatemeh.amani18@outlook.com
ladanabedini988@gmail.com:Rafayan76121:ladanabedini988@outlook.com
yahoda.vahabzade@gmail.com:Rafayan76121:yahoda.vahabzade48@outlook.com
qauomwahedi@gmail.com:Rafayan76121:qauomwahedi37@outlook.com
sharafsidigi@gmail.com:Rafayan76121:sharafsidigi68@outlook.com
aalizadeh355@gmail.com:Rafayan76121:aalizadeh355@outlook.com
armin.sajad94@gmail.com:Rafayan76121:armin.sajad94@outlook.com
khojastehhosein79@gmail.com:Rafayan76121:khojastehhosein79@outlook.com
bitafizi17@gmail.com:Rafayan76121:bitafizi17@outlook.com
zamirebrahimi1@gmail.com:Rafayan76121:zamirebrahimi16@outlook.com
