khanesakina@gmail.com:saim1234:khanesakina12@outlook.com
mdsaimnekhan@gmail.com:saim1234:mdsaimnekhan12@outlook.com
saimneminn2@gmail.com:saim1234:saimneminn212@outlook.com
saunnermiaaa@gmail.com:saim1234:saunnermiaaa12@outlook.com
sakinemiaa@gmail.com:saim1234:sakinemiaa12@outlook.com
saubermuni@gmail.com:saim1234:saubermuni12@outlook.com
saimnemim@gmail.com:saim1234:saimnemim12@outlook.com
mdsahadmim@gmail.com:saim1234:mdsahadmim12@outlook.com
miminerksa@gmail.com:saim1234:miminerksa12@outlook.com
rakibulne21@gmail.com:saim1234:rakibulne2112@outlook.com
mimsskhan5@gmail.com:saim1234:mimsskhan512@outlook.com
ksaimner@gmail.com:saim1234:ksaimner12@outlook.com
saimnnemim@gmail.com:saim1234:saimnnemim12@outlook.com
hassanmiane@gmail.com:saim1234:hassanmiane12@outlook.com
saimnnem@gmail.com:saim1234:saimnnem12@outlook.com
saimnemin@gmail.com:saim1234:saimnemin12@outlook.com
