TimasAdison971@gmail.com	:	11accHereTotal	:	timasadison971@outlook.com
JedalrHaton68@gmail.com	:	JedalrHaton68	:	rakibpvc150@gmail.com
JanieArnold91@gmail.com	:	GotItAlso	:	nusratlayla016@gmail.com
KatieRyan457@gmail.com	:	GotItAlso	:	nusrat2layla@gmail.com
MelodyCollins70@gmail.com	:	GotItAlso	:	nusrat2layla@gmail.com
MarquisDressalin46@gmail.com	:	GotItAlso	:	VioletHahn27@outlook.it
TropchinVilendis89@gmail.com	:	GotItAlso	:	VioletHahn27@outlook.it
MarshalGlipper95@gmail.com	:	GotItAlso	:	VioletHahn27@outlook.it
PetersonMastinerder79@gmail.com:11accHereTotal:mim2rakib@gmail.com
DeannerterBrackbiller80@gmail.com:11accHereTotal:mim2rakib@gmail.com
EleanortedPatriasner78@gmail.com:11accHereTotal:mim2rakib@gmail.com
DanielleBurgos672@gmail.com:Daniel0005176SS:susan0ruth@gmail.com
MaryRatliff426@gmail.com:RRRRI600RRRSAA:susan0ruth@gmail.com
ElaineJess665@gmail.com:RRRRI600RRRSAA:susan0ruth@gmail.com
TildaStevens435@gmail.com:RRRRI600RRRSAA:susan0ruth@gmail.com
DannancherPeterson78@gmail.com:BDJobs7171III:rakibpvc150@gmail.com
RaeokmZaupm38@gmail.com:BDJobs7171III:zzxjill21@gmail.com
NoreenVanwagoner757@gmail.com:NoreenVanwagoner757:zzxjill21@gmail.com
JosephineHand652@gmail.com:RPPPP)))**&&:zzxjill21@gmail.com
KohnkeLesa60@gmail.com:Daniel0005176SS:WillieMathews882@outlook.it
FiedtkoDonnatr26@gmail.com:Daniel0005176SS:WillieMathews882@outlook.it
AtompaJatero36@gmail.com:Daniel0005176SS:WillieMathews882@outlook.it
HelgatRoisa48@gmail.com:Daniel0005176SS:WillieMathews882@outlook.it
MickieByrd537@gmail.com:RRRRI600RRRSAA:u2014ids@outlook.com
AngelineWebster367@gmail.com:RRRRI600RRRSAA:u2014ids@outlook.com
GayleneSparks536@gmail.com:Daniel0005176SS:u2014ids@outlook.com
BarbaraPitts653@gmail.com:Daniel0005176SS:u2014ids@outlook.com
SalvadornerMachinter27@gmail.com:BDJobs7171III:nusrat2layla@gmail.com
joneharmison133@gmail.com:BDJobs7171III:johnkot76@gmail.com
moorehutches666@gmail.com:BDJobs7171III:johnkot76@gmail.com
TsmodaRapmlea27@gmail.com:BDJobs7171III:johnkot76@gmail.com
meredithalice776@gmail.com:BDJobs7171III:johnkot76@gmail.com
gomezcompos678@gmail.com:BDJobs7171III:nusrat2layla@gmail.com
KobetaRakai63@gmail.com:KobetaRakai63:brownynoa82@outlook.com
FsnstOmsu58@gmail.com:FsnstOmsu58:brownynoa82@outlook.com
JustinReed533@gmail.com:JustinReed533:old20@outlook.it
DoreenWeeks21@gmail.com:DoreenWeeks21:old20@outlook.it
AndreeHoleph62@gmail.com:lil55tt@yahoo.com:old20@outlook.it
JeriHerring9@gmail.com:JeriHerring9:old20@outlook.it
PablongPikulated21@gmail.com:PablongPikulated21:old20@outlook.it
AdanserTschache22@gmail.com:AdanserTschache22:old20@outlook.it
ChesterWilliamson44@gmail.com:ChesterWilliamson44:seo0bd@hotmail.com
RafaelCastillo314@gmail.com:RafaelCastillo314:seo0bd@hotmail.com
DuaneBanks28@gmail.com:DuaneBanks28:seo0bd@hotmail.com
FelixJensen42@gmail.com:FelixJensen42:seo0bd@hotmail.com
EverettByrd69@gmail.com:EverettByrd69:seo0bd@hotmail.com
TyroneFrazier349@gmail.com:TyroneFrazier349:rakibkcp266@gmail.com
AmyLim317@gmail.com:AmyLim317:blancacoxy10@outlook.it
AngelaThomas531@gmail.com:AngelaThomas531:blancacoxy10@outlook.it
ArleneCruz587@gmail.com:ArleneCruz587:blancacoxy10@outlook.it
BonnieTalley993@gmail.com:BonnieTalley993:lauerlouise116@outlook.it
CandaceThomas791@gmail.com:CandaceThomas791:lauerlouise116@outlook.it
DonnaSilva786@gmail.com:DonnaSilva786:lauerlouise116@outlook.it
DorisDungan704@gmail.com:DorisDungan704:lauerlouise116@outlook.it
ElbaGerhardt443@gmail.com:ElbaGerhardt443:lauerlouise116@outlook.it
WilliamCarry94@gmail.com:WilliamCarry94:blancacoxy10@outlook.it
NormaEsparza529@gmail.com:workmail0490@gmail.com:workmail0490@gmail.com
LucyPennington996@gmail.com:2013OLDGmail:sagorkot24@gmail.com
StellaKnight272@gmail.com:2013OLDGmail:sagorkot24@gmail.com
SharleneMatthew564@gmail.com:2013OLDGmail:sagorkot24@gmail.com
SusieEdwards425@gmail.com:2013OLDGmail:sagorkot24@gmail.com
TheresaGrandy925@gmail.com:2013OLDGmail:sagorkot24@gmail.com
VictoriaGamble521@gmail.com:2013OLDGmail:sagorkot24@gmail.com
LeolaFernandez758@gmail.com:2013OLDGmail:sagorkot24@gmail.com
MamieBanks78@gmail.com:2013OLDGmail:sagorkot24@gmail.com
MelindaNovak161@gmail.com:MelindaNovak161:sagorkot24@gmail.com
sagorkot24@gmail.com:rakib2112:rakibkcp025@gmail.com
GibsonSteven812@gmail.com:GibsonSteven812:eef3efoPh5ei@outlook.com
AlbertoBrewer455@gmail.com:AlbertoBrewer455:eef3efoPh5ei@outlook.com
BernardWashing910@gmail.com:BernardWashing910:eef3efoPh5ei@outlook.com
WoodsJoseph913@gmail.com:WoodsJoseph913:eef3efoPh5ei@outlook.com
JudyReiter10@gmail.com:JudyReiter10:lizisultana40@gmail.com
floracrabtree3334@gmail.com:BDJobs7171III:judyreiter10@gmail.com
MichaelDriscoll930@gmail.com:rakib2023:rakib001@onmail.com
andreawillis754@gmail.com:rakib2112:rakib001@onmail.com
CrembulFresalin26@gmail.com:&$#!Tom0916!:amber2dean@yahoo.com
PatriusDendrop35@gmail.com:&$#!Tom0916!:amber2dean@yahoo.com
SpolinaCrebdil36@gmail.com:Ho!!Stop$:amber2dean@yahoo.com
ZimpilGradson24@gmail.com:&$#!Tom0916!:amber2dean@yahoo.com
YrepdolJadson68@gmail.com:&$#!Tom0916!:amber2dean@yahoo.com
CrembalKlonsed67@gmail.com:Ho!!Stop$:amber2dean@yahoo.com
