easarhassanty16@gmail.com:aassddffgg:easarhassanty1684@outlook.com
babluhassanrt66@gmail.com:aassddffgg:babluhassanrt6684@outlook.com
hassanryomor@gmail.com:aassddffgg:hassanryomor84@outlook.com
hassantyroton@gmail.com:aassddffgg:hassantyroton84@outlook.com
babluhassanet@gmail.com:aassddffgg:babluhassanet84@outlook.com
sakibhassanry65@gmail.com:aassddffgg:sakibhassanry6584@outlook.com
easarhassanrt186@gmail.com:aassddffgg:easarhassanrt18684@outlook.com
omorhassanry6@gmail.com:aassddffgg:omorhassanry684@outlook.com
hassanrtsabbir623@gmail.com:aassddffgg:hassanrtsabbir62384@outlook.com
sakibhassanrtu@gmail.com:aassddffgg:sakibhassanrtu84@outlook.com
hassanrtgemon@gmail.com:aassddffgg:hassanrtgemon84@outlook.com
rotonhassanrt75@gmail.com:aassddffgg:rotonhassanrt7584@outlook.com
easarhassanrth@gmail.com:aassddffgg:easarhassanrth84@outlook.com
omorhassanryh@gmail.com:aassddffgg:omorhassanryh84@outlook.com
hassanrtemon4@gmail.com:aassddffgg:hassanrtemon484@outlook.com
sakibhassanry952@gmail.com:aassddffgg:sakibhassanry95284@outlook.com
sabbirhassanryu@gmail.com:aassddffgg:sabbirhassanryu84@outlook.com
omorhassanryv@gmail.com:aassddffgg:omorhassanryv84@outlook.com
babluhassanryg@gmail.com:aassddffgg:babluhassanryg84@outlook.com
sabbirhassantyg@gmail.com:aassddffgg:sabbirhassantyg84@outlook.com
emonhassanryf@gmail.com:aassddffgg:emonhassanryf84@outlook.com
rotonhassanruf@gmail.com:aassddffgg:rotonhassanruf84@outlook.com
babluhassanryf@gmail.com:aassddffgg:babluhassanryf84@outlook.com
omorhassanryg@gmail.com:aassddffgg:omorhassanryg84@outlook.com
easarhassaneyf@gmail.com:aassddffgg:easarhassaneyf84@outlook.com
sakibhassangfd@gmail.com:aassddffgg:sakibhassangfd84@outlook.com
rotonhassanyd@gmail.com:aassddffgg:rotonhassanyd84@outlook.com
sabbirhassanrff@gmail.com:aassddffgg:sabbirhassanrff84@outlook.com
emonhassanrf@gmail.com:aassddffgg:emonhassanrf84@outlook.com
omarhassanrf@gmail.com:aassddffgg:omarhassanrf84@outlook.com
easarhassantfd@gmail.com:aassddffgg:easarhassantfd84@outlook.com
babluhassantcf@gmail.com:aassddffgg:babluhassantcf84@outlook.com
rotonhassantf@gmail.com:aassddffgg:rotonhassantf84@outlook.com
omorhassantfx@gmail.com:aassddffgg:omorhassantfx84@outlook.com
rotonhassancc@gmail.com:aassddffgg:rotonhassancc84@outlook.com
emonhassantvg@gmail.com:aassddffgg:emonhassantvg84@outlook.com
omorhassanycf@gmail.com:aassddffgg:omorhassanycf84@outlook.com
babluhassanyfg@gmail.com:aassddffgg:babluhassanyfg84@outlook.com
easarhassanycg@gmail.com:aassddffgg:easarhassanycg84@outlook.com
ajeyhdvfuh999@gmail.com:mizbah90:ajeyhdvfuh99932@outlook.com
lvudhdvfb422@gmail.com:mizbah90:lvudhdvfb42232@outlook.com
vzursufi927@gmail.com:mizbah90:vzursufi92732@outlook.com
daidgddjuf56@gmail.com:mizbah90:daidgddjuf5632@outlook.com
nsfsjdc72@gmail.com:mizbah90:nsfsjdc7232@outlook.com
agdygjdff7@gmail.com:mizbah90:agdygjdff732@outlook.com
sjstdvdcfic21@gmail.com:mizbah90:sjstdvdcfic2132@outlook.com
fsjgdffjc60@gmail.com:mizbah90:fsjgdffjc6032@outlook.com
fjdysfbv20@gmail.com:mizbah90:fjdysfbv2032@outlook.com
gsjhfdjfhf2@gmail.com:mizbah90:gsjhfdjfhf232@outlook.com
fsjstfjcig1@gmail.com:mizbah90:fsjstfjcig132@outlook.com
fifausdncb4@gmail.com:mizbah90:fifausdncb432@outlook.com
fhjfbnnbhj7@gmail.com:mizbah90:fhjfbnnbhj732@outlook.com
grhgsfhgdmk7@gmail.com:mizbah90:grhgsfhgdmk732@outlook.com
fjeuxyruf18@gmail.com:mizbah90:fjeuxyruf1832@outlook.com
hgkdyfdkhg5@gmail.com:mizbah90:hgkdyfdkhg532@outlook.com
gkatgjyey6@gmail.com:mizbah90:gkatgjyey632@outlook.com
dajstdjfjfhf58@gmail.com:mizbah90:dajstdjfjfhf5832@outlook.com
shfyadjfj39@gmail.com:mizbah90:shfyadjfj3932@outlook.com
fksfdjffjf77@gmail.com:mizbah90:fksfdjffjf7732@outlook.com
sktuvjbmfu1@gmail.com:mizbah90:sktuvjbmfu132@outlook.com
fsiydfxiyf699@gmail.com:mizbah90:fsiydfxiyf69932@outlook.com
ahrybyejhfjj56@gmail.com:mizbah90:ahrybyejhfjj5632@outlook.com
lsjrjxnsdv4@gmail.com:mizbah90:lsjrjxnsdv432@outlook.com
sjztsvdiffihf365@gmail.com:mizbah90:sjztsvdiffihf36532@outlook.com
fjstddjf253@gmail.com:mizbah90:fjstddjf25332@outlook.com
xkatsjdfmv26@gmail.com:mizbah90:xkatsjdfmv2632@outlook.com
kokhonvydg98@gmail.com:mizbah90:kokhonvydg9832@outlook.com
fmsbydbfdjh919@gmail.com:mizbah90:fmsbydbfdjh91932@outlook.com
babhgkysdj14@gmail.com:mizbah90:babhgkysdj1432@outlook.com
fjsydbdux9@gmail.com:mizbah90:fjsydbdux932@outlook.com
dhrsfugh4@gmail.com:mizbah90:dhrsfugh432@outlook.com
fjsgjvdudhd507@gmail.com:mizbah90:fjsgjvdudhd50732@outlook.com
shrhcfifvuf668@gmail.com:mizbah90:shrhcfifvuf66832@outlook.com
sheuydjyhg1@gmail.com:mizbah90:sheuydjyhg132@outlook.com
nvsidydfhcy049@gmail.com:mizbah90:nvsidydfhcy04932@outlook.com
ahryvucskdfu00@gmail.com:mizbah90:ahryvucskdfu0032@outlook.com
rirfhstsud13@gmail.com:mizbah90:rirfhstsud1332@outlook.com
dsjtdkfcigu9@gmail.com:mizbah90:dsjtdkfcigu932@outlook.com
agdyfheduf99@gmail.com:mizbah90:agdyfheduf9932@outlook.com
kdursisdhf17@gmail.com:mizbah90:kdursisdhf1732@outlook.com
nadhsydfn9@gmail.com:mizbah90:nadhsydfn932@outlook.com
vafsjdyfhfug3@gmail.com:mizbah90:vafsjdyfhfug332@outlook.com
danydhfudhv55@gmail.com:mizbah90:danydhfudhv5532@outlook.com
xsnydbfffju51@gmail.com:mizbah90:xsnydbfffju5132@outlook.com
ajatdjddkug871@gmail.com:mizbah90:ajatdjddkug87132@outlook.com
ksfsurdbuf5@gmail.com:mizbah90:ksfsurdbuf532@outlook.com
kagsudfjg230@gmail.com:mizbah90:kagsudfjg23032@outlook.com
lafsiddjhc1@gmail.com:mizbah90:lafsiddjhc132@outlook.com
dajstfbfiv823@gmail.com:mizbah90:dajstfbfiv82332@outlook.com
nsduidfvj2@gmail.com:mizbah90:nsduidfvj232@outlook.com
dkatdrkgh2@gmail.com:mizbah90:dkatdrkgh232@outlook.com
daksygfjhf452@gmail.com:mizbah90:daksygfjhf45232@outlook.com
dakysjdy2@gmail.com:mizbah90:dakysjdy232@outlook.com
dajsyddjfh80@gmail.com:mizbah90:dajsyddjfh8032@outlook.com
ahstcshffh913@gmail.com:mizbah90:ahstcshffh91332@outlook.com
tkdysfjch79@gmail.com:mizbah90:tkdysfjch7932@outlook.com
djstdjfjfby502@gmail.com:mizbah90:djstdjfjfby50232@outlook.com
lfustdnfbb02@gmail.com:mizbah90:lfustdnfbb0232@outlook.com
wutdbfhjfcjv003@gmail.com:mizbah90:wutdbfhjfcjv00332@outlook.com
fditfnddg7@gmail.com:mizbah90:fditfnddg732@outlook.com
