sumaiacoudoryu56@gmail.com	:	Aassddffgg	:	sumaiacoudoryu5631@outlook.com	
saiuhughoured56@gmail.com	:	Aassddffgg	:	saiuhughoured5631@outlook.com	
souhgdalokmn945@gmail.com	:	Aassddffgg	:	souhgdalokmn94531@outlook.com	
nkgdresamsugd45@gmail.com	:	Aassddffgg	:	nkgdresamsugd4531@outlook.com	
hosedssamsul572@gmail.com	:	Aassddffgg	:	hosedssamsul57231@outlook.com	
alomkhsumkhg56@gmail.com	:	Aassddffgg	:	alomkhsumkhg5631@outlook.com	
rasedsalokmn415@gmail.com	:	Aassddffgg	:	rasedsalokmn41531@outlook.com	
rtfdgcbdsewsad46@gmail.com	:	Aassddffgg	:	rtfdgcbdsewsad4631@outlook.com	
rasedskdouhg56@gmail.com	:	Aassddffgg	:	rasedskdouhg5631@outlook.com	
daiuhghoildr45@gmail.com	:	Aassddffgg	:	daiuhghoildr4531@outlook.com	
rasedskoiuhgf45@gmail.com	:	Aassddffgg	:	rasedskoiuhgf4531@outlook.com	
alomkhbsohijh56@gmail.com	:	Aassddffgg	:	alomkhbsohijh5631@outlook.com	
rasedskoureds45@gmail.com	:	Aassddffgg	:	rasedskoureds4531@outlook.com	
soighukoiuhg56@gmail.com	:	Aassddffgg	:	soighukoiuhg5631@outlook.com	
souubhoseds19@gmail.com	:	Aassddffgg	:	souubhoseds1931@outlook.com	
alokmnsoiuhg45@gmail.com	:	Aassddffgg	:	alokmnsoiuhg4531@outlook.com	
redsewkouhgd56@gmail.com	:	Aassddffgg	:	redsewkouhgd5631@outlook.com	
saiuhgakoiuhgd56@gmail.com	:	Aassddffgg	:	saiuhgakoiuhgd5631@outlook.com	
kdoiuhgseads56@gmail.com	:	Aassddffgg	:	kdoiuhgseads5631@outlook.com	
rasedskoiuh566@gmail.com	:	Aassddffgg	:	rasedskoiuh56631@outlook.com	
saewdskoiuhgds45@gmail.com	:	Aassddffgg	:	saewdskoiuhgds4531@outlook.com	
maksoijkdouhg@gmail.com	:	Aassddffgg	:	maksoijkdouhg31@outlook.com	
samdugkoiuhgb56@gmail.com	:	Aassddffgg	:	samdugkoiuhgb5631@outlook.com	
redsagkoijg456@gmail.com	:	Aassddffgg	:	redsagkoijg45631@outlook.com	
dsesafjwed45@gmail.com	:	Aassddffgg	:	dsesafjwed4531@outlook.com	
moktark998@gmail.com	:	aass112233	:	moktark99891@outlook.com	
kamalkhanh08@gmail.com	:	aass112233	:	kamalkhanh0891@outlook.com	
khatunnkanson271@gmail.com	:	aass112233	:	khatunnkanson27191@outlook.com	
khatunkamnunnahar338@gmail.com	:	aass112233	:	khatunkamnunnahar33891@outlook.com	
khanhjakir3@gmail.com	:	aass112233	:	khanhjakir391@outlook.com	
jakariyakhanh65@gmail.com	:	aass112233	:	jakariyakhanh6591@outlook.com	
jasmenkhatun037@gmail.com	:	aass112233	:	jasmenkhatun03791@outlook.com	
knaymul98@gmail.com	:	aass112233	:	knaymul9891@outlook.com	
khatunnahar47@gmail.com	:	aass112233	:	khatunnahar4791@outlook.com	
khanhnurudden466@gmail.com	:	aass112233	:	khanhnurudden46691@outlook.com	
nuralomkhanh38@gmail.com	:	aass112233	:	nuralomkhanh3891@outlook.com	
nasmulkhanh79@gmail.com	:	aass112233	:	nasmulkhanh7991@outlook.com	
khatunnalbanuh324@gmail.com	:	aass112233	:	khatunnalbanuh32491@outlook.com	
kaskatullah364@gmail.com	:	aass112233	:	kaskatullah36491@outlook.com	
khanhaskar72@gmail.com	:	aass112233	:	khanhaskar7291@outlook.com	
asadulkhanh93@gmail.com	:	aass112233	:	asadulkhanh9391@outlook.com	
kayshah56@gmail.com	:	aass112233	:	kayshah5691@outlook.com	
khanhaffan545@gmail.com	:	aass112233	:	khanhaffan54591@outlook.com	
khatunarefah39@gmail.com	:	aass112233	:	khatunarefah3991@outlook.com	
kamalkhanh671@gmail.com	:	aass112233	:	kamalkhanh67191@outlook.com	
ekhanh411@gmail.com	:	aass112233	:	ekhanh41191@outlook.com	
tamemkhanh52@gmail.com	:	aass112233	:	tamemkhanh5291@outlook.com	
abdullahkhnh24@gmail.com	:	aass112233	:	abdullahkhnh2491@outlook.com	
alfarabekhanh122@gmail.com	:	aass112233	:	alfarabekhanh12291@outlook.com	
khanhenamul883@gmail.com	:	aass112233	:	khanhenamul88391@outlook.com	
nationalkhan74@gmail.com	:	aass112233	:	nationalkhan7491@outlook.com	
jamalkhanh290@gmail.com	:	aass112233	:	jamalkhanh29091@outlook.com	
mkhtrh2284453@gmail.com	:	aass112233	:	mkhtrh228445391@outlook.com	
jaydul964@gmail.com	:	aass112233	:	jaydul96491@outlook.com	
khanjakariyah224@gmail.com	:	aass112233	:	khanjakariyah22491@outlook.com	
rkhanh67@gmail.com	:	aass112233	:	rkhanh6791@outlook.com	
rajonkhanh58@gmail.com	:	aass112233	:	rajonkhanh5891@outlook.com	
rojenahk341@gmail.com	:	aass112233	:	rojenahk34191@outlook.com	
rabeahkhatun299@gmail.com	:	aass112233	:	rabeahkhatun29991@outlook.com	
khatunkhalidah596@gmail.com	:	aass112233	:	khatunkhalidah59691@outlook.com	
kamrulkhanh53@gmail.com	:	aass112233	:	kamrulkhanh5391@outlook.com	
halimahk308@gmail.com	:	aass112233	:	halimahk30891@outlook.com	
khanhharun36@gmail.com	:	aass112233	:	khanhharun3691@outlook.com	
hafejahkhatun512@gmail.com	:	aass112233	:	hafejahkhatun51291@outlook.com	
sanjedahkhatun341@gmail.com	:	aass112233	:	sanjedahkhatun34191@outlook.com	
abdullakhanh008@gmail.com	:	aass112233	:	abdullakhanh00891@outlook.com	
khanhtuton44@gmail.com	:	aass112233	:	khanhtuton4491@outlook.com	
khanhtutah449@gmail.com	:	aass112233	:	khanhtutah44991@outlook.com	
khatuntahmedah334@gmail.com	:	aass112233	:	khatuntahmedah33491@outlook.com	
koiuhgbsamuhg56@gmail.com	:	Aassddffgg	:	koiuhgbsamuhg5631@outlook.com	
reddakoiujhb56@gmail.com	:	Aassddffgg	:	reddakoiujhb5631@outlook.com	
samukkoueds45@gmail.com	:	Aassddffgg	:	samukkoueds4531@outlook.com	
soiuhgkoiuhgb56@gmail.com	:	Aassddffgg	:	soiuhgkoiuhgb5631@outlook.com	
alomkhbsouguh56@gmail.com	:	Aassddffgg	:	alomkhbsouguh5631@outlook.com	
souhgkoured81@gmail.com	:	Aassddffgg	:	souhgkoured8131@outlook.com	
kjiuhgredsaw45@gmail.com	:	Aassddffgg	:	kjiuhgredsaw4531@outlook.com	
redsawkoiuhgd45@gmail.com	:	Aassddffgg	:	redsawkoiuhgd4531@outlook.com	
saiuhghosed148@gmail.com	:	Aassddffgg	:	saiuhghosed14831@outlook.com	
masedsakoihug45@gmail.com	:	Aassddffgg	:	masedsakoihug4531@outlook.com	
saredskoijuhg45@gmail.com	:	Aassddffgg	:	saredskoijuhg4531@outlook.com	
kouhgbrasews55@gmail.com	:	Aassddffgg	:	kouhgbrasews5531@outlook.com	
rasedskoureds552@gmail.com	:	Aassddffgg	:	rasedskoureds55231@outlook.com	
sauyhgfkoiujhg45@gmail.com	:	Aassddffgg	:	sauyhgfkoiujhg4531@outlook.com	
koiuhgbrareds56@gmail.com	:	Aassddffgg	:	koiuhgbrareds5631@outlook.com	
saiouhgkoiuhgr55@gmail.com	:	Aassddffgg	:	saiouhgkoiuhgr5531@outlook.com	
koiuhgbsaiokh56@gmail.com	:	Aassddffgg	:	koiuhgbsaiokh5631@outlook.com	
alomkhbhoseds45@gmail.com	:	Aassddffgg	:	alomkhbhoseds4531@outlook.com	
kouredssouhgb56@gmail.com	:	Aassddffgg	:	kouredssouhgb5631@outlook.com	
hosedssofiuhg66@gmail.com	:	Aassddffgg	:	hosedssofiuhg6631@outlook.com	
soijhbvkouhgb55@gmail.com	:	Aassddffgg	:	soijhbvkouhgb5531@outlook.com	
mokjhgbredd56@gmail.com	:	Aassddffgg	:	mokjhgbredd5631@outlook.com	
koiuhgbsoijkh45@gmail.com	:	Aassddffgg	:	koiuhgbsoijkh4531@outlook.com	
kjoihgsadew45@gmail.com	:	Aassddffgg	:	kjoihgsadew4531@outlook.com	
soojhgkoiuhgb66@gmail.com	:	Aassddffgg	:	soojhgkoiuhgb6631@outlook.com	
samoiuhhoseds56@gmail.com	:	Aassddffgg	:	samoiuhhoseds5631@outlook.com	
samdstrhoseds56@gmail.com	:	Aassddffgg	:	samdstrhoseds5631@outlook.com	
souredhoseds45@gmail.com	:	Aassddffgg	:	souredhoseds4531@outlook.com	
alkoiusoutrfd465@gmail.com	:	Aassddffgg	:	alkoiusoutrfd46531@outlook.com	
masewskhiuhg45@gmail.com	:	Aassddffgg	:	masewskhiuhg4531@outlook.com	
koiuhgredsaw45@gmail.com	:	Aassddffgg	:	koiuhgredsaw4531@outlook.com	
souhgvkoutrfd45@gmail.com	:	Aassddffgg	:	souhgvkoutrfd4531@outlook.com	
alomknbsoiugh45@gmail.com	:	Aassddffgg	:	alomknbsoiugh4531@outlook.com	
yrfdesgredswa45@gmail.com	:	Aassddffgg	:	yrfdesgredswa4531@outlook.com	
masewskoiuhg56@gmail.com	:	Aassddffgg	:	masewskoiuhg5631@outlook.com	
alikmnsaiuhg356@gmail.com	:	Aassddffgg	:	alikmnsaiuhg35631@outlook.com	
koiuhgbr56@gmail.com	:	Aassddffgg	:	koiuhgbr5631@outlook.com	
saiuhdkouhgd45@gmail.com	:	Aassddffgg	:	saiuhdkouhgd4531@outlook.com	
sokmnbalokmn45@gmail.com	:	Aassddffgg	:	sokmnbalokmn4531@outlook.com	
alkoijsoiuhg45@gmail.com	:	Aassddffgg	:	alkoijsoiuhg4531@outlook.com	
koiujhsewdsa4@gmail.com	:	Aassddffgg	:	koiujhsewdsa431@outlook.com	
akoijhsaiugu45@gmail.com	:	Aassddffgg	:	akoijhsaiugu4531@outlook.com	
hosedsrakijg45@gmail.com	:	Aassddffgg	:	hosedsrakijg4531@outlook.com	
masewhoseds45@gmail.com	:	Aassddffgg	:	masewhoseds4531@outlook.com	
maouhfalomkhb45@gmail.com	:	Aassddffgg	:	maouhfalomkhb4531@outlook.com	
alomgisaihg14@gmail.com	:	Aassddffgg	:	alomgisaihg1431@outlook.com	
kouthgrasedsa45@gmail.com	:	Aassddffgg	:	kouthgrasedsa4531@outlook.com	
moksaealkoijh0@gmail.com	:	Aassddffgg	:	moksaealkoijh031@outlook.com	
koiuhgbredsaw55@gmail.com	:	Aassddffgg	:	koiuhgbredsaw5531@outlook.com	
alokmnhases842@gmail.com	:	Aassddffgg	:	alokmnhases84231@outlook.com	
souhgalokmn2@gmail.com	:	Aassddffgg	:	souhgalokmn231@outlook.com	
saiuhgalkojh73@gmail.com	:	Aassddffgg	:	saiuhgalkojh7331@outlook.com	
samsulalomgir0@gmail.com	:	Aassddffgg	:	samsulalomgir031@outlook.com	
jamansamsuh557@gmail.com	:	Aassddffgg	:	jamansamsuh55731@outlook.com	
rasedjjkoiuh66@gmail.com	:	Aassddffgg	:	rasedjjkoiuh6631@outlook.com	
rakibhosenr082@gmail.com	:	Aassddffgg	:	rakibhosenr08231@outlook.com	
sadredkhugygh455@gmail.com	:	Aassddffgg	:	sadredkhugygh45531@outlook.com	
saiugukoijhg7@gmail.com	:	Aassddffgg	:	saiugukoijhg731@outlook.com	
jkouhgredsaw34@gmail.com	:	Aassddffgg	:	jkouhgredsaw3431@outlook.com	
akkdoihredsaw45@gmail.com	:	Aassddffgg	:	akkdoihredsaw4531@outlook.com	
saerdskoiuhg345@gmail.com	:	Aassddffgg	:	saerdskoiuhg34531@outlook.com	
radsegkaoidhug56@gmail.com	:	Aassddffgg	:	radsegkaoidhug5631@outlook.com	
khuguhased56@gmail.com	:	Aassddffgg	:	khuguhased5631@outlook.com	
samduhhoseds662@gmail.com	:	Aassddffgg	:	samduhhoseds66231@outlook.com	
samsulhosen101@gmail.com	:	Aassddffgg	:	samsulhosen10131@outlook.com	
kouhgyurdsea45@gmail.com	:	Aassddffgg	:	kouhgyurdsea4531@outlook.com	
saiuhgalokmn29@gmail.com	:	Aassddffgg	:	saiuhgalokmn2931@outlook.com	
akoijhsaiuhgf46@gmail.com	:	Aassddffgg	:	akoijhsaiuhgf4631@outlook.com	
kouredrased45@gmail.com	:	Aassddffgg	:	kouredrased4531@outlook.com	
rasedskoiuhg45@gmail.com	:	Aassddffgg	:	rasedskoiuhg4531@outlook.com	
saderdkiuhgb45@gmail.com	:	Aassddffgg	:	saderdkiuhgb4531@outlook.com	
masewhoseds453@gmail.com	:	Aassddffgg	:	masewhoseds45331@outlook.com	
hosedssaiuhg640@gmail.com	:	Aassddffgg	:	hosedssaiuhg64031@outlook.com	
coudredsakihb45@gmail.com	:	Aassddffgg	:	coudredsakihb4531@outlook.com	
houldessakijhb45@gmail.com	:	Aassddffgg	:	houldessakijhb4531@outlook.com	
koiuhgbvredswa45@gmail.com	:	Aassddffgg	:	koiuhgbvredswa4531@outlook.com	
saiuhghosedsa44@gmail.com	:	Aassddffgg	:	saiuhghosedsa4431@outlook.com	
saiuhghoseds34@gmail.com	:	Aassddffgg	:	saiuhghoseds3431@outlook.com	
studentdmilonmia45@gmail.com	:	Aassddffgg	:	studentdmilonmia4512@outlook.com	
dackalmiona@gmail.com	:	Aassddffgg	:	dackalmiona12@outlook.com	
dactershunmions@gmail.com	:	Aassddffgg	:	dactershunmions12@outlook.com	
milonmiadacters9@gmail.com	:	Aassddffgg	:	milonmiadacters912@outlook.com	
bdacters@gmail.com	:	Aassddffgg	:	bdacters12@outlook.com	
farukmiadac328@gmail.com	:	Aassddffgg	:	farukmiadac32812@outlook.com	
milonmiadacters42@gmail.com	:	Aassddffgg	:	milonmiadacters4212@outlook.com	
farmershasanmia9@gmail.com	:	Aassddffgg	:	farmershasanmia912@outlook.com	
milonmiadacters36@gmail.com	:	Aassddffgg	:	milonmiadacters3612@outlook.com	
sultionsmiasda@gmail.com	:	Aassddffgg	:	sultionsmiasda12@outlook.com	
ragiamiadacters@gmail.com	:	Aassddffgg	:	ragiamiadacters12@outlook.com	
studenhasanmia@gmail.com	:	Aassddffgg	:	studenhasanmia12@outlook.com	
dacterssumiakatun@gmail.com	:	Aassddffgg	:	dacterssumiakatun12@outlook.com	
fmilonmia@gmail.com	:	Aassddffgg	:	fmilonmia12@outlook.com	
hasanmiastuden50@gmail.com	:	Aassddffgg	:	hasanmiastuden5012@outlook.com	
farukmiabhasan1@gmail.com	:	Aassddffgg	:	farukmiabhasan112@outlook.com	
sfarukmia050@gmail.com	:	Aassddffgg	:	sfarukmia05012@outlook.com	
dactersm3@gmail.com	:	Aassddffgg	:	dactersm312@outlook.com	
milonmiada301@gmail.com	:	Aassddffgg	:	milonmiada30112@outlook.com	
farukmiafarmers9@gmail.com	:	Aassddffgg	:	farukmiafarmers912@outlook.com	
farukmiadacters353@gmail.com	:	Aassddffgg	:	farukmiadacters35312@outlook.com	
hdecters@gmail.com	:	Aassddffgg	:	hdecters12@outlook.com	
dactershasanmia597@gmail.com	:	Aassddffgg	:	dactershasanmia59712@outlook.com	
sthudentsfarukmia@gmail.com	:	Aassddffgg	:	sthudentsfarukmia12@outlook.com	
dacterdhumions@gmail.com	:	Aassddffgg	:	dacterdhumions12@outlook.com	
farukmiastudents362@gmail.com	:	Aassddffgg	:	farukmiastudents36212@outlook.com	
humionsstudents782@gmail.com	:	Aassddffgg	:	humionsstudents78212@outlook.com	
mlionsmiadacters@gmail.com	:	Aassddffgg	:	mlionsmiadacters12@outlook.com	
farukmiastudents274@gmail.com	:	Aassddffgg	:	farukmiastudents27412@outlook.com	
hasanmiadacters39@gmail.com	:	Aassddffgg	:	hasanmiadacters3912@outlook.com	
hosedfsakih@gmail.com	:	Aassddffgg	:	hosedfsakih31@outlook.com	
alomknsoureds45@gmail.com	:	Aassddffgg	:	alomknsoureds4531@outlook.com	
hosedsamaul59@gmail.com	:	Aassddffgg	:	hosedsamaul5931@outlook.com	
rakinhalomgir477@gmail.com	:	Aassddffgg	:	rakinhalomgir47731@outlook.com	
saigughosed506@gmail.com	:	Aassddffgg	:	saigughosed50631@outlook.com	
hosedssiouhg44@gmail.com	:	Aassddffgg	:	hosedssiouhg4431@outlook.com	
masudkoureds45@gmail.com	:	Aassddffgg	:	masudkoureds4531@outlook.com	
soigulalomng350@gmail.com	:	Aassddffgg	:	soigulalomng35031@outlook.com	
alokmnbrakoihg45@gmail.com	:	Aassddffgg	:	alokmnbrakoihg4531@outlook.com	
alokmnsaiuhg83@gmail.com	:	Aassddffgg	:	alokmnsaiuhg8331@outlook.com	
saoijhkoihbvn34@gmail.com	:	Aassddffgg	:	saoijhkoihbvn3431@outlook.com	
saihughouldre92@gmail.com	:	Aassddffgg	:	saihughouldre9231@outlook.com	
alkoijhedswas55@gmail.com	:	Aassddffgg	:	alkoijhedswas5531@outlook.com	
saiuhghoulgd518@gmail.com	:	Aassddffgg	:	saiuhghoulgd51831@outlook.com	
mokldsealomknb45@gmail.com	:	Aassddffgg	:	mokldsealomknb4531@outlook.com	
kouhgdraseds44@gmail.com	:	Aassddffgg	:	kouhgdraseds4431@outlook.com	
saiuhgalimkhb9@gmail.com	:	Aassddffgg	:	saiuhgalimkhb931@outlook.com	
rasedsdkhsuhfd45@gmail.com	:	Aassddffgg	:	rasedsdkhsuhfd4531@outlook.com	
alomkgmoklsyr45@gmail.com	:	Aassddffgg	:	alomkgmoklsyr4531@outlook.com	
soiuhgalomkh56@gmail.com	:	Aassddffgg	:	soiuhgalomkh5631@outlook.com	
samiuhalokmn25343@gmail.com	:	Aassddffgg	:	samiuhalokmn2534331@outlook.com	
sakoihkouses55@gmail.com	:	Aassddffgg	:	sakoihkouses5531@outlook.com	
moklsedkodesa55@gmail.com	:	Aassddffgg	:	moklsedkodesa5531@outlook.com	
