josemhassaner192@gmail.com:aassddffgg:josemhassaner19277@outlook.com
jakerhassaner3@gmail.com:aassddffgg:jakerhassaner377@outlook.com
refathassaner57@gmail.com:aassddffgg:refathassaner5777@outlook.com
saklenhasanera3@gmail.com:aassddffgg:saklenhasanera377@outlook.com
sadekhassanee5@gmail.com:aassddffgg:sadekhassanee577@outlook.com
santehassaner5@gmail.com:aassddffgg:santehassaner577@outlook.com
rohethassaner670@gmail.com:aassddffgg:rohethassaner67077@outlook.com
emrozhassaner22@gmail.com:aassddffgg:emrozhassaner2277@outlook.com
saklainhassaner87@gmail.com:aassddffgg:saklainhassaner8777@outlook.com
sadnesskhatonre415@gmail.com:aassddffgg:sadnesskhatonre41577@outlook.com
sabbirhassaner236@gmail.com:aassddffgg:sabbirhassaner23677@outlook.com
jakerhassaner19@gmail.com:aassddffgg:jakerhassaner1977@outlook.com
debalahadsanre643@gmail.com:aassddffgg:debalahadsanre64377@outlook.com
mostahassaner6@gmail.com:aassddffgg:mostahassaner677@outlook.com
jonadhassaner248@gmail.com:aassddffgg:jonadhassaner24877@outlook.com
taslemakhatoner168@gmail.com:aassddffgg:taslemakhatoner16877@outlook.com
fareakhatune92@gmail.com:aassddffgg:fareakhatune9277@outlook.com
reponhassaner1@gmail.com:aassddffgg:reponhassaner177@outlook.com
kadarhassaner1@gmail.com:aassddffgg:kadarhassaner177@outlook.com
fardenhassaner174@gmail.com:aassddffgg:fardenhassaner17477@outlook.com
nornaharkhatoner3@gmail.com:aassddffgg:nornaharkhatoner377@outlook.com
kaimhassaner9@gmail.com:aassddffgg:kaimhassaner977@outlook.com
samemhassaner966@gmail.com:aassddffgg:samemhassaner96677@outlook.com
hadearhassaner06@gmail.com:aassddffgg:hadearhassaner0677@outlook.com
remonhassaner9@gmail.com:aassddffgg:remonhassaner977@outlook.com
soraiakhatonre5@gmail.com:aassddffgg:soraiakhatonre577@outlook.com
forhadhassaner297@gmail.com:aassddffgg:forhadhassaner29777@outlook.com
coneakhatoner4@gmail.com:aassddffgg:coneakhatoner477@outlook.com
rajuhassaner7@gmail.com:aassddffgg:rajuhassaner777@outlook.com
santonakjatoner071@gmail.com:aassddffgg:santonakjatoner07177@outlook.com
tutulehassaner75@gmail.com:aassddffgg:tutulehassaner7577@outlook.com
fardenhassaner569@gmail.com:aassddffgg:fardenhassaner56977@outlook.com
belkeskhatoner3@gmail.com:aassddffgg:belkeskhatoner377@outlook.com
sarmenkhatonre4@gmail.com:aassddffgg:sarmenkhatonre477@outlook.com
asmakhatoner343@gmail.com:aassddffgg:asmakhatoner34377@outlook.com
monuhassaner3@gmail.com:aassddffgg:monuhassaner377@outlook.com
samemakhatoner980@gmail.com:aassddffgg:samemakhatoner98077@outlook.com
halemakhatoner930@gmail.com:aassddffgg:halemakhatoner93077@outlook.com
kososhassaner503@gmail.com:aassddffgg:kososhassaner50377@outlook.com
sadekhassanetr59@gmail.com:aassddffgg:sadekhassanetr5977@outlook.com
fardenhassanwt1@gmail.com:aassddffgg:fardenhassanwt177@outlook.com
aktarolhassanre08@gmail.com:aassddffgg:aktarolhassanre0877@outlook.com
labebakhatoner56@gmail.com:aassddffgg:labebakhatoner5677@outlook.com
soneakhatoner41@gmail.com:aassddffgg:soneakhatoner4177@outlook.com
koberhassaner5@gmail.com:aassddffgg:koberhassaner577@outlook.com
kadarhassaner958@gmail.com:aassddffgg:kadarhassaner95877@outlook.com
josemhassaner4@gmail.com:aassddffgg:josemhassaner477@outlook.com
alfajhassaner1@gmail.com:aassddffgg:alfajhassaner177@outlook.com
reponhassaner35@gmail.com:aassddffgg:reponhassaner3577@outlook.com
somonhassaner72@gmail.com:aassddffgg:somonhassaner7277@outlook.com
salmakhatonre5@gmail.com:aassddffgg:salmakhatonre577@outlook.com
fotamakhatoner456@gmail.com:aassddffgg:fotamakhatoner45677@outlook.com
fardenhassaner0@gmail.com:aassddffgg:fardenhassaner077@outlook.com
tarekhassaner15@gmail.com:aassddffgg:tarekhassaner1577@outlook.com
