natasaussine33@gmail.com:sagor1234:natasaussine3324@outlook.com
uncleuddine96@gmail.com:sagor1234:uncleuddine9624@outlook.com
asimekhane6@gmail.com:sagor1234:asimekhane624@outlook.com
hasaneislame85@gmail.com:sagor1234:hasaneislame8524@outlook.com
lameyiaakthet406@gmail.com:sagor1234:lameyiaakthet40624@outlook.com
queenhasane@gmail.com:sagor1234:queenhasane24@outlook.com
inthaislame4@gmail.com:sagor1234:inthaislame424@outlook.com
shoelhasane51@gmail.com:sagor1234:shoelhasane5124@outlook.com
yeasinekhane122@gmail.com:sagor1234:yeasinekhane12224@outlook.com
mithukhane85@gmail.com:sagor1234:mithukhane8524@outlook.com
sapenekhane6@gmail.com:sagor1234:sapenekhane624@outlook.com
rahatkhane54@gmail.com:sagor1234:rahatkhane5424@outlook.com
kakamiare30@gmail.com:sagor1234:kakamiare3024@outlook.com
saimojhslegu11@gmail.com:sagor1234:saimojhslegu1124@outlook.com
sfaerwffz8@gmail.com:sagor1234:sfaerwffz824@outlook.com
rtiudrydfdgghhrtyugtg6@gmail.com:sagor1234:rtiudrydfdgghhrtyugtg624@outlook.com
munnakhane31@gmail.com:sagor1234:munnakhane3124@outlook.com
firoserw4@gmail.com:sagor1234:firoserw424@outlook.com
alamineislame425@gmail.com:sagor1234:alamineislame42524@outlook.com
taskryiakhatune419@gmail.com:sagor1234:taskryiakhatune41924@outlook.com
manikeislame6@gmail.com:sagor1234:manikeislame624@outlook.com
malaislame966@gmail.com:sagor1234:malaislame96624@outlook.com
olerakhane73@gmail.com:sagor1234:olerakhane7324@outlook.com
urmekhatune14@gmail.com:sagor1234:urmekhatune1424@outlook.com
sagorkhane177@gmail.com:sagor1234:sagorkhane17724@outlook.com
lemakhatune52@gmail.com:sagor1234:lemakhatune5224@outlook.com
azazaislame9@gmail.com:sagor1234:azazaislame924@outlook.com
osmanekhane2@gmail.com:sagor1234:osmanekhane224@outlook.com
sameyiaakther534@gmail.com:sagor1234:sameyiaakther53424@outlook.com
sekenhasane5@gmail.com:sagor1234:sekenhasane524@outlook.com
arsapehasane@gmail.com:sagor1234:arsapehasane24@outlook.com
jaceislame019@gmail.com:sagor1234:jaceislame01924@outlook.com
poreislame9@gmail.com:sagor1234:poreislame924@outlook.com
monekakhatune7@gmail.com:sagor1234:monekakhatune724@outlook.com
najmaislame20@gmail.com:sagor1234:najmaislame2024@outlook.com
mullakhane28@gmail.com:sagor1234:mullakhane2824@outlook.com
nurukhane02@gmail.com:sagor1234:nurukhane0224@outlook.com
minneeminn1@gmail.com:saim1234:minneeminn112@outlook.com
sakinerminn@gmail.com:saim1234:sakinerminn12@outlook.com
sakibmim530@gmail.com:saim1234:sakibmim53012@outlook.com
misasonnee@gmail.com:saim1234:misasonnee12@outlook.com
sapenkhab@gmail.com:saim1234:sapenkhab12@outlook.com
asimnemim@gmail.com:saim1234:asimnemim12@outlook.com
jmim2132@gmail.com:saim1234:jmim213212@outlook.com
nasimmiaa94@gmail.com:saim1234:nasimmiaa9412@outlook.com
mkhanbonervi@gmail.com:saim1234:mkhanbonervi12@outlook.com
sakilnehissan@gmail.com:saim1234:sakilnehissan12@outlook.com
sapinnemiaas@gmail.com:saim1234:sapinnemiaas12@outlook.com
sojepmemin@gmail.com:saim1234:sojepmemin12@outlook.com
sadianminn@gmail.com:saim1234:sadianminn12@outlook.com
khannmoner@gmail.com:saim1234:khannmoner12@outlook.com
sojonermim@gmail.com:saim1234:sojonermim12@outlook.com
miaasanner@gmail.com:saim1234:miaasanner12@outlook.com
banibemiaa@gmail.com:saim1234:banibemiaa12@outlook.com
mkhanasimne@gmail.com:saim1234:mkhanasimne12@outlook.com
sannermiaa193@gmail.com:saim1234:sannermiaa19312@outlook.com
fonekmiaa@gmail.com:saim1234:fonekmiaa12@outlook.com
sakibhissan3@gmail.com:saim1234:sakibhissan312@outlook.com
sakilnemiaan@gmail.com:saim1234:sakilnemiaan12@outlook.com
saunnemim@gmail.com:saim1234:saunnemim12@outlook.com
miknsanner@gmail.com:saim1234:miknsanner12@outlook.com
gonneraliin@gmail.com:saim1234:gonneraliin12@outlook.com
mimsoneaw@gmail.com:saim1234:mimsoneaw12@outlook.com
somnoemimm@gmail.com:saim1234:somnoemimm12@outlook.com
minnkalid@gmail.com:saim1234:minnkalid12@outlook.com
khinroken@gmail.com:saim1234:khinroken12@outlook.com
reponemim@gmail.com:saim1234:reponemim12@outlook.com
foruknkhan@gmail.com:saim1234:foruknkhan12@outlook.com
miaanhamim@gmail.com:saim1234:miaanhamim12@outlook.com
kantamim305@gmail.com:saim1234:kantamim30512@outlook.com
miaasakibne@gmail.com:saim1234:miaasakibne12@outlook.com
safunnemki@gmail.com:saim1234:safunnemki12@outlook.com
asimnekhan@gmail.com:saim1234:asimnekhan12@outlook.com
mimsagorn@gmail.com:saim1234:mimsagorn12@outlook.com
fannerhassn@gmail.com:saim1234:fannerhassn12@outlook.com
faruknekhan@gmail.com:saim1234:faruknekhan12@outlook.com
ronnerhissan@gmail.com:saim1234:ronnerhissan12@outlook.com
minnesaminr@gmail.com:saim1234:minnesaminr12@outlook.com
sakinermana@gmail.com:saim1234:sakinermana12@outlook.com
hamimmiaa67@gmail.com:saim1234:hamimmiaa6712@outlook.com
sannermiaa31@gmail.com:saim1234:sannermiaa3112@outlook.com
missasimner@gmail.com:saim1234:missasimner12@outlook.com
miasssamim03@gmail.com:saim1234:miasssamim0312@outlook.com
samsulnmiaas@gmail.com:saim1234:samsulnmiaas12@outlook.com
misssapiens7@gmail.com:saim1234:misssapiens712@outlook.com
sannermomm@gmail.com:saim1234:sannermomm12@outlook.com
sujonermama@gmail.com:saim1234:sujonermama12@outlook.com
sanummiss@gmail.com:saim1234:sanummiss12@outlook.com
tomimnkhan@gmail.com:saim1234:tomimnkhan12@outlook.com
sayinnmis@gmail.com:saim1234:sayinnmis12@outlook.com
yasinkhinv@gmail.com:saim1234:yasinkhinv12@outlook.com
saimnemind@gmail.com:saim1234:saimnemind12@outlook.com
faruknepan@gmail.com:saim1234:faruknepan12@outlook.com
fdrkibmiaa@gmail.com:saim1234:fdrkibmiaa12@outlook.com
missseponer@gmail.com:saim1234:missseponer12@outlook.com
sakunesak61@gmail.com:saim1234:sakunesak6112@outlook.com
mikhdsaimne@gmail.com:saim1234:mikhdsaimne12@outlook.com
saimnvevi@gmail.com:saim1234:saimnvevi12@outlook.com
jimkhatunmim26@gmail.com:saim1234:jimkhatunmim2612@outlook.com
khansaimner@gmail.com:saim1234:khansaimner12@outlook.com
jonnerhasn@gmail.com:saim1234:jonnerhasn12@outlook.com
saimnerminn@gmail.com:saim1234:saimnerminn12@outlook.com
sadiknmim@gmail.com:saim1234:sadiknmim12@outlook.com
arafatnekhan@gmail.com:saim1234:arafatnekhan12@outlook.com
miaasakilne@gmail.com:saim1234:miaasakilne12@outlook.com
mdsakibuln541@gmail.com:saim1234:mdsakibuln54112@outlook.com
mdsapinne2@gmail.com:saim1234:mdsapinne212@outlook.com
mdfasimnim@gmail.com:saim1234:mdfasimnim12@outlook.com
saimnekhin58@gmail.com:saim1234:saimnekhin5812@outlook.com
mdsakilnen@gmail.com:saim1234:mdsakilnen12@outlook.com
sainnermimaa@gmail.com:saim1234:sainnermimaa12@outlook.com
sakilnemiaa@gmail.com:saim1234:sakilnemiaa12@outlook.com
khanmdsavin@gmail.com:saim1234:khanmdsavin12@outlook.com
khansakinu@gmail.com:saim1234:khansakinu12@outlook.com
sakinnvviner@gmail.com:saim1234:sakinnvviner12@outlook.com
mimedablunr@gmail.com:saim1234:mimedablunr12@outlook.com
minerabiya82@gmail.com:saim1234:minerabiya8212@outlook.com
khansadiyan4@gmail.com:saim1234:khansadiyan412@outlook.com
saimnvsoner@gmail.com:saim1234:saimnvsoner12@outlook.com
somyami088@gmail.com:saim1234:somyami08812@outlook.com
khansyanim@gmail.com:saim1234:khansyanim12@outlook.com
minesarmin01@gmail.com:saim1234:minesarmin0112@outlook.com
saimnermia@gmail.com:saim1234:saimnermia12@outlook.com
faruknefaruk@gmail.com:saim1234:faruknefaruk12@outlook.com
tetonekhane97@gmail.com:saim1234:tetonekhane9712@outlook.com
