gleah6684@gmail.com:Zzxcvbnm:gleah668439@outlook.com
yakubali3727@gmail.com:Zzxcvbnm:yakubali372739@outlook.com
yaminbin571@gmail.com:Zzxcvbnm:yaminbin57139@outlook.com
prinkacopra433@gmail.com:Zzxcvbnm:prinkacopra43339@outlook.com
yasminbin513@gmail.com:Zzxcvbnm:yasminbin51339@outlook.com
yasminbin069@gmail.com:Zzxcvbnm:yasminbin06939@outlook.com
lg9735195@gmail.com:Zzxcvbnm:lg973519539@outlook.com
hasanmiadacterd792@gmail.com:Aassddffgg:hasanmiadacterd79212@outlook.com
milonmiadacterd20@gmail.com:Aassddffgg:milonmiadacterd2012@outlook.com
dacterstanetakhatun@gmail.com:Aassddffgg:dacterstanetakhatun12@outlook.com
dactersfarukmia506@gmail.com:Aassddffgg:dactersfarukmia50612@outlook.com
kalmeaustona@gmail.com:Aassddffgg:kalmeaustona12@outlook.com
dactersgosime@gmail.com:Aassddffgg:dactersgosime12@outlook.com
dacterstatulmia@gmail.com:Aassddffgg:dacterstatulmia12@outlook.com
dactershasanmia582@gmail.com:Aassddffgg:dactershasanmia58212@outlook.com
dactershasanmia036@gmail.com:Aassddffgg:dactershasanmia03612@outlook.com
farukmiadscters42@gmail.com:Aassddffgg:farukmiadscters4212@outlook.com
suktaradacters@gmail.com:Aassddffgg:suktaradacters12@outlook.com
dactersserminkhatun@gmail.com:Aassddffgg:dactersserminkhatun12@outlook.com
taneiakhstun@gmail.com:Aassddffgg:taneiakhstun12@outlook.com
fdacters33@gmail.com:Aassddffgg:fdacters3312@outlook.com
taniakhatundacters0@gmail.com:Aassddffgg:taniakhatundacters012@outlook.com
tasleykhatun@gmail.com:Aassddffgg:tasleykhatun12@outlook.com
khatunkulponia@gmail.com:Aassddffgg:khatunkulponia12@outlook.com
hasanmiadacterd1@gmail.com:Aassddffgg:hasanmiadacterd112@outlook.com
hasanmiadacters09@gmail.com:Aassddffgg:hasanmiadacters0912@outlook.com
gosimemisdacterd@gmail.com:Aassddffgg:gosimemisdacterd12@outlook.com
taniakhatusdgsacx@gmail.com:Aassddffgg:taniakhatusdgsacx12@outlook.com
miagoseim@gmail.com:Aassddffgg:miagoseim12@outlook.com
lanhiadacter@gmail.com:Aassddffgg:lanhiadacter12@outlook.com
gosimmiadacterd@gmail.com:Aassddffgg:gosimmiadacterd12@outlook.com
hasanmiadacutr@gmail.com:Aassddffgg:hasanmiadacutr12@outlook.com
solemoleda@gmail.com:Aassddffgg:solemoleda12@outlook.com
sopedaneda@gmail.com:Aassddffgg:sopedaneda12@outlook.com
malahasde@gmail.com:Aassddffgg:malahasde12@outlook.com
molemakshud@gmail.com:Aassddffgg:molemakshud12@outlook.com
andonamole@gmail.com:Aassddffgg:andonamole12@outlook.com
taniakhatundacters7@gmail.com:Aassddffgg:taniakhatundacters712@outlook.com
hasanmiadacterd7@gmail.com:Aassddffgg:hasanmiadacterd712@outlook.com
alongerdacterd@gmail.com:Aassddffgg:alongerdacterd12@outlook.com
farukmadacters@gmail.com:Aassddffgg:farukmadacters12@outlook.com
hasanmisdacters680@gmail.com:Aassddffgg:hasanmisdacters68012@outlook.com
hasanmiadacters91@gmail.com:Aassddffgg:hasanmiadacters9112@outlook.com
farukmiadacters956@gmail.com:Aassddffgg:farukmiadacters95612@outlook.com
hasanmiadacters18@gmail.com:Aassddffgg:hasanmiadacters1812@outlook.com
farmersbutykhatun@gmail.com:Aassddffgg:farmersbutykhatun12@outlook.com
dactersfarukmia671@gmail.com:Aassddffgg:dactersfarukmia67112@outlook.com
dacterstaniakhatun13@gmail.com:Aassddffgg:dacterstaniakhatun1312@outlook.com
farmershunions@gmail.com:Aassddffgg:farmershunions12@outlook.com
hasanmiadactersd38@gmail.com:Aassddffgg:hasanmiadactersd3812@outlook.com
gosimemiadacters@gmail.com:Aassddffgg:gosimemiadacters12@outlook.com
farukmia456dg@gmail.com:Aassddffgg:farukmia456dg12@outlook.com
harunmiafarmers@gmail.com:Aassddffgg:harunmiafarmers12@outlook.com
taniakhatundacters327@gmail.com:Aassddffgg:taniakhatundacters32712@outlook.com
hasanmiadacters13@gmail.com:Aassddffgg:hasanmiadacters1312@outlook.com
taniakhatundavters@gmail.com:Aassddffgg:taniakhatundavters12@outlook.com
hdacters079@gmail.com:Aassddffgg:hdacters07912@outlook.com
dactershumions90@gmail.com:Aassddffgg:dactershumions9012@outlook.com
younsmasterddacters@gmail.com:Aassddffgg:younsmasterddacters12@outlook.com
salimedacters@gmail.com:Aassddffgg:salimedacters12@outlook.com
dactersfarukmia904@gmail.com:Aassddffgg:dactersfarukmia90412@outlook.com
serminkhatundacters@gmail.com:Aassddffgg:serminkhatundacters12@outlook.com
khatunsermin154@gmail.com:Aassddffgg:khatunsermin15412@outlook.com
vaduegameydacters@gmail.com:Aassddffgg:vaduegameydacters12@outlook.com
sermiankhatun@gmail.com:Aassddffgg:sermiankhatun12@outlook.com
dactershasanmia4@gmail.com:Aassddffgg:dactershasanmia412@outlook.com
farukmiadacterd47@gmail.com:Aassddffgg:farukmiadacterd4712@outlook.com
hasanmiadacters286@gmail.com:Aassddffgg:hasanmiadacters28612@outlook.com
vaduegmaydacters@gmail.com:Aassddffgg:vaduegmaydacters12@outlook.com
dacterstaniakha@gmail.com:Aassddffgg:dacterstaniakha12@outlook.com
taneiastudents@gmail.com:Aassddffgg:taneiastudents12@outlook.com
cadneykhatun91@gmail.com:Aassddffgg:cadneykhatun9112@outlook.com
humionsdactets@gmail.com:Aassddffgg:humionsdactets12@outlook.com
farkukbuty@gmail.com:Aassddffgg:farkukbuty12@outlook.com
biltonsdacters696@gmail.com:Aassddffgg:biltonsdacters69612@outlook.com
dactersfarukmia189@gmail.com:Aassddffgg:dactersfarukmia18912@outlook.com
farukmisdacters90@gmail.com:Aassddffgg:farukmisdacters9012@outlook.com
farukmisdacterd793@gmail.com:Aassddffgg:farukmisdacterd79312@outlook.com
sultiondacters@gmail.com:Aassddffgg:sultiondacters12@outlook.com
hasanmiadacterd4@gmail.com:Aassddffgg:hasanmiadacterd412@outlook.com
hdavterd@gmail.com:Aassddffgg:hdavterd12@outlook.com
dactersfarujmia@gmail.com:Aassddffgg:dactersfarujmia12@outlook.com
taneiakhatun73@gmail.com:Aassddffgg:taneiakhatun7312@outlook.com
farukmiafarmers76@gmail.com:Aassddffgg:farukmiafarmers7612@outlook.com
vaduemanikdhi@gmail.com:Aassddffgg:vaduemanikdhi12@outlook.com
khatuntaneia9@gmail.com:Aassddffgg:khatuntaneia912@outlook.com
gdacters@gmail.com:Aassddffgg:gdacters12@outlook.com
biltonsdscyers@gmail.com:Aassddffgg:biltonsdscyers12@outlook.com
dacterdt@gmail.com:Aassddffgg:dacterdt12@outlook.com
hasanmiadacters040@gmail.com:Aassddffgg:hasanmiadacters04012@outlook.com
younousmasters@gmail.com:Aassddffgg:younousmasters12@outlook.com
taniakhatundacters30@gmail.com:Aassddffgg:taniakhatundacters3012@outlook.com
zr88538@gmail.com:Aassddffgg:zr8853812@outlook.com
farukhfdsatuykiney@gmail.com:Aassddffgg:farukhfdsatuykiney12@outlook.com
dactersfarukmia617@gmail.com:Aassddffgg:dactersfarukmia61712@outlook.com
stersfarukmia@gmail.com:Aassddffgg:stersfarukmia12@outlook.com
dactersratunmia@gmail.com:Aassddffgg:dactersratunmia12@outlook.com
humionsmia@gmail.com:Aassddffgg:humionsmia12@outlook.com
farukmiadacterd818@gmail.com:Aassddffgg:farukmiadacterd81812@outlook.com
khatuntaneia005@gmail.com:Aassddffgg:khatuntaneia00512@outlook.com
taneiakhatun056@gmail.com:Aassddffgg:taneiakhatun05612@outlook.com
milonmiadacters82@gmail.com:Aassddffgg:milonmiadacters8212@outlook.com
milonsmiadacters19@gmail.com:Aassddffgg:milonsmiadacters1912@outlook.com
dacterdfarukmia26@gmail.com:Aassddffgg:dacterdfarukmia2612@outlook.com
biltonsdacters808@gmail.com:Aassddffgg:biltonsdacters80812@outlook.com
klmalmiadacter@gmail.com:Aassddffgg:klmalmiadacter12@outlook.com
manilklamers@gmail.com:Aassddffgg:manilklamers12@outlook.com
gasanmiadacters@gmail.com:Aassddffgg:gasanmiadacters12@outlook.com
humionsdacters897@gmail.com:Aassddffgg:humionsdacters89712@outlook.com
gosimeniadacters@gmail.com:Aassddffgg:gosimeniadacters12@outlook.com
slimedacters@gmail.com:Aassddffgg:slimedacters12@outlook.com
dactershasanmia299@gmail.com:Aassddffgg:dactershasanmia29912@outlook.com
dactersslime@gmail.com:Aassddffgg:dactersslime12@outlook.com
taniakhatun234fd@gmail.com:Aassddffgg:taniakhatun234fd12@outlook.com
gosimedacters@gmail.com:Aassddffgg:gosimedacters12@outlook.com
dactersf235@gmail.com:Aassddffgg:dactersf23512@outlook.com
sultionsd@gmail.com:Aassddffgg:sultionsd12@outlook.com
fardinfarukmia@gmail.com:Aassddffgg:fardinfarukmia12@outlook.com
taniakhatundacters288@gmail.com:Aassddffgg:taniakhatundacters28812@outlook.com
dgosimemia@gmail.com:Aassddffgg:dgosimemia12@outlook.com
dactershurunmia@gmail.com:Aassddffgg:dactershurunmia12@outlook.com
dfsrukmia@gmail.com:Aassddffgg:dfsrukmia12@outlook.com
milonesdacters@gmail.com:Aassddffgg:milonesdacters12@outlook.com
bilalmiadscterd@gmail.com:Aassddffgg:bilalmiadscterd12@outlook.com
sultionsdacters58@gmail.com:Aassddffgg:sultionsdacters5812@outlook.com
sslimdacterd@gmail.com:Aassddffgg:sslimdacterd12@outlook.com
hasanmiadacters900@gmail.com:Aassddffgg:hasanmiadacters90012@outlook.com
milonsmiadacters18@gmail.com:Aassddffgg:milonsmiadacters1812@outlook.com
farukmiadacters130@gmail.com:Aassddffgg:farukmiadacters13012@outlook.com
dacterssalime102@gmail.com:Aassddffgg:dacterssalime10212@outlook.com
farukmisdacterd212@gmail.com:Aassddffgg:farukmisdacterd21212@outlook.com
dactersf861@gmail.com:Aassddffgg:dactersf86112@outlook.com
dactersfarukmia0@gmail.com:Aassddffgg:dactersfarukmia012@outlook.com
dactersharunmia7@gmail.com:Aassddffgg:dactersharunmia712@outlook.com
dacterstarakulmia@gmail.com:Aassddffgg:dacterstarakulmia12@outlook.com
dactersfarukmia906@gmail.com:Aassddffgg:dactersfarukmia90612@outlook.com
harunmiafaruk@gmail.com:Aassddffgg:harunmiafaruk12@outlook.com
farukmiadacters59@gmail.com:Aassddffgg:farukmiadacters5912@outlook.com
harunmiadactersd16@gmail.com:Aassddffgg:harunmiadactersd1612@outlook.com
dactershasanmia042@gmail.com:Aassddffgg:dactershasanmia04212@outlook.com
rokymiadactersd@gmail.com:Aassddffgg:rokymiadactersd12@outlook.com
fdacters970@gmail.com:Aassddffgg:fdacters97012@outlook.com
hasanmiafactersd@gmail.com:Aassddffgg:hasanmiafactersd12@outlook.com
dactersfarukmia495@gmail.com:Aassddffgg:dactersfarukmia49512@outlook.com
farukmiadacters106@gmail.com:Aassddffgg:farukmiadacters10612@outlook.com
milonsmiadacters0@gmail.com:Aassddffgg:milonsmiadacters012@outlook.com
dactersfarukmia607@gmail.com:Aassddffgg:dactersfarukmia60712@outlook.com
dactershumions174@gmail.com:Aassddffgg:dactershumions17412@outlook.com
hasanmiadacters94@gmail.com:Aassddffgg:hasanmiadacters9412@outlook.com
dactersgselimes@gmail.com:Aassddffgg:dactersgselimes12@outlook.com
haxsunnya@gmail.com:Aassddffgg:haxsunnya31@outlook.com
wellwillham@gmail.com:Aassddffgg:wellwillham31@outlook.com
monicradaamax54@gmail.com:Aassddffgg:monicradaamax5431@outlook.com
karenkobita72@gmail.com:Aassddffgg:karenkobita7231@outlook.com
kasdaliya@gmail.com:Aassddffgg:kasdaliya31@outlook.com
muniaanan9@gmail.com:Aassddffgg:muniaanan931@outlook.com
sadiasunha@gmail.com:Aassddffgg:sadiasunha31@outlook.com
sadasazi44@gmail.com:Aassddffgg:sadasazi4431@outlook.com
suhahaxfam@gmail.com:Aassddffgg:suhahaxfam31@outlook.com
sezasamin@gmail.com:Aassddffgg:sezasamin31@outlook.com
haxdiamolha@gmail.com:Aassddffgg:haxdiamolha31@outlook.com
sigalexda@gmail.com:Aassddffgg:sigalexda31@outlook.com
monigaloya@gmail.com:Aassddffgg:monigaloya31@outlook.com
hafakaya1@gmail.com:Aassddffgg:hafakaya131@outlook.com
timanhax@gmail.com:Aassddffgg:timanhax31@outlook.com
zamasadia067@gmail.com:Aassddffgg:zamasadia06731@outlook.com
gazalexda@gmail.com:Aassddffgg:gazalexda31@outlook.com
olibaeman@gmail.com:Aassddffgg:olibaeman31@outlook.com
willyadaxda@gmail.com:Aassddffgg:willyadaxda31@outlook.com
hazumwadia@gmail.com:Aassddffgg:hazumwadia31@outlook.com
nazadahia@gmail.com:Aassddffgg:nazadahia31@outlook.com
liyaniniza@gmail.com:Aassddffgg:liyaniniza31@outlook.com
cardazax@gmail.com:Aassddffgg:cardazax31@outlook.com
taitahax@gmail.com:Aassddffgg:taitahax31@outlook.com
daxsasuta@gmail.com:Aassddffgg:daxsasuta31@outlook.com
nancityhaliman@gmail.com:Aassddffgg:nancityhaliman31@outlook.com
samiasadia925@gmail.com:Aassddffgg:samiasadia92531@outlook.com
willhiamoniha@gmail.com:Aassddffgg:willhiamoniha31@outlook.com
lojimparvena@gmail.com:Aassddffgg:lojimparvena31@outlook.com
manmukta63@gmail.com:Aassddffgg:manmukta6331@outlook.com
allomanasman@gmail.com:Aassddffgg:allomanasman31@outlook.com
monijapada@gmail.com:Aassddffgg:monijapada31@outlook.com
mahamoniya@gmail.com:Aassddffgg:mahamoniya31@outlook.com
emankiman7@gmail.com:Aassddffgg:emankiman731@outlook.com
ektamakiha@gmail.com:Aassddffgg:ektamakiha31@outlook.com
kihahaxda@gmail.com:Aassddffgg:kihahaxda31@outlook.com
olibahada@gmail.com:Aassddffgg:olibahada31@outlook.com
aillgax6@gmail.com:Aassddffgg:aillgax631@outlook.com
samsulsada3@gmail.com:Aassddffgg:samsulsada331@outlook.com
haxzaziman@gmail.com:Aassddffgg:haxzaziman31@outlook.com
rabbyaroy@gmail.com:Aassddffgg:rabbyaroy31@outlook.com
haxfafarda@gmail.com:Aassddffgg:haxfafarda31@outlook.com
kazmqnkoha@gmail.com:Aassddffgg:kazmqnkoha31@outlook.com
hadiarony9@gmail.com:Aassddffgg:hadiarony931@outlook.com
sovadoha2@gmail.com:Aassddffgg:sovadoha231@outlook.com
maxwellhada91@gmail.com:Aassddffgg:maxwellhada9131@outlook.com
dakyaolipam@gmail.com:Aassddffgg:dakyaolipam31@outlook.com
gadiahaxga@gmail.com:Aassddffgg:gadiahaxga31@outlook.com
monibaanna@gmail.com:Aassddffgg:monibaanna31@outlook.com
nisdagadia@gmail.com:Aassddffgg:nisdagadia31@outlook.com
