mannakhane1@gmail.com:sagor1234:mannakhane125@outlook.com
uddineshobuj@gmail.com:sagor1234:uddineshobuj25@outlook.com
mustofausdine@gmail.com:sagor1234:mustofausdine25@outlook.com
jinnatuddine75@gmail.com:sagor1234:jinnatuddine7525@outlook.com
uddineriaz751@gmail.com:sagor1234:uddineriaz75125@outlook.com
sabbirhosenea@gmail.com:sagor1234:sabbirhosenea25@outlook.com
nadiyauasee@gmail.com:sagor1234:nadiyauasee25@outlook.com
khaneeprema@gmail.com:sagor1234:khaneeprema25@outlook.com
uddinemamun99@gmail.com:sagor1234:uddinemamun9925@outlook.com
udinetutase@gmail.com:sagor1234:udinetutase25@outlook.com
hasedulkope@gmail.com:sagor1234:hasedulkope25@outlook.com
haderubasee@gmail.com:sagor1234:haderubasee25@outlook.com
monerasume29@gmail.com:sagor1234:monerasume2925@outlook.com
uddinebadsha77@gmail.com:sagor1234:uddinebadsha7725@outlook.com
udaebasefa@gmail.com:sagor1234:udaebasefa25@outlook.com
montuuddine@gmail.com:sagor1234:montuuddine25@outlook.com
kaishauddine@gmail.com:sagor1234:kaishauddine25@outlook.com
monersale4@gmail.com:sagor1234:monersale425@outlook.com
vagetadasew@gmail.com:sagor1234:vagetadasew25@outlook.com
ershaduddine@gmail.com:sagor1234:ershaduddine25@outlook.com
